,Producto,Marca,Precio,Tienda,Fecha,Medidas,Material,Cantidad,Venta agrupada
0,MACETERO 14 CM BOHO NATURAL OUTZEN,OUTZEN,3493,Easy,04-03-2026,14CM,DESCONOCIDO,1,0
1,MACETERO S COLOMBA OUTZEN,OUTZEN,14990,Easy,04-03-2026,S,DESCONOCIDO,1,0
2,MACETERO ENLOZADO BLANCO 14X12X12 CM,DECOGREEN,6990,Easy,04-03-2026,14X12X12,DESCONOCIDO,1,0
3,MACETERO 18 CM PIEDRA BLANCO REYPLAST,REYPLAST,2990,Easy,04-03-2026,18CM,DESCONOCIDO,1,0
4,MACETERO 33 CM PIEDRA TAUPE REYPLAST,REYPLAST,9990,Easy,04-03-2026,33CM,DESCONOCIDO,1,0
5,MACETERO HAZEL MARRON OUTZEN,OUTZEN,6993,Easy,04-03-2026,SIN MEDIDAS,DESCONOCIDO,1,0
6,MACETERO 11.5 CM HANOVER MOSTAZA JAPI,JAPI,2598,Easy,04-03-2026,11.5CM,DESCONOCIDO,1,0
7,MACETA BILLIE BLANCO 44.45 CM,OUTZEN,8393,Easy,04-03-2026,44.45CM,DESCONOCIDO,1,0
8,MACETERO ESTILO PIEDRA AZUL ACERO 17X16.7X17 CM,REYPLAST,2990,Easy,04-03-2026,17X16.7X17,METAL,1,0
9,MACETERO 33 CM RUSTIC ROUND PLANTER IV JAPI,JAPI,19990,Easy,04-03-2026,33CM,DESCONOCIDO,1,0
10,MACETERO HAZEL CRUDO OUTZEN,OUTZEN,6993,Easy,04-03-2026,SIN MEDIDAS,DESCONOCIDO,1,0
11,MACETERO 33 CM PIEDRA BLANCO REYPLAST,REYPLAST,9990,Easy,04-03-2026,33CM,DESCONOCIDO,1,0
12,MACETA OLEANDER ECRUE 15 CM,OUTZEN,2990,Easy,04-03-2026,15CM,DESCONOCIDO,1,0
13,MACETERO 57 CM RUSTIC ROUND PLANTER VI JAPI.,JAPI,49990,Easy,04-03-2026,57CM,DESCONOCIDO,1,0
14,MACETA OLEANDER VERDE 15 CM,OUTZEN,2990,Easy,04-03-2026,15CM,DESCONOCIDO,1,0
15,MACETA BILLIE GRIS 28.6 CM,OUTZEN,2793,Easy,04-03-2026,28.6CM,DESCONOCIDO,1,0
16,MACETA BASE MADERA OCRE 21 CM,OUTZEN,6993,Easy,04-03-2026,21CM,NATURAL,1,0
17,MACETERO L BASIC BLANCO OUTZEN,OUTZEN,10493,Easy,04-03-2026,L,DESCONOCIDO,1,0
18,MACETERO M COLOMBA OUTZEN,OUTZEN,24990,Easy,04-03-2026,M,DESCONOCIDO,1,0
19,MACETERO 20 CM S CANASTO NATURAL OUTZEN,OUTZEN,4193,Easy,04-03-2026,20CM,DESCONOCIDO,1,0
20,MACETA BILLIE BLANCO 28.6 CM,OUTZEN,2793,Easy,04-03-2026,28.6CM,DESCONOCIDO,1,0
21,MACETERO 18 CM CAPRI ANTRACITA OUTZEN,OUTZEN,2093,Easy,04-03-2026,18CM,DESCONOCIDO,1,0
22,MACETERO CILINDRO GRAFITO CON PLATO DORADO L 18X18 CM,DECOGREEN,7794,Easy,04-03-2026,18X18,DESCONOCIDO,1,0
23,MACETERO HAZEL GRIS CLARO OUTZEN,OUTZEN,6993,Easy,04-03-2026,SIN MEDIDAS,DESCONOCIDO,1,0
24,MACETERO S BASIC JADE OUTZEN,OUTZEN,4893,Easy,04-03-2026,S,DESCONOCIDO,1,0
25,MACETERO 28 CM BOHO NATURAL OUTZEN,OUTZEN,10493,Easy,04-03-2026,28CM,DESCONOCIDO,1,0
26,MACETA OLEANDER RUSTED 15 CM,OUTZEN,2990,Easy,04-03-2026,15CM,DESCONOCIDO,1,0
27,MACETERO 33 CM RUSTIC ROUND PLANTER I JAPI,JAPI,19990,Easy,04-03-2026,33CM,DESCONOCIDO,1,0
28,MACETERO 33 CM RATAN MARRON REYPLAST,REYPLAST,8980,Easy,04-03-2026,33CM,NATURAL,1,0
29,MACETA BASE MADERA VERDE 21 CM,GENERICO,6993,Easy,04-03-2026,21CM,NATURAL,1,0
30,MACETA 34.5 CM FIBER CLAY CLOUD,OUTZEN,16990,Easy,04-03-2026,34.5CM,CEMENTICIO,1,0
31,MACETA BARRIL ARCE 20.6 CM,OUTZEN,2793,Easy,04-03-2026,20.6CM,DESCONOCIDO,1,0
32,MACETA BILLIE GRIS 44.45 CM,OUTZEN,8393,Easy,04-03-2026,44.45CM,DESCONOCIDO,1,0
33,MACETERO CILINDRO GRAFITO CON PLATO DORADO M 15X15 CM,DECOGREEN,6594,Easy,04-03-2026,15X15,DESCONOCIDO,1,0
34,MACETA BOCAYA BEIGE 46 CM,OUTZEN,35693,Easy,04-03-2026,46CM,DESCONOCIDO,1,0
35,MACETERO CILINDRO CEMENTO CON PEDESTAL BAMBOO 25X19 CM,DECOGREEN,5394,Easy,04-03-2026,25X19,CEMENTICIO,1,0
36,MACETA OLEANDER ECRU 19 CM,OUTZEN,4990,Easy,04-03-2026,19CM,DESCONOCIDO,1,0
37,MACETERO 45 CM RUSTIC ROUND PLANTER II JAPI,JAPI,39990,Easy,04-03-2026,45CM,DESCONOCIDO,1,0
38,MACETERO S BASIC GRIS OUTZEN,OUTZEN,4893,Easy,04-03-2026,S,DESCONOCIDO,1,0
39,MACETERO 32.5 CM XL CANASTO NATURAL OUTZEN,OUTZEN,8393,Easy,04-03-2026,32.5CM,DESCONOCIDO,1,0
40,MACETERO 18 CM ESTILO PIEDRA GREEN TERRA,REYPLAST,2990,Easy,04-03-2026,18CM,DESCONOCIDO,1,0
41,MACETERO CILINDRO TERRACOTA CON PEDESTAL BAMBOO 25X19 CM,DECOGREEN,6990,Easy,04-03-2026,25X19,DESCONOCIDO,1,0
42,MACETERO 55 CM FLUTE TALL PLANTER IV JAPI.,JAPI,49990,Easy,04-03-2026,55CM,DESCONOCIDO,1,0
43,MACETA 29 CM FIBER CLAY PUMPKIN,OUTZEN,12990,Easy,04-03-2026,29CM,CEMENTICIO,1,0
44,MACETERO CILINDRO VERDE MUSGO CON PLATO DORADO M 15X15 CM,DECOGREEN,6990,Easy,04-03-2026,15X15,DESCONOCIDO,1,0
45,MACETERO BIODEGRADABLE BAMBOO CUADRADO BLANCO 13.3X13.3X12.4 CM,DECOGREEN,2590,Easy,04-03-2026,13.3X13.3X12.4,DESCONOCIDO,1,0
46,SET 3 MACETEROS PIZARRA + BANDEJA CREMA,DECOGREEN,6990,Easy,04-03-2026,SIN MEDIDAS,DESCONOCIDO,3,1
47,MACETA STRIPES AZUL 20 CM,OUTZEN,6993,Easy,04-03-2026,20CM,DESCONOCIDO,1,0
48,MACETERO 45 CM RUSTIC ROUND PLANTER XI JAPI,JAPI,19990,Easy,04-03-2026,45CM,DESCONOCIDO,1,0
49,MACETA MURCIA 50 CM,OUTZEN,20993,Easy,04-03-2026,50CM,DESCONOCIDO,1,0
50,MACETA AZUL 16 CM,OUTZEN,6993,Easy,04-03-2026,16CM,DESCONOCIDO,1,0
51,MACETERO 16 CM PIEDRA TAUPE REYPLAST.,REYPLAST,2990,Easy,04-03-2026,16CM,DESCONOCIDO,1,0
52,MACETA CERAMICA ALINE XL GLOSSY AZUL,OUTZEN,13993,Easy,04-03-2026,XL,CERAMICA,1,0
53,MACETA VERDE 16 CM,OUTZEN,6993,Easy,04-03-2026,16CM,DESCONOCIDO,1,0
54,MACETERO 20 CM BOHO NATURAL OUTZEN,OUTZEN,6993,Easy,04-03-2026,20CM,DESCONOCIDO,1,0
55,MACETERO S BASIC BLANCO OUTZEN,OUTZEN,4893,Easy,04-03-2026,S,DESCONOCIDO,1,0
56,MACETERO 14 CM CAPRI ANTRACITA OUTZEN,OUTZEN,1043,Easy,04-03-2026,14CM,DESCONOCIDO,1,0
57,MACETA OLEANDER BLUE 15 CM,OUTZEN,2990,Easy,04-03-2026,15CM,DESCONOCIDO,1,0
58,MACETA TORTUGA 11X23X15.3 CM,OUTZEN,5593,Easy,04-03-2026,11X23X15.3,DESCONOCIDO,1,0
59,MACETERO ENLOZADO BLANCO 20X18X18 CM,DECOGREEN,12990,Easy,04-03-2026,20X18X18,DESCONOCIDO,1,0
60,PLATO PARA MACETERO 15 CM PIEDRA BLANCO,REYPLAST,790,Easy,04-03-2026,15CM,DESCONOCIDO,1,0
61,SET MACETERO ENLOZADO AZUL S+M,DECOGREEN,25990,Easy,04-03-2026,S,DESCONOCIDO,1,0
62,MACETA LORCA 21 CM,OUTZEN,6993,Easy,04-03-2026,21CM,DESCONOCIDO,1,0
63,MACETA RUSTIC CASK 55 CM SANDSTONE,JAPI,69990,Easy,04-03-2026,55CM,DESCONOCIDO,1,0
64,MACETA BILLIE BLANCO 38.6 CM,OUTZEN,6293,Easy,04-03-2026,38.6CM,DESCONOCIDO,1,0
65,MACETERO L BASIC JADE OUTZEN,OUTZEN,10493,Easy,04-03-2026,L,DESCONOCIDO,1,0
66,MACETA OVIEDO GRIS 40 CM,OUTZEN,27993,Easy,04-03-2026,40CM,DESCONOCIDO,1,0
67,MACETA OLEANDER NEGRO 19 CM,OUTZEN,4990,Easy,04-03-2026,19CM,DESCONOCIDO,1,0
68,MACETERO METALICO BLANCO 12X24X10 CM,DECOGREEN,4194,Easy,04-03-2026,12X24X10,METAL,1,0
69,MACETERO CON PLATO BIODEGRADABLE BAMBOO CUADRADO BLANCO 12.4X13.3X13.3 CM,DECOGREEN,3990,Easy,04-03-2026,12.4X13.3X13.3,DESCONOCIDO,1,0
70,MACETA RUSTIC ROUND 33 CM CHARCOAL,JAPI,19990,Easy,04-03-2026,33CM,DESCONOCIDO,1,0
71,MACETERO CON PLATO BIODEGRADABLE BAMBOO CUADRADO AMARILLO 12.4X13.3X13.3 CM,DECOGREEN,3990,Easy,04-03-2026,12.4X13.3X13.3,DESCONOCIDO,1,0
72,MACETA LOFT GRIS OSCURO 17 CM,OUTZEN,4193,Easy,04-03-2026,17CM,DESCONOCIDO,1,0
73,PORTA MACETA COLGANTE 15 CM ROOTS,OUTZEN,2793,Easy,04-03-2026,15CM,DESCONOCIDO,1,0
74,MACETERO ENLOZADO MOSTAZA 17X15X15 CM,DECOGREEN,9990,Easy,04-03-2026,17X15X15,DESCONOCIDO,1,0
75,MACETA BARRIL ARCE 31.03 CM,OUTZEN,4893,Easy,04-03-2026,31.03CM,DESCONOCIDO,1,0
76,MACETERO 57 CM RUSTIC ROUND PLANTER III JAPI.,JAPI,49990,Easy,04-03-2026,57CM,DESCONOCIDO,1,0
77,MACETA PERRO DORMIDO 18X45X25 CM,OUTZEN,13993,Easy,04-03-2026,18X45X25,DESCONOCIDO,1,0
78,MACETA HUDSON ANTIQUE BASALT 33.02 CM,OUTZEN,6993,Easy,04-03-2026,33.02CM,DESCONOCIDO,1,0
79,MACETA BOCAYA 46 CM,OUTZEN,35693,Easy,04-03-2026,46CM,DESCONOCIDO,1,0
80,MACETA PAMPLONA 75X48 CM,OUTZEN,48993,Easy,04-03-2026,75X48,DESCONOCIDO,1,0
81,MACETA TALLA L CANASTO BASE BUKAN OUTZEN,OUTZEN,17493,Easy,04-03-2026,L,DESCONOCIDO,1,0
82,MACETERO L CILINDRO CEMENTO DECOGREEN,DECOGREEN,9990,Easy,04-03-2026,L,CEMENTICIO,1,0
83,MACETERO 16.8 CM HANOVER MOSTAZA JAPI,JAPI,5098,Easy,04-03-2026,16.8CM,DESCONOCIDO,1,0
84,MACETERO PERRO OUTZEN,OUTZEN,20993,Easy,04-03-2026,SIN MEDIDAS,DESCONOCIDO,1,0
85,MACETERO CILINDRO VERDE MUSGO CON PLATO DORADO S 13X13 CM,DECOGREEN,4990,Easy,04-03-2026,13X13,DESCONOCIDO,1,0
86,MACETERO CILINDRO TERRACOTA 3 PIEZAS DECOGREEN,DECOGREEN,29990,Easy,04-03-2026,SIN MEDIDAS,DESCONOCIDO,1,0
87,MACETA CERAMICA ELAINE L MOSTAZA,OUTZEN,6990,Easy,04-03-2026,L,CERAMICA,1,0
88,MACETERO CILINDRO CEMENTO 3 PIEZAS DECOGREEN,DECOGREEN,29990,Easy,04-03-2026,SIN MEDIDAS,CEMENTICIO,1,0
89,MACETERO ENLOZADO MOSTAZA 14X12X12 CM,DECOGREEN,6990,Easy,04-03-2026,14X12X12,DESCONOCIDO,1,0
90,MACETA PORTER COTTON 16.6 CM,OUTZEN,2793,Easy,04-03-2026,16.6CM,DESCONOCIDO,1,0
91,MACETERO HOJA TEXTURA CEMENTO 13.5X13 CM,DECOGREEN,4990,Easy,04-03-2026,13.5X13,CEMENTICIO,1,0
92,MACETERO 16 CM CAPRI ANTRACITA OUTZEN,OUTZEN,1393,Easy,04-03-2026,16CM,DESCONOCIDO,1,0
93,MACETA HERA 22X30 CM,OUTZEN,13993,Easy,04-03-2026,22X30,DESCONOCIDO,1,0
94,MACETA COATI VERDE 15.8 CM,OUTZEN,3493,Easy,04-03-2026,15.8CM,DESCONOCIDO,1,0
95,MACETERO COLGANTE XL 35 CM NEGRO,DECOGREEN,5994,Easy,04-03-2026,35CM,DESCONOCIDO,1,0
96,MACETA AGAVE 12X14 CM,OUTZEN,3493,Easy,04-03-2026,12X14,DESCONOCIDO,1,0
97,MACETERO CON PLATO BIODEGRADABLE BAMBOO CURVO BLANCO 13X16.5X16.5 CM,DECOGREEN,4990,Easy,04-03-2026,13X16.5X16.5,DESCONOCIDO,1,0
98,MACETERO BIODEGRADABLE BAMBOO BLANCO 24X24X18 CM,DECOGREEN,6990,Easy,04-03-2026,24X24X18,DESCONOCIDO,1,0
99,MACETERO 24 CM M CANASTO NATURAL OUTZEN,OUTZEN,5593,Easy,04-03-2026,24CM,DESCONOCIDO,1,0
100,MACETERO N10 TAUPE 28 CM,REYPLAST,3990,Easy,04-03-2026,28CM,DESCONOCIDO,1,0
101,MACETERO M BASIC BLANCO OUTZEN,OUTZEN,8393,Easy,04-03-2026,M,DESCONOCIDO,1,0
102,MACETERO 14 CM CAPRI BLANCO OUTZEN,OUTZEN,1043,Easy,04-03-2026,14CM,DESCONOCIDO,1,0
103,MACETA BOCAYA BEIGE 28 CM,OUTZEN,18193,Easy,04-03-2026,28CM,DESCONOCIDO,1,0
104,MACETA COATI MOSTAZA 15.8 CM,OUTZEN,3493,Easy,04-03-2026,15.8CM,DESCONOCIDO,1,0
105,MACETA COLGAR C 16.5 CM,OUTZEN,5593,Easy,04-03-2026,16.5CM,DESCONOCIDO,1,0
106,MACETA MANOS 6.8X14.5X13.5 CM,OUTZEN,3493,Easy,04-03-2026,6.8X14.5X13.5,DESCONOCIDO,1,0
107,TIERRA PARA MACETERO 6 LITROS NATURAL,ARMONY,1890,Easy,04-03-2026,6L,DESCONOCIDO,1,0
108,MACETA LOFT BLANCO 17 CM,OUTZEN,4193,Easy,04-03-2026,17CM,DESCONOCIDO,1,0
109,MACETA D1 AJOLOTE 12 CM,OUTZEN,4990,Easy,04-03-2026,12CM,DESCONOCIDO,1,0
110,SOPORTE MACETA DOBLE NEGRO OUTZEN,OUTZEN,13993,Easy,04-03-2026,SIN MEDIDAS,DESCONOCIDO,1,0
111,MACETA FACE 37X37X33 CM,OUTZEN,20993,Easy,04-03-2026,37X37X33,DESCONOCIDO,1,0
112,MACETA CERAMICA XL ALINE GLOSSY BLANCO,OUTZEN,13993,Easy,04-03-2026,XL,CERAMICA,1,0
113,MACETERO M CILINDRO TERRACOTA DECOGREEN,DECOGREEN,6990,Easy,04-03-2026,M,DESCONOCIDO,1,0
114,PLATO MACETA REDONDO DK-G4 CAFE REYPLAST,REYPLAST,190,Easy,04-03-2026,SIN MEDIDAS,DESCONOCIDO,1,0
115,MACETA AUTORREGANTE STONE GRAFITO 40 CM,OUTZEN,34993,Easy,04-03-2026,40CM,DESCONOCIDO,1,0
116,MACETA AUTORREGANTE STONE BEIGE 33 CM,OUTZEN,27993,Easy,04-03-2026,33CM,DESCONOCIDO,1,0
117,PLATO PARA MACETERO 30 CM PIEDRA BLANCO,REYPLAST,1990,Easy,04-03-2026,30CM,DESCONOCIDO,1,0
118,MACETERO 24 CM BUDA OUTZEN,OUTZEN,17493,Easy,04-03-2026,24CM,DESCONOCIDO,1,0
119,MACETERO 18 CM RATAN MARRON REYPLAST,REYPLAST,2980,Easy,04-03-2026,18CM,NATURAL,1,0
120,MACETA BILLIE BLANCO 30.26 CM,OUTZEN,6993,Easy,04-03-2026,30.26CM,DESCONOCIDO,1,0
121,MACETERO 20 CM CAPRI TAUPE OUTZEN,OUTZEN,2793,Easy,04-03-2026,20CM,DESCONOCIDO,1,0
122,MACETERO 20 CM CAPRI BLANCO OUTZEN,OUTZEN,2793,Easy,04-03-2026,20CM,DESCONOCIDO,1,0
123,MACETERO ENLOZADO MOSTAZA 20X18X18 CM,DECOGREEN,12990,Easy,04-03-2026,20X18X18,DESCONOCIDO,1,0
124,MACETERO 14 CM CAPRI TAUPE OUTZEN,ARTEVASI,1043,Easy,04-03-2026,14CM,DESCONOCIDO,1,0
125,MACETERO DURA KOTTA Ndeg 4 ROSA TERRA 9.1X11.5 CM,REYPLAST,490,Easy,04-03-2026,9.1X11.5,DESCONOCIDO,1,0
126,MACETERO AUTOR REGANTE CHONO NEGRO 28X27 CM,PLANT ME,49990,Easy,04-03-2026,28X27,DESCONOCIDO,1,0
127,MACETERO ROMBO TEXTURA CEMENTO 13.5X13 CM,DECOGREEN,4194,Easy,04-03-2026,13.5X13,CEMENTICIO,1,0
128,MACETA BASE MADERA GRIS 21 CM,GENERICO,6993,Easy,04-03-2026,21CM,NATURAL,1,0
129,MACETERO RUSTICO CASK GRIS OSCURO 47X44 CM,JAPI,44990,Easy,04-03-2026,47X44,DESCONOCIDO,1,0
130,MACETERO ENLOZADO BLANCO 17X15X15 CM,DECOGREEN,9990,Easy,04-03-2026,17X15X15,DESCONOCIDO,1,0
131,MACETA TERUEL 16 CM,OUTZEN,10493,Easy,04-03-2026,16CM,DESCONOCIDO,1,0
132,MACETA 24 CM FIBER CLAY CLOUD,OUTZEN,12990,Easy,04-03-2026,24CM,CEMENTICIO,1,0
133,MACETA ROJO 16 CM,OUTZEN,6993,Easy,04-03-2026,16CM,DESCONOCIDO,1,0
134,MACETA AUTORREGANTE STONE BEIGE 40 CM,OUTZEN,34993,Easy,04-03-2026,40CM,DESCONOCIDO,1,0
135,MACETERO CON PLATO BIODEGRADABLE BAMBOO CUADRADO ROSADO 12.4X13.3X13.3 CM,DECOGREEN,3990,Easy,04-03-2026,12.4X13.3X13.3,DESCONOCIDO,1,0
136,MACETA D2 AJOLOTE 12 CM,OUTZEN,4990,Easy,04-03-2026,12CM,DESCONOCIDO,1,0
137,MACETA VIGO 32 CM,OUTZEN,20993,Easy,04-03-2026,32CM,DESCONOCIDO,1,0
138,MACETA LECCE 77X37X37 CM,OUTZEN,48993,Easy,04-03-2026,77X37X37,DESCONOCIDO,1,0
139,MACETA URBINO 37.5X80X37 CM,OUTZEN,41993,Easy,04-03-2026,37.5X80X37,DESCONOCIDO,1,0
140,MACETA TERUEL 49 CM,OUTZEN,34993,Easy,04-03-2026,49CM,DESCONOCIDO,1,0
141,MACETA ARCADIOS 16 CM,OUTZEN,5593,Easy,04-03-2026,16CM,DESCONOCIDO,1,0
142,MACETERO L BASIC GRIS,OUTZEN,10493,Easy,04-03-2026,L,DESCONOCIDO,1,0
143,MACETERO 24 CM ACTUAL NEGRO,DECOGREEN,6990,Easy,04-03-2026,24CM,DESCONOCIDO,1,0
144,PORTA MACETA COLGANTE 20 CM ROOTS,OUTZEN,3493,Easy,04-03-2026,20CM,DESCONOCIDO,1,0
145,MACETA ARTEMIS BOWL BLANCO 21 CM,OUTZEN,19990,Easy,04-03-2026,21CM,DESCONOCIDO,1,0
146,MACETA M BLUE ASSO 22 CM,OUTZEN,5593,Easy,04-03-2026,22CM,DESCONOCIDO,1,0
147,MACETERO 20 CM CAPRI ANTRACITA OUTZEN,OUTZEN,2793,Easy,04-03-2026,20CM,DESCONOCIDO,1,0
148,MACETA EMBOSS PERFIL BLANCO 17 CM,OUTZEN,4893,Easy,04-03-2026,17CM,DESCONOCIDO,1,0
149,MACETERO 57 CM ESSENTIAL PLANTER I JAPI,JAPI,49990,Easy,04-03-2026,57CM,DESCONOCIDO,1,0
150,SET 2 MACETEROS + BANDEJA CREMA,DECOGREEN,6398,Easy,04-03-2026,SIN MEDIDAS,DESCONOCIDO,2,1
151,MACETA BILLIE VERDE 28.6 CM,OUTZEN,2793,Easy,04-03-2026,28.6CM,DESCONOCIDO,1,0
152,PLATO PARA MACETERO 22 CM PIEDRA BLANCO,REYPLAST,1290,Easy,04-03-2026,22CM,DESCONOCIDO,1,0
153,MACETERO AMALFI BEIGE 36X30 CM,PLANT ME,29990,Easy,04-03-2026,36X30,DESCONOCIDO,1,0
154,MACETA SARAMANGO BOWL NATURAL 31 CM,OUTZEN,11893,Easy,04-03-2026,31CM,DESCONOCIDO,1,0
155,MACETA RUSTIC CASK 44 CM CHARCOAL,JAPI,44990,Easy,04-03-2026,44CM,DESCONOCIDO,1,0
156,MACETERO CON PLATO CILINDRO CEMENTO 13X13X13 CM,DECOGREEN,5990,Easy,04-03-2026,13X13X13,CEMENTICIO,1,0
157,PORTA MACETA RATAN 32 CM,OUTZEN,13993,Easy,04-03-2026,32CM,NATURAL,1,0
158,MACETERO 25 CM RATAN MARRON REYPLAST,REYPLAST,4980,Easy,04-03-2026,25CM,NATURAL,1,0
159,MACETA UMBRELLA PINK 30 CM,OUTZEN,7990,Easy,04-03-2026,30CM,DESCONOCIDO,1,0
160,MACETERO ENLOZADO BLANCO 3 PIEZAS,DECOGREEN,41990,Easy,04-03-2026,SIN MEDIDAS,DESCONOCIDO,1,0
161,MACETA HUDSON ANTIQUE BASALT 27.94 CM,OUTZEN,4893,Easy,04-03-2026,27.94CM,DESCONOCIDO,1,0
162,PORTA MACETA NEGRO 20.5 CM,OUTZEN,5593,Easy,04-03-2026,20.5CM,DESCONOCIDO,1,0
163,MACETA LECCE 63X30X30 CM,OUTZEN,31493,Easy,04-03-2026,63X30X30,DESCONOCIDO,1,0
164,MACETA SALAMANCA 50 CM,OUTZEN,34993,Easy,04-03-2026,50CM,DESCONOCIDO,1,0
165,SET 2 MACETEROS CON PLATO BIODEGRADABLE BAMBOO ACTUAL BLANCO,DECOGREEN,16990,Easy,04-03-2026,SIN MEDIDAS,DESCONOCIDO,2,1
166,SOPORTE MACETA NEGRO OUTZEN,OUTZEN,13993,Easy,04-03-2026,SIN MEDIDAS,DESCONOCIDO,1,0
167,SET 4 MACETEROS BIO BAMBOO ACTUAL BLANCO 18X24 CM,DECOGREEN,21990,Easy,04-03-2026,18X24,DESCONOCIDO,4,1
168,MACETA RIMINI BLANCO 20X51X20 CM,OUTZEN,18624,Easy,04-03-2026,20X51X20,DESCONOCIDO,1,0
169,MACETERO M + MACETERO L OCTOGONALES METALICOS,DECOGREEN,41990,Easy,04-03-2026,M,DESCONOCIDO,1,0
170,MACETA BOCAYA 28 CM,OUTZEN,18193,Easy,04-03-2026,28CM,DESCONOCIDO,1,0
171,MACETERO N14 TAUPE 40 CM,REYPLAST,8990,Easy,04-03-2026,40CM,DESCONOCIDO,1,0
172,FIGURA DECORATIVA BUDA 47 CM,OUTZEN,20993,Easy,04-03-2026,47CM,DESCONOCIDO,1,0
173,MACETERO N6 TAUPE 17 CM,REYPLAST,990,Easy,04-03-2026,17CM,DESCONOCIDO,1,0
174,MACETA BOCAYA 36 CM,OUTZEN,25193,Easy,04-03-2026,36CM,DESCONOCIDO,1,0
175,SET MACETERO ENLOZADO MOSTAZA M+L,DECOGREEN,33990,Easy,04-03-2026,M,DESCONOCIDO,1,0
176,MACETA LEYVA 33 CM,OUTZEN,10493,Easy,04-03-2026,33CM,DESCONOCIDO,1,0
177,MACETERO 16.8 CM HANOVER VINO JAPI,JAPI,5098,Easy,04-03-2026,16.8CM,DESCONOCIDO,1,0
178,MACETA CERAMICA ALINE M GLOSSY BLANCO,OUTZEN,6993,Easy,04-03-2026,M,CERAMICA,1,0
179,MACETERO OSLO AZUL 40X40 CM,PLANT ME,54990,Easy,04-03-2026,40X40,DESCONOCIDO,1,0
180,MACETA AMARILLO 17X16X16 CM,OUTZEN,6993,Easy,04-03-2026,17X16X16,DESCONOCIDO,1,0
181,MACETA BOCAYA AZUL 28 CM,OUTZEN,18193,Easy,04-03-2026,28CM,DESCONOCIDO,1,0
182,MACETA AGAVE MOSTAZA 12X14 CM,OUTZEN,3493,Easy,04-03-2026,12X14,DESCONOCIDO,1,0
183,MACETERO AUTOR REGANTE CHONO BLANCO 28X27 CM,PLANT ME,49990,Easy,04-03-2026,28X27,DESCONOCIDO,1,0
184,MACETERO CON PLATO BIODEGRADABLE BAMBOO CURVO NEGRO 13X16.5X16.5 CM,DECOGREEN,4990,Easy,04-03-2026,13X16.5X16.5,DESCONOCIDO,1,0
185,MACETA SALAMANCA 35 CM,OUTZEN,20993,Easy,04-03-2026,35CM,DESCONOCIDO,1,0
186,MACETA RUSTIC CASK 44 CM SANDSTONE,JAPI,44990,Easy,04-03-2026,44CM,DESCONOCIDO,1,0
187,MACETA TALLA S CANASTO BASE BUKAN OUTZEN,OUTZEN,10493,Easy,04-03-2026,S,DESCONOCIDO,1,0
188,MACETA 22 CM FIBER CLAY ELENA BLANCO,OUTZEN,11893,Easy,04-03-2026,22CM,CEMENTICIO,1,0
189,MACETA CON PLATO COCO 21.4 CM,OUTZEN,4893,Easy,04-03-2026,21.4CM,DESCONOCIDO,1,0
190,MACETA PORTER COTTON 31 CM,OUTZEN,6993,Easy,04-03-2026,31CM,DESCONOCIDO,1,0
191,MACETERO CANASTO 20 CM RAMA NATURAL,DECOGREEN,5990,Easy,04-03-2026,20CM,DESCONOCIDO,1,0
192,MACETA BOCAYA BEIGE 36 CM,OUTZEN,25193,Easy,04-03-2026,36CM,DESCONOCIDO,1,0
193,MACETA HUDSON ANTIQUE BASALT 44.45 CM,OUTZEN,19593,Easy,04-03-2026,44.45CM,DESCONOCIDO,1,0
194,MACETERO METALICO ASA L NEGRO MATE 24X12X10 CM,DECOGREEN,4990,Easy,04-03-2026,24X12X10,METAL,1,0
195,MACETERO CAPRI TAUPE OUTZEN,OUTZEN,9093,Easy,04-03-2026,SIN MEDIDAS,DESCONOCIDO,1,0
196,MACETA BILLIE BLANCO 48.8 CM,OUTZEN,13993,Easy,04-03-2026,48.8CM,DESCONOCIDO,1,0
197,HUERTO 80X69X39 CM VENEZIA ARTEVASI.,OUTZEN,34993,Easy,04-03-2026,80X69X39,DESCONOCIDO,1,0
198,MACETERO ELEFANTE OUTZEN,OUTZEN,20993,Easy,04-03-2026,SIN MEDIDAS,DESCONOCIDO,1,0
199,SET MACETERO + PLATO BIO BAMBOO ACTUAL BLANCO 18X24 CM,DECOGREEN,7990,Easy,04-03-2026,18X24,DESCONOCIDO,1,0
200,MACETA SIRACUSA 18 CM,OUTZEN,4893,Easy,04-03-2026,18CM,DESCONOCIDO,1,0
201,MACETA CERAMICA ALINE S GLOSSY BLANCO,OUTZEN,4893,Easy,04-03-2026,S,CERAMICA,1,0
202,MACETERO CON PLATO BIODEGRADABLE BAMBOO CURVO GRIS 13X16.5X16.5 CM,DECOGREEN,4990,Easy,04-03-2026,13X16.5X16.5,DESCONOCIDO,1,0
203,MACETA 25.5 CM FIBER CLAY GAIA DORADO,OUTZEN,13993,Easy,04-03-2026,25.5CM,CEMENTICIO,1,0
204,MACETA AUTORREGANTE STONE GRAFITO 33 CM,OUTZEN,27993,Easy,04-03-2026,33CM,DESCONOCIDO,1,0
205,MACETA 18 CM CAPRI TAUPE OUTZEN,OUTZEN,2093,Easy,04-03-2026,18CM,DESCONOCIDO,1,0
206,MACETA 21 CM MADAGASCAR VERDE SECO OUTZEN,OUTZEN,1743,Easy,04-03-2026,21CM,DESCONOCIDO,1,0
207,PLATO PARA MACETERO 22 CM PIEDRA TAUPE,REYPLAST,1290,Easy,04-03-2026,22CM,DESCONOCIDO,1,0
208,MACETA ETOLIOS 14 CM,OUTZEN,4193,Easy,04-03-2026,14CM,DESCONOCIDO,1,0
209,SET 2 MACETEROS ARENA SUCULENTA NARANJO 5X16X16 CM,DECOGREEN,6590,Easy,04-03-2026,5X16X16,DESCONOCIDO,2,1
210,MACETERO 45 CM RUSTIC ROUND PLANTER V JAPI,JAPI,39990,Easy,04-03-2026,45CM,DESCONOCIDO,1,0
211,MACETA RUSTIC CASK 55 CM CHARCOAL,JAPI,69990,Easy,04-03-2026,55CM,DESCONOCIDO,1,0
212,MACETA FERN CEMENT GRIS 16 CM,OUTZEN,4193,Easy,04-03-2026,16CM,DESCONOCIDO,1,0
213,MACETA AUTORREGANTE STONE BEIGE 28 CM,OUTZEN,20993,Easy,04-03-2026,28CM,DESCONOCIDO,1,0
214,MACETA COLGAR B 16.5 CM,OUTZEN,5593,Easy,04-03-2026,16.5CM,DESCONOCIDO,1,0
215,MACETA CAPRI ANTRACITA 30 CM,OUTZEN,5593,Easy,04-03-2026,30CM,DESCONOCIDO,1,0
216,ALMACIGUERA EXHIBIDOR PROPAGACION 10 UNIDADES,ROOTS,2392,Easy,04-03-2026,SIN MEDIDAS,DESCONOCIDO,10,1
217,MACETA AGAVE BEIGE 12X14 CM,OUTZEN,3493,Easy,04-03-2026,12X14,DESCONOCIDO,1,0
218,FIGURA DECORATIVA 50 CM BUDA MEDITANDO OUTZEN,OUTZEN,17493,Easy,04-03-2026,50CM,DESCONOCIDO,1,0
219,MACETA D3 AJOLOTE 12 CM,OUTZEN,4990,Easy,04-03-2026,12CM,DESCONOCIDO,1,0
220,FIGURA DECORATIVA 65 CM SOLDADO OUTZEN,OUTZEN,14990,Easy,04-03-2026,65CM,DESCONOCIDO,1,0
221,MACETA FERN CEMENT,OUTZEN,9093,Easy,04-03-2026,SIN MEDIDAS,DESCONOCIDO,1,0
222,MACETA AUTORREGANTE 36 CM SAN REMO BLANCO,OUTZEN,27993,Easy,04-03-2026,36CM,DESCONOCIDO,1,0
223,MACETA CERAMICA ALINE L AZUL GLOSSY,OUTZEN,10493,Easy,04-03-2026,L,CERAMICA,1,0
224,MACETERO 28.5 CM L CANASTO NATURAL OUTZEN,OUTZEN,6993,Easy,04-03-2026,28.5CM,DESCONOCIDO,1,0
225,MACETA VALENCIA 19.5X49X33.5 CM,OUTZEN,20993,Easy,04-03-2026,19.5X49X33.5,DESCONOCIDO,1,0
226,MACETA ARCADIOS 21 CM,OUTZEN,10493,Easy,04-03-2026,21CM,DESCONOCIDO,1,0
227,FIGURA BUDA SENTADO PLANTER 50 CM,OUTZEN,17493,Easy,04-03-2026,50CM,DESCONOCIDO,1,0
228,MACETA LEYVA 22 CM,OUTZEN,6993,Easy,04-03-2026,22CM,DESCONOCIDO,1,0
229,MACETERO 16 CM CAPRI BLANCO,OUTZEN,1393,Easy,04-03-2026,16CM,DESCONOCIDO,1,0
230,MACETA UMBRELLA NEGRO 30 CM,OUTZEN,7990,Easy,04-03-2026,30CM,DESCONOCIDO,1,0
231,MACETERO ENLOZADO OLIVA 2 PIEZAS DECOGREEN,DECOGREEN,33990,Easy,04-03-2026,SIN MEDIDAS,DESCONOCIDO,1,0
232,MACETERO 30 CM VOLANS,OUTZEN,20993,Easy,04-03-2026,30CM,DESCONOCIDO,1,0
233,MACETA CANASTO BASE NEGRO 32 CM,OUTZEN,9093,Easy,04-03-2026,32CM,DESCONOCIDO,1,0
234,MACETERO CILINDRO 2 PIEZAS DECOGREEN,DECOGREEN,23990,Easy,04-03-2026,SIN MEDIDAS,DESCONOCIDO,1,0
235,MACETERO 16 CM CAPRI TAUPE,OUTZEN,1393,Easy,04-03-2026,16CM,DESCONOCIDO,1,0
236,MACETERO CANASTO 32 CM BRAHMA CAFE,DECOGREEN,13990,Easy,04-03-2026,32CM,DESCONOCIDO,1,0
237,MACETERO M BASIC GRIS,OUTZEN,8393,Easy,04-03-2026,M,DESCONOCIDO,1,0
238,MACETERO 17X15 CM ENLOZADO OLIVA DECOGREEN,DECOGREEN,9990,Easy,04-03-2026,17X15,DESCONOCIDO,1,0
239,MACETERO CANASTO 38 CM BRAHMA NATURAL,DECOGREEN,16990,Easy,04-03-2026,38CM,DESCONOCIDO,1,0
0,BANCA DE MADERA CON MACETERO INCORPORADO NSCOMPANY,,179990,Mercado Libre,04-03-2026,SIN MEDIDAS,NATURAL,1,0
1,SET PEDESTALES PORTA MACETEROS MESITAS,,34990,Mercado Libre,04-03-2026,SIN MEDIDAS,DESCONOCIDO,1,0
2,JARDINERA DE MADERA PREMIUM CAFE,,54990,Mercado Libre,04-03-2026,SIN MEDIDAS,NATURAL,1,0
3,MACETERO 46CM GRAFIATO CONICO KD9952,,13900,Mercado Libre,04-03-2026,46CM,DESCONOCIDO,1,0
4,"MESA PLEGABLE MALETA 180CM NEGRO ARMA FACIL, CAMPING, OFERTA NEGRO BLANCO",,36990,Mercado Libre,04-03-2026,180CM,DESCONOCIDO,1,0
5,PORTA MACETERO PEDESTAL MACETA PLANTAS NEGRO DORADO NEGRO,,19900,Mercado Libre,04-03-2026,SIN MEDIDAS,DESCONOCIDO,1,0
6,MACETERO 46CM GRAFIATO CONICO KD9952,,13900,Mercado Libre,04-03-2026,46CM,DESCONOCIDO,1,0
7,MACETERO 60CM GRAFIATO CONICO KD9953W,,27506,Mercado Libre,04-03-2026,60CM,DESCONOCIDO,1,0
8,PORTA MACETERO PEDESTAL MACETA PLANTAS BLANCO DORADO GRANDE,,19900,Mercado Libre,04-03-2026,SIN MEDIDAS,DESCONOCIDO,1,0
9,TIERRA PARA MACETEROS ANASAC 6 LITROS,,3685,Mercado Libre,04-03-2026,6L,DESCONOCIDO,1,0
10,JARDINERA DE MADERA GRANDE BLANCO CERESTAIN NEGRO LEONS,,49900,Mercado Libre,04-03-2026,SIN MEDIDAS,NATURAL,1,0
11,MACETERO DE MADERA DELUXE MARRON OSCURO DELUXE IMPERMEABLE,,57990,Mercado Libre,04-03-2026,SIN MEDIDAS,NATURAL,1,0
12,PORTA MACETERO PEDESTAL MACETA PLANTAS NEGRO DORADO GRANDE,,19890,Mercado Libre,04-03-2026,SIN MEDIDAS,DESCONOCIDO,1,0
13,PACK DE 3 MACETEROS PARA PLANTAS COLGANTE REDONDOS,,11990,Mercado Libre,04-03-2026,SIN MEDIDAS,DESCONOCIDO,3,1
14,MACETERO DE MADERA GRANDE FRESADO ALERCE,,19790,Mercado Libre,04-03-2026,SIN MEDIDAS,NATURAL,1,0
15,MACETERO DE MADERA PARA JARDIN 0 ZUS 25,,32610,Mercado Libre,04-03-2026,SIN MEDIDAS,NATURAL,1,0
16,9 PCS MACETAS DE PLASTICO CON SEPARADOR DE AGUA TRICOLOR,,19980,Mercado Libre,04-03-2026,SIN MEDIDAS,PLASTICO,9,1
17,FERTILIZANTE ESPECIFICO FLORES DE MACETERO Y JARDINERAS 1 KG,,4990,Mercado Libre,04-03-2026,SIN MEDIDAS,DESCONOCIDO,1,0
18,"MESA DE CULTIVO, BANCAL HUERTO IMPERMEABLE. ROBLE CENTRO CULTIVO 016",,97990,Mercado Libre,04-03-2026,SIN MEDIDAS,DESCONOCIDO,1,0
19,EXHIBICION MACETERO DE BAMBU CON 9 REPISAS,,17990,Mercado Libre,04-03-2026,SIN MEDIDAS,NATURAL,1,0
20,MACETERO REDONDO CERAMICA AZUL RELIEVE 17X17CM BIGHOUSE,,20218,Mercado Libre,04-03-2026,17X17,CERAMICA,1,0
21,PACK 5 PLATO BASE MACETERO JARDINERIA RENTANGULAR N30,,5990,Mercado Libre,04-03-2026,SIN MEDIDAS,DESCONOCIDO,5,1
22,MACETERO DE MADERA GRANDE FRESADO PREMIUM NOGAL MACETERO N12,,32990,Mercado Libre,04-03-2026,SIN MEDIDAS,NATURAL,1,0
23,MACETERO 38CM GRAFIATO CONICO KD9951 NEGRO,,8500,Mercado Libre,04-03-2026,38CM,DESCONOCIDO,1,0
24,MACETERO ESFERA 29 CM BLANCO SPLOFY,,15458,Mercado Libre,04-03-2026,29CM,DESCONOCIDO,1,0
25,MACETERO DE PLASTICO MEDIANO DISENO RAYAS HOGAR DECORACION,,19980,Mercado Libre,04-03-2026,SIN MEDIDAS,PLASTICO,1,0
26,MACETERO NORDICO GRANDE COLOR GRIS OSCURO 40X40X30CM - MACETA CUADRADO MODERNA PARA PLANTAS Y FLORES - DISENO MINIMALISTA DE ALTA CALIDAD,,27990,Mercado Libre,04-03-2026,40X40X30,DESCONOCIDO,1,0
27,MACETERO TERRA RED 250 TERRACOTA,,5938,Mercado Libre,04-03-2026,SIN MEDIDAS,DESCONOCIDO,1,0
28,JARDINERAS MACETERO DE MADERA CUADRADO GRANDE,,39990,Mercado Libre,04-03-2026,SIN MEDIDAS,NATURAL,1,0
29,"MACETAS DE JARDIN DE CERAMICA , ACCESORIO DE MUEBLE DE",,6976,Mercado Libre,04-03-2026,SIN MEDIDAS,CERAMICA,1,0
30,MACETERO REDONDO CERAMICA CAFE CLARO 17X17CM BIGHOUSE,,20218,Mercado Libre,04-03-2026,17X17,CERAMICA,1,0
31,"JARDINERA MACETERO PARA PLANTAS, DE MADERA GRANDE CAFE",,52990,Mercado Libre,04-03-2026,SIN MEDIDAS,NATURAL,1,0
32,MACETERO PARA PLANTAS DECORACION HOGAR MACETA FLORES BLANCO,,19990,Mercado Libre,04-03-2026,SIN MEDIDAS,DESCONOCIDO,1,0
33,MACETERO PLASTICO REDONDO 30CM SIENA JARDINERAS,,7990,Mercado Libre,04-03-2026,30CM,PLASTICO,1,0
34,JARDINERA DE MADERA CON TOMAS LATERALES ROBLE KYM AMELIA,,34990,Mercado Libre,04-03-2026,SIN MEDIDAS,NATURAL,1,0
35,MACETERO 13X13 CM NEGRO CASA VIVA,,7128,Mercado Libre,04-03-2026,13X13,DESCONOCIDO,1,0
36,"MACETERO PLASTICO 60X56,5CM NEGRO BIGHOUSE",,33990,Mercado Libre,04-03-2026,"60X56,5",PLASTICO,1,0
37,MACETERO DE PLASTICO MEDIANO TERRAZA JARDIN DECORACION HOGAR,,19980,Mercado Libre,04-03-2026,SIN MEDIDAS,PLASTICO,1,0
38,"MINIBANCO DE RESINA PARA MUEBLES DE JARDIN, 3 UNIDADES",,5585,Mercado Libre,04-03-2026,SIN MEDIDAS,DESCONOCIDO,3,1
39,MACETERO REDONDO 74X63CM CEMA NEW ACEAN,,71388,Mercado Libre,04-03-2026,74X63,DESCONOCIDO,1,0
40,JARDINERAS MACETERO DE MADERA RECTANGULAR NACIONAL INDUSTRIAL,,19980,Mercado Libre,04-03-2026,SIN MEDIDAS,NATURAL,1,0
41,3 PZS MUEBLES MINIATURA JARDIN ADORNO BANCO RESINA,,4368,Mercado Libre,04-03-2026,SIN MEDIDAS,DESCONOCIDO,3,1
42,2 MACETEROS BARRIL SIMULACION MADERA 4L C/ AGUJERO 22.8x17CM,,13800,Mercado Libre,04-03-2026,22.8x17,NATURAL,2,1
43,MACETERO PARA PLANTAS HOGAR Y JARDIN 17X13 CM SET X2 MARRON,,11990,Mercado Libre,04-03-2026,17X13,DESCONOCIDO,2,1
44,MACETERO DISENO PARA EL HOGAR Y JARDIN BLANCO,,19990,Mercado Libre,04-03-2026,SIN MEDIDAS,DESCONOCIDO,1,0
45,MACETERO 12X12X10CM TERRACOTA LIFE ART,,7723,Mercado Libre,04-03-2026,12X12X10,DESCONOCIDO,1,0
46,MACETERO HUERTO APILABLE COLGABLE MURALLA COLORES 32 CM,,7990,Mercado Libre,04-03-2026,32CM,DESCONOCIDO,1,0
47,SET DE MACETAS DE PARED BIODEGRADABLES DECO HOGAR OFICINA NEGRO,,17000,Mercado Libre,04-03-2026,SIN MEDIDAS,DESCONOCIDO,1,0
48,JARDINERAS MACETERO DE MADERA CUADRADA DISENO INDUSTRIAL,,16919,Mercado Libre,04-03-2026,SIN MEDIDAS,NATURAL,1,0
49,MACETERO 38CM CONICO DE PLASTICO KD9951W,,9900,Mercado Libre,04-03-2026,38CM,PLASTICO,1,0
50,INICIO ORGANIZACION CUBO DE CHAPA DE HIERRO GALVANIZADO,,3244,Mercado Libre,04-03-2026,SIN MEDIDAS,METAL,1,0
51,JARDINERA EXTERIOR DE BARANDILLA PARA BALCON 50X20X12 CM YIBAINI,,14990,Mercado Libre,04-03-2026,50X20X12,DESCONOCIDO,1,0
52,"MESA PLEGABLE MALETA 180CM NEGRO ARMA FACIL, CAMPING, OFERTA NEGRO BLANCO",,36990,Mercado Libre,04-03-2026,180CM,DESCONOCIDO,1,0
53,PORTA MACETERO PEDESTAL MACETA PLANTAS NEGRO DORADO NEGRO,,19900,Mercado Libre,04-03-2026,SIN MEDIDAS,DESCONOCIDO,1,0
54,MACETERO 46CM GRAFIATO CONICO KD9952,,13900,Mercado Libre,04-03-2026,46CM,DESCONOCIDO,1,0
55,MACETERO 60CM GRAFIATO CONICO KD9953W,,27506,Mercado Libre,04-03-2026,60CM,DESCONOCIDO,1,0
56,JARDINERA EXTERIOR DE BARANDILLA PARA BALCON 50X20X12 CM YIBAINI,,14990,Mercado Libre,04-03-2026,50X20X12,DESCONOCIDO,1,0
57,NUEVO SET DE MACETAS PARED DECO HOGAR OFICINA BIODEGRADABLES,,22000,Mercado Libre,04-03-2026,SIN MEDIDAS,DESCONOCIDO,1,0
58,JARDINERA MACETA 60 CM CON PLATO GRANDE,,7980,Mercado Libre,04-03-2026,60CM,DESCONOCIDO,1,0
59,MACETEROS DE GREDA 15X15. PACK 3 UNID. JARDIN DEL CARMEN. COLOR TERRACOTA,,19980,Mercado Libre,04-03-2026,15X15,CERAMICA,3,1
60,HUERTO VERTICAL DE CULTIVO DE MADERA CAFE,,57990,Mercado Libre,04-03-2026,SIN MEDIDAS,NATURAL,1,0
61,"MACETERO IRROMPIBLE DE BUEN GUSTO, SALA DE ESTUDIO, HOGAR, B",,3032,Mercado Libre,04-03-2026,SIN MEDIDAS,DESCONOCIDO,1,0
62,MACETERO TEJIDO CON PATAS 45X29X45 CM GENERICO BLANCO CON NEGRO LISO,,18990,Mercado Libre,04-03-2026,45X29X45,DESCONOCIDO,1,0
63,MACETERO 60CM GRAFIATO CONICO KD9953W,,27506,Mercado Libre,04-03-2026,60CM,DESCONOCIDO,1,0
64,JARDINERA GAGE GRUNDENS AMARILLA,,42830,Mercado Libre,04-03-2026,SIN MEDIDAS,DESCONOCIDO,1,0
65,MACETERO 38CM GRAFIATO CONICO KD9951 NEGRO,,8500,Mercado Libre,04-03-2026,38CM,DESCONOCIDO,1,0
66,JARDINERAS MACETERO DE MADERA RECTANGULAR GRANDE CON BORDE DE MADERA,,39990,Mercado Libre,04-03-2026,SIN MEDIDAS,NATURAL,1,0
67,2 MACETEROS BARRIL SIMULACION MADERA 4L C/ AGUJERO 22.8x17CM,,13800,Mercado Libre,04-03-2026,22.8x17,NATURAL,2,1
68,JARDINERAS MACETERO DE MADERA RECTANGULAR GRANDE,,39990,Mercado Libre,04-03-2026,SIN MEDIDAS,NATURAL,1,0
69,"MUEBLE PARA PLANTAS DE FIERRO INTERIOR/EXTERIOR 1,60MTSX50CM NEGRO ESTANTE",,270000,Mercado Libre,04-03-2026,50CM,METAL,1,0
70,"MACETAS DE PLASTICO PARA EXTERIORES, MACETA, MUEBLES PARA EL",,2764,Mercado Libre,04-03-2026,SIN MEDIDAS,PLASTICO,1,0
71,PACK 6 JARDINERAS BALCONERAS 3 COLORES VARIEDAD VERDE MUSGO 3COLORES,,14900,Mercado Libre,04-03-2026,SIN MEDIDAS,DESCONOCIDO,6,1
72,MACETERO DE PLASTICO PARA TERRAZA JARDIN DECORACION - HOGAR,,19980,Mercado Libre,04-03-2026,SIN MEDIDAS,PLASTICO,1,0
73,"MACETA CON FORMA DE BUHO PARA DECORACION DEL HOGAR, DIVERTID",,11520,Mercado Libre,04-03-2026,SIN MEDIDAS,DESCONOCIDO,1,0
74,"MACETAS COLGANTES OCTOGONALES PARA PLANTAS, 15 UNIDADES, 9.5",,6940,Mercado Libre,04-03-2026,SIN MEDIDAS,DESCONOCIDO,15,1
75,MACETERO CUADRADO 58CM DE PLASTICO KD9942 NEGRO,,25983,Mercado Libre,04-03-2026,58CM,PLASTICO,1,0
76,SOPORTE PARA 8 MACETAS ESTANTE JARDINERA HUERTO PLANTAS,,19980,Mercado Libre,04-03-2026,SIN MEDIDAS,DESCONOCIDO,8,1
77,MACETERO CUADRADO 36CM DE PLASTICO KD9941 NEGRO,,13900,Mercado Libre,04-03-2026,36CM,PLASTICO,1,0
78,MACETERO CUADRADO 58CM DE PLASTICO KD9942 NEGRO,,25983,Mercado Libre,04-03-2026,58CM,PLASTICO,1,0
79,MACETERO 46CM GRAFIATO CONICO DECORATIVO GRANDE PARA INTERIOR Y EXTERIOR ATENZA(r),,13590,Mercado Libre,04-03-2026,46CM,DESCONOCIDO,1,0
80,MACETA COLGANTE FIBRA DE COCO,,7970,Mercado Libre,04-03-2026,SIN MEDIDAS,DESCONOCIDO,1,0
81,MACETERO COLGANTE DE PLASTICO DECORACION HOGAR TERRAZA,,16990,Mercado Libre,04-03-2026,SIN MEDIDAS,PLASTICO,1,0
82,MACETERO AUTORREGANTE SET DE 4 UNIDADES - AUTORRIEGO BLANCO BLANCO AUTORREGANTE,,12090,Mercado Libre,04-03-2026,SIN MEDIDAS,DESCONOCIDO,4,1
83,MACETERO METAL PARA HOGAR Y TERRAZA GRIS,,26990,Mercado Libre,04-03-2026,SIN MEDIDAS,METAL,1,0
84,PACK 4 JARDINERA COLGANTE BALCON 40 CM HUERTO COLOR SURTIDO JARDINERA BALCON,,9700,Mercado Libre,04-03-2026,40CM,DESCONOCIDO,4,1
85,"PACK DE 2 MACETEROS PARA SUCULENTAS, DISENO DE ANIMALITOS MOD-2 GATO",,6990,Mercado Libre,04-03-2026,SIN MEDIDAS,DESCONOCIDO,2,1
86,REGALOS COLIBRI COLIBRI DECORACIONES PARA EL HOGAR DECORACIO,,5188,Mercado Libre,04-03-2026,SIN MEDIDAS,DESCONOCIDO,1,0
87,"MACETERO DE CERAMICA FIGURAS VARIADAS, PACK DE 2 COLOR VARIADOS GATITO",,5790,Mercado Libre,04-03-2026,SIN MEDIDAS,CERAMICA,2,1
88,MESA DE CULTIVO MACETERO HUERTO XL,,89990,Mercado Libre,04-03-2026,XL,DESCONOCIDO,1,0
89,MACETA TEJIDA HECHA A MANO PARA DECORACION DEL HOGAR Y PLANT,,5843,Mercado Libre,04-03-2026,SIN MEDIDAS,DESCONOCIDO,1,0
90,MACETERO NORDICO GRANDE COLOR BEIGE 40X40X30CM - MACETA CUADRADO MODERNA PARA PLANTAS Y FLORES - DISENO MINIMALISTA DE ALTA CALIDAD,,27990,Mercado Libre,04-03-2026,40X40X30,DESCONOCIDO,1,0
91,MACETAS 9X8CM TERRACOTA 135 MACETA CALIDAD MATEC VIVERO MARRON 135PCS,,10690,Mercado Libre,04-03-2026,9X8,DESCONOCIDO,135,1
92,MACETERO PERRO AUSTRALIAN SHEPHERD PARA JARDIN Y HOGAR ST... AUSTRALIAN SHEPHERD DOG,,124999,Mercado Libre,04-03-2026,SIN MEDIDAS,DESCONOCIDO,1,0
93,MACETA TEJIDA HECHA A MANO PARA DECORACION DEL HOGAR Y PLANT,,4875,Mercado Libre,04-03-2026,SIN MEDIDAS,DESCONOCIDO,1,0
94,MACETA JARDINERA Ndeg60 CON PLATO CAFE CHOCOLATE JARDINERA 60 CON PLATO,,7990,Mercado Libre,04-03-2026,SIN MEDIDAS,DESCONOCIDO,1,0
95,MACETA MACETERO PLASTICO REDONDO ESTILO RATAN 33X30 CM RATAN MARCA REYPLAST,,19980,Mercado Libre,04-03-2026,33X30,PLASTICO,1,0
96,"MACETERO DE RESINA MUNECA, TIERNO PARA HOGAR U OFICINA",,5668,Mercado Libre,04-03-2026,SIN MEDIDAS,DESCONOCIDO,1,0
97,MACETERO 46CM GRAFIATO CONICO DECORATIVO GRANDE PARA INTERIOR Y EXTERIOR ATENZA(r),,13590,Mercado Libre,04-03-2026,46CM,DESCONOCIDO,1,0
98,MACETERO DE PLASTICO MODERNO WAKESHOME ANCHO 17CM ALTO 30CM COLOR CAFE,,14990,Mercado Libre,04-03-2026,17CM,PLASTICO,1,0
99,"PACK DE 3 MACETAS, MELAMINA DE RESINA, 3 COLORES SURTIDOS. VARIADOS",,8990,Mercado Libre,04-03-2026,SIN MEDIDAS,DESCONOCIDO,3,1
100,DECORACION EN MACETA E PARA DECORACION DEL HOGAR Y LA OFICIN,,4562,Mercado Libre,04-03-2026,SIN MEDIDAS,DESCONOCIDO,1,0
101,MACETERO 21X23 CM NEGRO CASA VIVA BEIGE,,5581,Mercado Libre,04-03-2026,21X23,DESCONOCIDO,1,0
102,JARDINERAS 105 CM CASTANO / ROBLE / ALERCE JARDINERA 105,,39900,Mercado Libre,04-03-2026,105CM,DESCONOCIDO,1,0
103,"DE 2 MACETEROS GEOMETRICOS, PLASTICO RESISTENTE. BLANCO-NEGRO",,6200,Mercado Libre,04-03-2026,SIN MEDIDAS,PLASTICO,2,1
104,MACETERO RUSTICO DECORACION HOGAR 1 UNIDAD,,6119,Mercado Libre,04-03-2026,SIN MEDIDAS,DESCONOCIDO,1,0
105,MACETERO PLASTICO REDONDO 50 CM GRANDE / MACETA NEGRO,,12990,Mercado Libre,04-03-2026,50CM,PLASTICO,1,0
106,JARDINERA DE MADERA PARA DECORACION DEL HOGAR,,18304,Mercado Libre,04-03-2026,SIN MEDIDAS,NATURAL,1,0
107,"MACETAS PARA MUEBLES EN MINIATURA, MINICESTA PARA FLORES, 20",,14368,Mercado Libre,04-03-2026,SIN MEDIDAS,DESCONOCIDO,1,0
108,"MINI MACETERO DE CERAMICA CIRCULAR, PACK DE 6 COLOR VARIADOS LISO",,11990,Mercado Libre,04-03-2026,SIN MEDIDAS,CERAMICA,6,1
109,JARDINERAS DE MADERA JARDINERA 55,,20900,Mercado Libre,04-03-2026,SIN MEDIDAS,NATURAL,1,0
110,MACETAS COLGANTES PARA SUCULENTAS Y HIERBAS DEL HOGAR,,3032,Mercado Libre,04-03-2026,SIN MEDIDAS,DESCONOCIDO,1,0
111,SOB MACETA TREEMAN BABY GROOT MACETA SUCULENTA BONITAS PLANT,,6990,Mercado Libre,04-03-2026,SIN MEDIDAS,DESCONOCIDO,1,0
112,"MESA PLEGABLE MALETA 180CM NEGRO ARMA FACIL, CAMPING, OFERTA NEGRO BLANCO",,36990,Mercado Libre,04-03-2026,180CM,DESCONOCIDO,1,0
113,PORTA MACETERO PEDESTAL MACETA PLANTAS NEGRO DORADO NEGRO,,19900,Mercado Libre,04-03-2026,SIN MEDIDAS,DESCONOCIDO,1,0
114,MACETERO 46CM GRAFIATO CONICO KD9952,,13900,Mercado Libre,04-03-2026,46CM,DESCONOCIDO,1,0
115,MACETERO 60CM GRAFIATO CONICO KD9953W,,27506,Mercado Libre,04-03-2026,60CM,DESCONOCIDO,1,0
116,MACETAS COLGANTES PARA SUCULENTAS Y HIERBAS DEL HOGAR,,3032,Mercado Libre,04-03-2026,SIN MEDIDAS,DESCONOCIDO,1,0
117,SOB MACETA TREEMAN BABY GROOT MACETA SUCULENTA BONITAS PLANT,,6990,Mercado Libre,04-03-2026,SIN MEDIDAS,DESCONOCIDO,1,0
118,"CANTARO, TINAJA DE GREDA 20X20. JARDIN DEL CARMEN!! COLOR TERRACOTA",,9990,Mercado Libre,04-03-2026,20X20,CERAMICA,1,0
119,"SOPORTE PARA MACETAS DE HIERRO FORJADO PARA EL HOGAR, BALCON",,9115,Mercado Libre,04-03-2026,SIN MEDIDAS,METAL,1,0
120,ACCESORIOS PARA MUEBLES YKC444 22*30CM,,17437,Mercado Libre,04-03-2026,30CM,DESCONOCIDO,1,0
121,"ARREGLO DE REGALO DE MESA EN MAL ESTADO, DECORACION DEL HOGA",,5161,Mercado Libre,04-03-2026,SIN MEDIDAS,DESCONOCIDO,1,0
122,JARDINERA DECOWAY COLOR - 50 CM,,20990,Mercado Libre,04-03-2026,50CM,DESCONOCIDO,1,0
123,MACETAS PARA COLGAR EN LA PARED DEL HOGAR Y EL JARDIN,,4894,Mercado Libre,04-03-2026,SIN MEDIDAS,DESCONOCIDO,1,0
124,JARDINERA GAGE GRUNDENS AMARILLA,,42830,Mercado Libre,04-03-2026,SIN MEDIDAS,DESCONOCIDO,1,0
125,MACETERO 38CM GRAFIATO CONICO KD9951 NEGRO,,8500,Mercado Libre,04-03-2026,38CM,DESCONOCIDO,1,0
126,JARDINERAS MACETERO DE MADERA RECTANGULAR GRANDE CON BORDE DE MADERA,,39990,Mercado Libre,04-03-2026,SIN MEDIDAS,NATURAL,1,0
127,2 MACETEROS BARRIL SIMULACION MADERA 4L C/ AGUJERO 22.8x17CM,,13800,Mercado Libre,04-03-2026,22.8x17,NATURAL,2,1
128,"COLGADOR DE MACETAS HECHO A MANO PARA DECORACION DEL HOGAR,",,12460,Mercado Libre,04-03-2026,SIN MEDIDAS,DESCONOCIDO,1,0
129,MACETERO 12X12X10CM TERRACOTA CREMA LIFE ART,,7723,Mercado Libre,04-03-2026,12X12X10,DESCONOCIDO,1,0
130,MACETERO GRANDE PLASTICO DURO 50 CM MARRON LISO,,12500,Mercado Libre,04-03-2026,50CM,PLASTICO,1,0
131,"MACETEROS COLGANTES - BALCONES, VENTANAS, TERRAZAS",,3990,Mercado Libre,04-03-2026,SIN MEDIDAS,DESCONOCIDO,1,0
132,"MACETA DE FUNDICION PARA DECORACION DEL HOGAR,",,16368,Mercado Libre,04-03-2026,SIN MEDIDAS,DESCONOCIDO,1,0
133,"MACETA PARA NINA, DECORACION DEL HOGAR, PARA PLANTAS, ESTILO",,12239,Mercado Libre,04-03-2026,SIN MEDIDAS,DESCONOCIDO,1,0
134,"SOPORTE PARA PLANTAS EN MINIATURA 1/12, ACCESORIOS, VERDE",,6645,Mercado Libre,04-03-2026,SIN MEDIDAS,DESCONOCIDO,1,0
135,"PACK DE 2 MACETEROS PARA SUCULENTAS, DISENO DE ANIMALITOS MOD-1 ELEFANTE",,6990,Mercado Libre,04-03-2026,SIN MEDIDAS,DESCONOCIDO,2,1
136,SOPORTE PARA 8 MACETAS ESTANTE JARDINERA HUERTO PLANTAS,,19980,Mercado Libre,04-03-2026,SIN MEDIDAS,DESCONOCIDO,8,1
137,MACETERO CUADRADO 36CM DE PLASTICO KD9941 NEGRO,,13900,Mercado Libre,04-03-2026,36CM,PLASTICO,1,0
138,MACETERO CUADRADO 58CM DE PLASTICO KD9942 NEGRO,,25983,Mercado Libre,04-03-2026,58CM,PLASTICO,1,0
139,MACETERO 46CM GRAFIATO CONICO DECORATIVO GRANDE PARA INTERIOR Y EXTERIOR ATENZA(r),,13590,Mercado Libre,04-03-2026,46CM,DESCONOCIDO,1,0
140,ADORNO DECORATIVO CON FORMA DE CALAVERA PARA EL HOGAR Y EL J,,7364,Mercado Libre,04-03-2026,SIN MEDIDAS,DESCONOCIDO,1,0
141,MACETERO REDONDO 74X63CM NEW ACEAN,,59990,Mercado Libre,04-03-2026,74X63,DESCONOCIDO,1,0
142,MACETERO DE CERAMICA DISENO DE CARITAS CON PLATO PACK DE 6 COLOR VARIADO EMOGIE,,11990,Mercado Libre,04-03-2026,SIN MEDIDAS,CERAMICA,6,1
143,"MACETA COLGANTE PARA EL HOGAR, BALCON, JARDIN, DECORACION",,5428,Mercado Libre,04-03-2026,SIN MEDIDAS,DESCONOCIDO,1,0
144,MACETA PARA BULBO DE TULIPAN PARA DECORACION DEL HOGAR Y REG,,6175,Mercado Libre,04-03-2026,SIN MEDIDAS,DESCONOCIDO,1,0
145,"SOPORTE DE PLANTA EN MINIATURA A ESCALA 1:12, MUEBLES ROSA",,6682,Mercado Libre,04-03-2026,SIN MEDIDAS,DESCONOCIDO,1,0
146,"MACETAS COLGANTES PARA DECORACION DEL HOGAR, CON RIEGO AUTOM",,8036,Mercado Libre,04-03-2026,SIN MEDIDAS,DESCONOCIDO,1,0
147,"PACK DE 3 MACETAS CON PLANTAS ARTIFICIALES COLGANTES, HOMEY VERDE",,14990,Mercado Libre,04-03-2026,SIN MEDIDAS,DESCONOCIDO,3,1
148,MACETA COLGANTE DE PLANTAS HERRAMIENTA DE JARDINERIA HOGAR,,14479,Mercado Libre,04-03-2026,SIN MEDIDAS,DESCONOCIDO,1,0
149,PACK 10 MACETEROS PLASTICO REDONDO Ndeg23 TERRA VIC,,15990,Mercado Libre,04-03-2026,SIN MEDIDAS,PLASTICO,10,1
150,MACETERO DE MADERA 50 CM CASTANO / ROBLE / ALERCE JARDINERA MACETERO,,29900,Mercado Libre,04-03-2026,50CM,NATURAL,1,0
151,ADORNO HOGAR MACETERO BONSAI DE CACTUS MODERNO 18X18.5X12 CM,,79769,Mercado Libre,04-03-2026,18X18.5X12,DESCONOCIDO,1,0
152,MACETERO JARDINERA RECTANGULAR MEDIANA 35CM CON PLATO MACETA MARRON MEDIANO M,,6100,Mercado Libre,04-03-2026,35CM,DESCONOCIDO,1,0
153,MACETERO 16X19.5 CM NEGRO CASA VIVA,,11888,Mercado Libre,04-03-2026,16X19.5,DESCONOCIDO,1,0
154,"PERGOLA COMPLETA LUX. CON ASIENTO, MACETERO, FONDO TRILLAGE.",,649000,Mercado Libre,04-03-2026,SIN MEDIDAS,DESCONOCIDO,1,0
155,MACETEROS DE CERAMICA CON VARIEDAD DISENO (POR UNIDAD) COLOR CAQUI GRABADO,,5290,Mercado Libre,04-03-2026,SIN MEDIDAS,CERAMICA,1,0
156,MACETA TEJIDA YUTE CON PATAS MADERA DECORATIVO PARA PLANTAS COLOR BEIGE,,9990,Mercado Libre,04-03-2026,SIN MEDIDAS,NATURAL,1,0
157,"MACETERO PLASTICO 45X42,8CM NEGRO BIGHOUSE",,40650,Mercado Libre,04-03-2026,"45X42,8",PLASTICO,1,0
158,MACETERO DE PLASTICO MODERNO WAKESHOME ANCHO 16CM ALTO 31CM COLOR CAFE,,14990,Mercado Libre,04-03-2026,16CM,PLASTICO,1,0
159,MACETERO 14X15 CM MARRON CASA VIVA MARRON,,5581,Mercado Libre,04-03-2026,14X15,DESCONOCIDO,1,0
160,MACETERO DE PLASTICO MODERNO WAKESHOME ANCHO 16CM ALTO 31CM COLOR BLANCO,,14990,Mercado Libre,04-03-2026,16CM,PLASTICO,1,0
161,PACK 6 MACETEROS MODELOS VARIADOS MACETA-HOEMY VARIADOS MACETAPACK6,,9990,Mercado Libre,04-03-2026,SIN MEDIDAS,DESCONOCIDO,6,1
162,LF D- 1/12 SOPORTE DE PLANTA EN MINIATURA MUEBLES DE CASA DE,,11115,Mercado Libre,04-03-2026,SIN MEDIDAS,DESCONOCIDO,12,1
163,"MACETA DE SILICONA PARA NINA, CANDELABRO DE HORMIGON, RESINA",,5290,Mercado Libre,04-03-2026,SIN MEDIDAS,DESCONOCIDO,1,0
164,MACETEROS DE GREDA (TINAJA). PACK 10 UNID. JARDIN DEL CARMEN COLOR TERRACOTA,,11990,Mercado Libre,04-03-2026,SIN MEDIDAS,CERAMICA,10,1
165,JARDINERA DE METAL COLGANTE PARA EXTERIOR TERRAZA,,13723,Mercado Libre,04-03-2026,SIN MEDIDAS,METAL,1,0
166,2 MACETAS SUCULENTAS PARA DECORACION DEL HOGAR.,,14387,Mercado Libre,04-03-2026,SIN MEDIDAS,DESCONOCIDO,2,1
167,MACETERO REDONDO 74X63CM VERDE NEW ACEAN,,71388,Mercado Libre,04-03-2026,74X63,DESCONOCIDO,1,0
168,"[ SOPORTES PARA JARDINERAS PARA BARANDILLAS, 2 PIEZAS, *",,12543,Mercado Libre,04-03-2026,SIN MEDIDAS,DESCONOCIDO,1,0
169,"MACETERO DE CERAMICA FIGURAS VARIADAS, PACK DE 2 COLOR VARIADOS CONEJO",,5790,Mercado Libre,04-03-2026,SIN MEDIDAS,CERAMICA,2,1
170,"JAULA PARA CULTIVO DE TOMATES, ENREJADO EN MACETA, DOBLE CAP",,6599,Mercado Libre,04-03-2026,SIN MEDIDAS,DESCONOCIDO,1,0
171,"MACETERO METALIZADO, PACK 2 COLOR VARIADOS MOD 61",,4590,Mercado Libre,04-03-2026,SIN MEDIDAS,DESCONOCIDO,2,1
172,"MESA PLEGABLE MALETA 180CM NEGRO ARMA FACIL, CAMPING, OFERTA NEGRO BLANCO",,36990,Mercado Libre,04-03-2026,180CM,DESCONOCIDO,1,0
173,PORTA MACETERO PEDESTAL MACETA PLANTAS NEGRO DORADO NEGRO,,19900,Mercado Libre,04-03-2026,SIN MEDIDAS,DESCONOCIDO,1,0
174,JARDINERA GAGE GRUNDENS AMARILLA,,42830,Mercado Libre,04-03-2026,SIN MEDIDAS,DESCONOCIDO,1,0
175,JARDINERAS MACETERO DE MADERA RECTANGULAR GRANDE CON BORDE DE MADERA,,39990,Mercado Libre,04-03-2026,SIN MEDIDAS,NATURAL,1,0
176,"JAULA PARA CULTIVO DE TOMATES, ENREJADO EN MACETA, DOBLE CAP",,6599,Mercado Libre,04-03-2026,SIN MEDIDAS,DESCONOCIDO,1,0
177,"MACETERO METALIZADO, PACK 2 COLOR VARIADOS MOD 61",,4590,Mercado Libre,04-03-2026,SIN MEDIDAS,DESCONOCIDO,2,1
178,"SOPORTE DE PLANTA EN MINIATURA A ESCALA 1:12, MUEBLES VERDE",,5106,Mercado Libre,04-03-2026,SIN MEDIDAS,DESCONOCIDO,1,0
179,BANDEJA PARA MACETAS PARA PLANTAS TAPETE PARA MACETAS PARA S,,9013,Mercado Libre,04-03-2026,S,DESCONOCIDO,1,0
180,MACETA DE RESINA ABSTRACTA FOR DECORACION DEL HOGAR,,11843,Mercado Libre,04-03-2026,SIN MEDIDAS,DESCONOCIDO,1,0
181,"FIGURA COLGANTE PARA COLGAR EN MACETA, HADA, JARDIN, NUTRIA",,8525,Mercado Libre,04-03-2026,SIN MEDIDAS,DESCONOCIDO,1,0
182,"MACETERO PLASTICO 22X20,5CM NEGRO BIGHOUSE",,5990,Mercado Libre,04-03-2026,"22X20,5",PLASTICO,1,0
183,G ISLA DE PASCUA ESTATUA MACETA MACETA SUCULENTA PARA EL .,,34553,Mercado Libre,04-03-2026,SIN MEDIDAS,DESCONOCIDO,1,0
184,SOPORTE PARA 8 MACETAS ESTANTE JARDINERA HUERTO PLANTAS,,19980,Mercado Libre,04-03-2026,SIN MEDIDAS,DESCONOCIDO,8,1
185,MACETERO CUADRADO 36CM DE PLASTICO KD9941 NEGRO,,13900,Mercado Libre,04-03-2026,36CM,PLASTICO,1,0
186,MACETERO 46CM GRAFIATO CONICO DECORATIVO GRANDE PARA INTERIOR Y EXTERIOR ATENZA(r),,13590,Mercado Libre,04-03-2026,46CM,DESCONOCIDO,1,0
187,JARDINERA DECOWAY COLOR - 50 CM,,20990,Mercado Libre,04-03-2026,50CM,DESCONOCIDO,1,0
188,BOLSA GRANDE (60 X 30 X 20 CM) PARA PLANTAS CON TAPONES DEL,,4442,Mercado Libre,04-03-2026,60X30X20,DESCONOCIDO,1,0
189,MACETA DECORATIVA PANTALONES JEANS FLORES ADORNO JARDIN AZUL ACERO,,7990,Mercado Libre,04-03-2026,SIN MEDIDAS,METAL,1,0
190,"MACETA APILABLE, MACETAS APILABLES DE FLORES DE PLASTICO",,8838,Mercado Libre,04-03-2026,SIN MEDIDAS,PLASTICO,1,0
191,XJF ACCESORIOS FOR MUEBLES YKC444 22*30CM,,10433,Mercado Libre,04-03-2026,30CM,DESCONOCIDO,1,0
192,MACETAS CON LUCES PARA ALMACIGOS Y SEMILLEROS COLOR MACETA DE 12 COMPARTIMENTOS,,18477,Mercado Libre,04-03-2026,SIN MEDIDAS,DESCONOCIDO,1,0
193,"BANERA COLGANTE PARA PAJAROS, DE 9.25 PULGADAS, PARA PAJAROS",,6820,Mercado Libre,04-03-2026,9.25PULGADAS,DESCONOCIDO,1,0
194,MACETERO ESFERA 37 CM VERDE SPLOFY,,22598,Mercado Libre,04-03-2026,37CM,DESCONOCIDO,1,0
195,MACETAS PLANTAS TREPADORA ENREDADERA ESTANTE JARDINERA 2PZS NEGRO,,49985,Mercado Libre,04-03-2026,SIN MEDIDAS,DESCONOCIDO,2,1
196,MACETERO CUADRADO DE PLASTICO KD9943 NEGRO,,39000,Mercado Libre,04-03-2026,SIN MEDIDAS,PLASTICO,1,0
197,MACETA JARDINERA Ndeg60 CON PLATO CAFE CHOCOLATE JARDINERA 60 CON PLATO,,7990,Mercado Libre,04-03-2026,SIN MEDIDAS,DESCONOCIDO,1,0
198,2 GANCHO DE PARED PARA PLANTAS Y LUCES COLGANTES EN MACETAS,,19587,Mercado Libre,04-03-2026,SIN MEDIDAS,DESCONOCIDO,1,0
199,MACETA BLANDA DE 15X15CM MACETA FACIL DE PLANTULAS 100PCS TERRACOTA,,16508,Mercado Libre,04-03-2026,15X15,DESCONOCIDO,100,1
200,"MACETERO YOTOWORTH CON ENREJADO, CAMAS ELEVADAS PARA JARDIN",,213981,Mercado Libre,04-03-2026,SIN MEDIDAS,DESCONOCIDO,1,0
201,PACK 4 MODELOS BABY GROOT MACETA LAPICERO REGALO CON ORIFICIO,,24990,Mercado Libre,04-03-2026,SIN MEDIDAS,DESCONOCIDO,4,1
202,MACETAS BONSAI CUBETA CAMA DE SEDUM CONEJO ARTIFICIAL GRIS,,8387,Mercado Libre,04-03-2026,SIN MEDIDAS,DESCONOCIDO,1,0
203,ORIENTAL - SOPORTE DE EXHIBICION DE MUEBLES DE MADERA ...,,70819,Mercado Libre,04-03-2026,SIN MEDIDAS,NATURAL,1,0
204,"MACETA DE CERAMICA, MACETAS DECORATIVAS, DECORACION DEL HOGA",,6829,Mercado Libre,04-03-2026,SIN MEDIDAS,CERAMICA,1,0
205,MACETERO FLOTANTE PARA 30 CENTIMETROS CON PUNTA GRIS OSCURO,,9244,Mercado Libre,04-03-2026,SIN MEDIDAS,DESCONOCIDO,1,0
206,PACK 10 MACETEROS PLASTICO REDONDO 21CM 21VIC,,14490,Mercado Libre,04-03-2026,21CM,PLASTICO,10,1
207,MACETERO / BALCONERA DE MADERA CON GANCHOS 1 METRO ROBLE MARRON,,32990,Mercado Libre,04-03-2026,SIN MEDIDAS,NATURAL,1,0
208,DECORACION DE JARDIN DE TORTUGAS DECORACION AL AIRE LIBRE DE,,5520,Mercado Libre,04-03-2026,SIN MEDIDAS,DESCONOCIDO,1,0
209,MACETERO PLATEAU CATTLE PARA DECORACION DE JARDIN,,6193,Mercado Libre,04-03-2026,SIN MEDIDAS,DESCONOCIDO,1,0
210,"MACETERO ELEVADO DE TELA PARA JARDIN, 4 CUADRICULAS DIVIDIDA",,5152,Mercado Libre,04-03-2026,SIN MEDIDAS,DESCONOCIDO,1,0
211,TIERRA DE HOJA 20 LITROS (10 KG NETO),,4500,Mercado Libre,04-03-2026,20L,DESCONOCIDO,1,0
212,"PACK 2, MACETERO DE CERAMICA MODELOS VARIADOS COLOR BLANCO GATITOS",,5290,Mercado Libre,04-03-2026,SIN MEDIDAS,CERAMICA,2,1
213,"MACETERO COLGANTE DE MACRAME PARA JARDIN, CESTO DE ALMACENAM",,3797,Mercado Libre,04-03-2026,SIN MEDIDAS,DESCONOCIDO,1,0
214,"MACETERO PLASTICO 45X42,8CM GRIS ENVEJECIDO BIGHOUSE",,34784,Mercado Libre,04-03-2026,"45X42,8",PLASTICO,1,0
215,MACETERO DE EXTERIOR PARA JARDIN COLGAR MACETAS AL AIRE LIBR,,6000,Mercado Libre,04-03-2026,SIN MEDIDAS,DESCONOCIDO,1,0
216,"MACETA PLATEAU CATTLE PARA DECORACION DEL HOGAR Y EL JARDIN,",,8700,Mercado Libre,04-03-2026,SIN MEDIDAS,DESCONOCIDO,1,0
217,"MACETERO DE MADERA, CAJA PARA VENTANA, BALCON, JARDIN AZUL",,7419,Mercado Libre,04-03-2026,SIN MEDIDAS,NATURAL,1,0
218,"MACETA DE MADERA PARA EL HOGAR, OFICINA, ESCRITORIO, 3 FLORE",,10092,Mercado Libre,04-03-2026,SIN MEDIDAS,NATURAL,1,0
219,JARDIN CAMA ELEVADA JARDINERA AL AIRE LIBRE MACETA 6PCS,,32737,Mercado Libre,04-03-2026,SIN MEDIDAS,DESCONOCIDO,6,1
220,"MACETERO PLASTICO 60X56,5CM GRIS ENVEJECIDO BIGHOUSE",,33990,Mercado Libre,04-03-2026,"60X56,5",PLASTICO,1,0
221,"MACETERO DE CUBO PLANO VINTAGE, DECORACION DE PEQUENO",,7198,Mercado Libre,04-03-2026,SIN MEDIDAS,DESCONOCIDO,1,0
222,MACETERO / BALCONERA DE MADERA CON GANCHOS 60CM NEGRO NEGRO,,22990,Mercado Libre,04-03-2026,60CM,NATURAL,1,0
223,5 MACETEROS DE MADERA CON FORMA DE BARRIL Y ASAS PARA,,122571,Mercado Libre,04-03-2026,SIN MEDIDAS,NATURAL,5,1
224,MACETA CON FORMA DE FIGURA DE NINA PARA DECORACION DEL HOGAR,,4801,Mercado Libre,04-03-2026,SIN MEDIDAS,DESCONOCIDO,1,0
225,SET 4 MINIATURAS CASITAS JARDIN DECORACION HOGAR MACETEROS,,8990,Mercado Libre,04-03-2026,SIN MEDIDAS,DESCONOCIDO,4,1
226,"MACETERO COLGANTE DE 8.0 IN, CESTAS RUSTICAS PARA COLGAR",,12110,Mercado Libre,04-03-2026,SIN MEDIDAS,DESCONOCIDO,1,0
227,"PACK 2, MACETERO DE CERAMICA MODELOS VARIADOS COLOR BLANCO ARCOIRIR",,5290,Mercado Libre,04-03-2026,SIN MEDIDAS,CERAMICA,2,1
228,"MACETERO RECTANGULAR PARA FLORES, CON BANDEJA PARA GRIS",,6202,Mercado Libre,04-03-2026,SIN MEDIDAS,DESCONOCIDO,1,0
229,"MACETA DE HIERRO RETRO, SOPORTE PARA PLANTAS DEL HOGAR, 1 PI",,5419,Mercado Libre,04-03-2026,SIN MEDIDAS,METAL,1,0
230,MINIATURAS NOVIOS DECORACION JARDIN HOGAR MACETEROS,,8990,Mercado Libre,04-03-2026,SIN MEDIDAS,DESCONOCIDO,1,0
231,"MACETA DE REGALO CON FORMA DE CUENCO PARA JARDIN, 30 CM, COL",,17511,Mercado Libre,04-03-2026,30CM,DESCONOCIDO,1,0
232,"MESA PLEGABLE MALETA 180CM NEGRO ARMA FACIL, CAMPING, OFERTA NEGRO BLANCO",,36990,Mercado Libre,04-03-2026,180CM,DESCONOCIDO,1,0
233,PORTA MACETERO PEDESTAL MACETA PLANTAS NEGRO DORADO NEGRO,,19900,Mercado Libre,04-03-2026,SIN MEDIDAS,DESCONOCIDO,1,0
234,JARDINERAS MACETERO DE MADERA RECTANGULAR GRANDE CON BORDE DE MADERA,,39990,Mercado Libre,04-03-2026,SIN MEDIDAS,NATURAL,1,0
235,SOPORTE PARA 8 MACETAS ESTANTE JARDINERA HUERTO PLANTAS,,19980,Mercado Libre,04-03-2026,SIN MEDIDAS,DESCONOCIDO,8,1
236,"MACETA DE REGALO CON FORMA DE CUENCO PARA JARDIN, 30 CM, COL",,17511,Mercado Libre,04-03-2026,30CM,DESCONOCIDO,1,0
237,MACETERO REDONDO MEDIANO 33CM BOCA EXTERIOR PLASTICO DURO MARRON MEDIANO M,,6200,Mercado Libre,04-03-2026,33CM,PLASTICO,1,0
238,"MACETERO DE CUBO PLANO VINTAGE, DECORACION DE GRANDE",,9557,Mercado Libre,04-03-2026,SIN MEDIDAS,DESCONOCIDO,1,0
239,"ARREGLO FLORAL CREATIVO RETRO PARA EL HOGAR EN MACETA, 3 PIE",,6755,Mercado Libre,04-03-2026,SIN MEDIDAS,DESCONOCIDO,1,0
240,"MACETERO PLASTICO 24,5X29,5CM GRIS ENVEJECIDO BIGHOUSE",,5990,Mercado Libre,04-03-2026,"24,5X29,5",PLASTICO,1,0
241,"MACETERO DECORATIVO PARA JARDIN, ARTE FLORAL, ALMACENAMIENTO",,14396,Mercado Libre,04-03-2026,SIN MEDIDAS,DESCONOCIDO,1,0
242,"MACETA DE CERAMICA PARA BONSAI, MACETA PARA HOGAR, ADORNO PA",,10589,Mercado Libre,04-03-2026,SIN MEDIDAS,CERAMICA,1,0
243,EXQUISITA MACETA DE PIE AIGRETTE PARA DECORACION DE JARDIN,,40847,Mercado Libre,04-03-2026,SIN MEDIDAS,DESCONOCIDO,1,0
244,MACETERO CUADRADO 36CM DE PLASTICO KD9941 NEGRO,,13900,Mercado Libre,04-03-2026,36CM,PLASTICO,1,0
245,MACETERO CUADRADO DE PLASTICO KD9943 NEGRO,,39000,Mercado Libre,04-03-2026,SIN MEDIDAS,PLASTICO,1,0
246,2 GANCHO DE PARED PARA PLANTAS Y LUCES COLGANTES EN MACETAS,,19587,Mercado Libre,04-03-2026,SIN MEDIDAS,DESCONOCIDO,1,0
247,MACETA BLANDA DE 15X15CM MACETA FACIL DE PLANTULAS 100PCS TERRACOTA,,16508,Mercado Libre,04-03-2026,15X15,DESCONOCIDO,100,1
248,PORTA MACETERO PEDESTAL MACETA PLANTAS NEGRO DORADO NEGRO,,19900,Mercado Libre,04-03-2026,SIN MEDIDAS,DESCONOCIDO,1,0
249,MACETERO / BALCONERA DE MADERA CON GANCHOS 40CM NEGRO NEGRO,,17990,Mercado Libre,04-03-2026,40CM,NATURAL,1,0
250,MACETA DECORATIVA DE JARDIN CANINO PARA ESPACIOS EXTERIORES,,12571,Mercado Libre,04-03-2026,SIN MEDIDAS,DESCONOCIDO,1,0
251,MINI MACETA CON FORMA DE CASA DE ARBOL PARA PLANTAS SUCULENT,,13788,Mercado Libre,04-03-2026,SIN MEDIDAS,DESCONOCIDO,1,0
252,MACETERO REDONDO DORADO 27X37X16CM BIGHOUSE,,15458,Mercado Libre,04-03-2026,27X37X16,DESCONOCIDO,1,0
253,COLGAR MACETAS MACETERO COLGANTE PARA EXTERIORES MACETAS DE,,7050,Mercado Libre,04-03-2026,SIN MEDIDAS,DESCONOCIDO,1,0
254,MACETERO / BALCONERA DE MADERA CON GANCHOS 80CM ROBLE MARRON,,27990,Mercado Libre,04-03-2026,80CM,NATURAL,1,0
255,MACETERO FLOTANTE PARA PLANTAS ACUATICAS DE ESTANQUE,,10046,Mercado Libre,04-03-2026,SIN MEDIDAS,DESCONOCIDO,1,0
256,JARDINERA GENERICA 100X40X30 CM HORMIGON RECTANGULAR,,65000,Mercado Libre,04-03-2026,100X40X30,DESCONOCIDO,1,0
257,JARDINERA MACETERO DE MADERA RECTANGULAR MEDIANA NACIONAL MADERA MACETERA INDUSTRIAL,,19980,Mercado Libre,04-03-2026,SIN MEDIDAS,NATURAL,1,0
258,TIERRA PARA MACETEROS ANASAC 6 LITROS RETENCION AGUA Y AIREACION,,3990,Mercado Libre,04-03-2026,6L,DESCONOCIDO,1,0
259,MACETAS PLANTAS TREPADORA ENREDADERA ESTANTE JARDINERA 2PZS NEGRO,,49985,Mercado Libre,04-03-2026,SIN MEDIDAS,DESCONOCIDO,2,1
260,"2 CUBOS DE FLORES DE ESTILO RUSTICO, DECORACION DEL HOGAR, E",,4580,Mercado Libre,04-03-2026,SIN MEDIDAS,DESCONOCIDO,1,0
261,SET 5 MINI CASITAS JARDIN DECORACION HOGAR MACETEROS,,9990,Mercado Libre,04-03-2026,SIN MEDIDAS,DESCONOCIDO,5,1
262,JARDIN VERTICAL MACETERO PARA FRESAS 3 NIVELES CON RUEDAS Y,,93428,Mercado Libre,04-03-2026,SIN MEDIDAS,DESCONOCIDO,1,0
263,CUBO DE FLORES DE HIERRO PARA DECORACION DEL HOGAR CON BONSA,,13981,Mercado Libre,04-03-2026,SIN MEDIDAS,METAL,1,0
264,"CARRITO DE FLORES DE METAL, MACETERO DECORATIVO, BLANCO",,17511,Mercado Libre,04-03-2026,SIN MEDIDAS,METAL,1,0
265,50 MACETERO BIODEGRADABLE 6X6CM PARA CULTIVO CON 50 ETIQUETA,,10999,Mercado Libre,04-03-2026,6X6,DESCONOCIDO,1,0
266,ADORNO DECORATIVO PARA EL HOGAR EN MACETA,,10838,Mercado Libre,04-03-2026,SIN MEDIDAS,DESCONOCIDO,1,0
267,"MACETERO - BOLSA PARA CAMA DE JARDIN, TELA LOS 80X30CM",,7529,Mercado Libre,04-03-2026,80X30,DESCONOCIDO,1,0
268,"ADORNO CREATIVO DE ESCRITORIO, MACETERO PARA EL HOGAR, 2 PIE",,9235,Mercado Libre,04-03-2026,SIN MEDIDAS,DESCONOCIDO,1,0
269,MACETERO RECTANGULAR DE MADERA PARA GUARDAR ARTICULOS DIVERS,,3640,Mercado Libre,04-03-2026,SIN MEDIDAS,NATURAL,1,0
270,DECORACION PARA EL HOGAR MACETA Y RECIPIENTE PARA PLANTAS,,4875,Mercado Libre,04-03-2026,SIN MEDIDAS,DESCONOCIDO,1,0
271,2 GANCHO DE PARED PARA PLANTAS Y LUCES COLGANTES EN MACETAS,,19587,Mercado Libre,04-03-2026,SIN MEDIDAS,DESCONOCIDO,1,0
272,MACETERO ELEFANTE DE RESINA TIERNO CONTENEDOR DE PLANTAS,,6451,Mercado Libre,04-03-2026,SIN MEDIDAS,DESCONOCIDO,1,0
273,"EXPOSITOR DE PLANTAS PARA EL HOGAR, PATIO, ESTILO RETRO, IDE",,5539,Mercado Libre,04-03-2026,SIN MEDIDAS,DESCONOCIDO,1,0
274,MACETERO / BALCONERA DE MADERA CON GANCHOS 20CM ROBLE MARRON,,14990,Mercado Libre,04-03-2026,20CM,NATURAL,1,0
275,"MACETA DE ACRILICO DECORATIVA PARA JARDIN, 2 UNIDADES, CON T",,4921,Mercado Libre,04-03-2026,SIN MEDIDAS,PLASTICO,2,1
276,MACETA DE ESCRITORIO CREATIVE CERAMIC UNIQUE CLOSTABURETE,,7769,Mercado Libre,04-03-2026,SIN MEDIDAS,DESCONOCIDO,1,0
277,"MACETERO - BOLSA PARA CAMA DE JARDIN, TELA LOS 70X30CM",,15751,Mercado Libre,04-03-2026,70X30,DESCONOCIDO,1,0
278,"COLGADOR DE PLANTAS DE MACRAME PARA EL HOGAR, TAPIZ TEJIDO",,6857,Mercado Libre,04-03-2026,SIN MEDIDAS,DESCONOCIDO,1,0
279,"5 JUEGOS DE MACETAS DE CERAMICA ROJA PARA EL HOGAR, SENCILLA",,56165,Mercado Libre,04-03-2026,SIN MEDIDAS,CERAMICA,1,0
280,"MACETERO RECTANGULAR DE MADERA, REGALO 50 CM X 14 CM X 8 CM",,31271,Mercado Libre,04-03-2026,50CM,NATURAL,1,0
281,"ADORNO DE PARED CON FLORES PARA EL HOGAR, PARED FLORAL RUSTI",,11926,Mercado Libre,04-03-2026,SIN MEDIDAS,DESCONOCIDO,1,0
282,"MACETA BASE OF METAL SOPORTES FOR MACETEROS HERRERIA, 1 UNID",,19788,Mercado Libre,04-03-2026,SIN MEDIDAS,METAL,1,0
283,"2 HOGAR PARED COLGANTE PLANTA ORO ROSA ORO ROSA LOS 2X10,8CM",,6875,Mercado Libre,04-03-2026,"2X10,8",DESCONOCIDO,1,0
284,= % MACETA DE CABEZA GRANDE MACETERO DE INTERIOR LADY HEAD _,,7106,Mercado Libre,04-03-2026,SIN MEDIDAS,DESCONOCIDO,1,0
285,MACETERO CUADRADO DE CERAMICA PARA DECORACION DEL HOGAR,,37843,Mercado Libre,04-03-2026,SIN MEDIDAS,CERAMICA,1,0
286,"SOPORTE AJUSTABLE PARA PLANTAS DE MEDIADOS DE SIGLO,",,17447,Mercado Libre,04-03-2026,SIN MEDIDAS,DESCONOCIDO,1,0
287,"- MACETERO GRANDE CON RUEDAS FOR , BASE REDONDA CON M",,5870,Mercado Libre,04-03-2026,M,DESCONOCIDO,1,0
288,"MACETA PARA PLANTAR ORQUIDEAS, PARA VIVERO, HOGAR, 4 UNIDADE",,11207,Mercado Libre,04-03-2026,SIN MEDIDAS,DESCONOCIDO,4,1
289,JARDINERA RECTANGULAR DE MADERA PARA PLANTAS 40CMX14CMX8CM,,17834,Mercado Libre,04-03-2026,40CM,NATURAL,1,0
290,"MACETAS DE JARDIN, 70 UNIDADES, DECORACION DEL DEL HO",,8129,Mercado Libre,04-03-2026,SIN MEDIDAS,DESCONOCIDO,70,1
291,PORTA MACETERO PEDESTAL MACETA PLANTAS BLANCO DORADO DORADO,,19900,Mercado Libre,04-03-2026,SIN MEDIDAS,DESCONOCIDO,1,0
292,"MESA PLEGABLE MALETA 180CM NEGRO ARMA FACIL, CAMPING, OFERTA NEGRO BLANCO",,36990,Mercado Libre,04-03-2026,180CM,DESCONOCIDO,1,0
293,MACETERO CUADRADO 36CM DE PLASTICO KD9941 NEGRO,,13900,Mercado Libre,04-03-2026,36CM,PLASTICO,1,0
294,MACETERO CUADRADO DE PLASTICO KD9943 NEGRO,,39000,Mercado Libre,04-03-2026,SIN MEDIDAS,PLASTICO,1,0
295,MACETA BLANDA DE 15X15CM MACETA FACIL DE PLANTULAS 100PCS TERRACOTA,,16508,Mercado Libre,04-03-2026,15X15,DESCONOCIDO,100,1
296,"MACETERO DE MADERA CREATIVE PARA MACETAS, 40 CM X 14 CM X 8",,18276,Mercado Libre,04-03-2026,40CM,NATURAL,1,0
297,"2 MACETAS DE RESINA PARA S, DECORACION PARA HOGAR, MACETAS",,10156,Mercado Libre,04-03-2026,S,DESCONOCIDO,2,1
298,3X MACETEROS TILLANDSIA ESTANTES MESA PARA PLANTAS DE AIRE,,6230,Mercado Libre,04-03-2026,SIN MEDIDAS,DESCONOCIDO,3,1
299,"MACETA PARA PLANTAS DE BALCON, DECORACION DEL HOGAR, CON FLO",,8423,Mercado Libre,04-03-2026,SIN MEDIDAS,DESCONOCIDO,1,0
300,SOPORTE PARA 8 MACETAS ESTANTE JARDINERA HUERTO PLANTAS,,19980,Mercado Libre,04-03-2026,SIN MEDIDAS,DESCONOCIDO,8,1
301,MACETERO COLGANTE TEJIDO - GRANDE Y PORTATIL,,3870,Mercado Libre,04-03-2026,SIN MEDIDAS,DESCONOCIDO,1,0
302,"L MOLDES DE SILICONA PARA MACETAS, 4 UNIDADES, MOLDE SILICO",,3474,Mercado Libre,04-03-2026,L,DESCONOCIDO,4,1
303,"MACETA DE HIERRO CON ASA PARA EL HOGAR, CON SOPORTE PARA FLO",,52958,Mercado Libre,04-03-2026,SIN MEDIDAS,METAL,1,0
304,JARDINERA GENERICA 100X40X30 CM HORMIGON RECTANGULAR,,65000,Mercado Libre,04-03-2026,100X40X30,DESCONOCIDO,1,0
305,JARDINERA MACETERO DE MADERA RECTANGULAR MEDIANA NACIONAL MADERA MACETERA INDUSTRIAL,,19980,Mercado Libre,04-03-2026,SIN MEDIDAS,NATURAL,1,0
306,"DECORACION HOGAR, DISENO DE DE CERAMICA JARDIN, DEC...",,65687,Mercado Libre,04-03-2026,SIN MEDIDAS,CERAMICA,1,0
307,2X SOPORTE DE PLANTA DE METAL SOPORTE DE MACETA DE HIERRO,,17520,Mercado Libre,04-03-2026,SIN MEDIDAS,METAL,2,1
308,"MODELO EUROPEO DE MACETA, MODELO DE HORMIGON, SUMINISTRO",,31428,Mercado Libre,04-03-2026,SIN MEDIDAS,DESCONOCIDO,1,0
309,"ESTANTE PARA MACETAS PARA EL HOGAR, ESTANTE DE EXHIBICION",,18221,Mercado Libre,04-03-2026,SIN MEDIDAS,DESCONOCIDO,1,0
310,"MOLDE DE SILICONA PARA MACETAS FOX CONCRETE, SUCULENTO, PARA",,4645,Mercado Libre,04-03-2026,SIN MEDIDAS,DESCONOCIDO,1,0
311,BOLSA DE ALMACENAMIENTO EN EL HOGAR L NEGRO,,8811,Mercado Libre,04-03-2026,L,DESCONOCIDO,1,0
312,BOLSA DE ALMACENAMIENTO EN EL HOGAR S NEGRO,,4912,Mercado Libre,04-03-2026,S,DESCONOCIDO,1,0
313,MACETA COLGANTE MONTABLE PARED INTERIOR/EXTERIOR HOGAR,,3087,Mercado Libre,04-03-2026,SIN MEDIDAS,DESCONOCIDO,1,0
314,JUEGO 4 MACETERO PLASTICO AUTORRIEGO 14 CM PARA USO INTERIOR BLANCO MODERNO PARA PLANTAS,,12090,Mercado Libre,04-03-2026,14CM,PLASTICO,1,0
315,PAQUETE DE 100 MACETAS FLEXIBLES CON AGUJEROS DE DRENAJE,,16505,Mercado Libre,04-03-2026,SIN MEDIDAS,DESCONOCIDO,100,1
316,BOLSA DE ALMACENAMIENTO EN EL HOGAR L GRIS,,6497,Mercado Libre,04-03-2026,L,DESCONOCIDO,1,0
317,60 MACETEROS DE PLANTULAS PARA JARDIN,,3972,Mercado Libre,04-03-2026,SIN MEDIDAS,DESCONOCIDO,60,1
318,TIERRA PARA MACETEROS ANASAC 6 LITROS RETENCION AGUA Y AIREACION,,3990,Mercado Libre,04-03-2026,6L,DESCONOCIDO,1,0
319,"MACETERO CUADRADO SONRIENTE DECORACION DEL HOGAR, JARD...",,66714,Mercado Libre,04-03-2026,SIN MEDIDAS,DESCONOCIDO,1,0
320,NUEVO DISENO UNICO DE MACETA FOR JARDIN KJHG,,27649,Mercado Libre,04-03-2026,SIN MEDIDAS,DESCONOCIDO,1,0
321,M SOPORTE FOR PLANTAS SOPORTE EN MACETA SOPORTE FOR .,,9474,Mercado Libre,04-03-2026,M,DESCONOCIDO,1,0
322,MACETA TEJIDA DE MADERA CON PATAS ERGUIDAS PARA EL HOGAR,,64792,Mercado Libre,04-03-2026,SIN MEDIDAS,NATURAL,1,0
323,MACETA DE CERAMICA CON BOMBILLA FOR DECORACION DEL HOGAR Y,,19382,Mercado Libre,04-03-2026,SIN MEDIDAS,CERAMICA,1,0
324,M SOPORTE FOR PLANTAS CON FORMA DE BOLA DE DISCOTECA DE N,,10258,Mercado Libre,04-03-2026,M,DESCONOCIDO,1,0
325,"MACETA DE CAQUI PARA DECORACION DEL HOGAR, ESTATUA DE MEDIO",,10884,Mercado Libre,04-03-2026,SIN MEDIDAS,DESCONOCIDO,1,0
326,ESTANTE PARA PLANTAS DE MADERA SOPORTE DECORATIVO MULTIUSO COLOR NEGRO YIBAINI,,22790,Mercado Libre,04-03-2026,SIN MEDIDAS,NATURAL,1,0
327,"SOPORTE PARA , SOPORTE PARA MACETAS, DECORACION DEL HOGAR, .",,9447,Mercado Libre,04-03-2026,SIN MEDIDAS,DESCONOCIDO,1,0
328,"MACETA PARA ORQUIDEAS FAYOULA, CERAMICA, 14 CM, CON ORIFICIO",,52599,Mercado Libre,04-03-2026,14CM,CERAMICA,1,0
329,"MINI MACETA JARDIN, DECORACION DEL HOGAR, HIERRO",,149850,Mercado Libre,04-03-2026,SIN MEDIDAS,METAL,1,0
330,MACETA GIRATORIA DE CERAMICA MONTADA EN LA PARED,,4755,Mercado Libre,04-03-2026,SIN MEDIDAS,CERAMICA,1,0
331,MACETA DE CARA DE NINA CON FLORERO DIVERTIDO HECHO A MANO,,4276,Mercado Libre,04-03-2026,SIN MEDIDAS,DESCONOCIDO,1,0
332,JARDINERAS MACETERO DE MADERA RECTANGULAR GRANDE CON BORDE DE MADERA,,39990,Mercado Libre,04-03-2026,SIN MEDIDAS,NATURAL,1,0
333,"MACETA DE CERAMICA BLANCA PARA HOGAR, 1 PIEZA, PRACTICO JARR",,10313,Mercado Libre,04-03-2026,SIN MEDIDAS,CERAMICA,1,0
334,BASE PARA MACETA DE 30CM PLASTICA CON RUEDAS CARGA 50KG,,19980,Mercado Libre,04-03-2026,30CM,PLASTICO,1,0
335,"ESTANTE COLGANTE PARA PLANTAS, PATIO, HOGAR, PATIO, RETRO, B",,5483,Mercado Libre,04-03-2026,SIN MEDIDAS,DESCONOCIDO,1,0
336,"XH MACETA FOR ORQUIDEAS, PAQUETE DE 5 MACETAS DE 5 PULGADAS",,8599,Mercado Libre,04-03-2026,5PULGADAS,DESCONOCIDO,5,1
337,"2 MACETAS DECORACION HOGAR, DECORACION DE MESA AL AIR...",,72872,Mercado Libre,04-03-2026,SIN MEDIDAS,DESCONOCIDO,2,1
338,"MACETA DE CERAMICA PARA MACETA, HOGAR, VACAS, 8 X 6,5 X 7,5",,5345,Mercado Libre,04-03-2026,"8X6,5X7,5",CERAMICA,1,0
339,COLGADOR DE MACRAME PARA PLANTAS SOPORTE MACETA TEJIDO 105CM,,8737,Mercado Libre,04-03-2026,105CM,DESCONOCIDO,1,0
340,"TIERRA PARA MACETEROS 12,5 KG 25L ANASAC",,9980,Mercado Libre,04-03-2026,25L,DESCONOCIDO,1,0
341,"BOLSAS GRUESAS PARA PLANTAS, VIVERO 200 UNIDADES",,3668,Mercado Libre,04-03-2026,SIN MEDIDAS,DESCONOCIDO,200,1
342,"MACETERO DE ESQUELETO HUMANO DECORACION DEL HOGAR, DEC...",,65687,Mercado Libre,04-03-2026,SIN MEDIDAS,DESCONOCIDO,1,0
343,SOPORTE DE HIERRO AIR PLANT PARA DECORACION DEL HOGAR,,4009,Mercado Libre,04-03-2026,SIN MEDIDAS,METAL,1,0
344,"MACETA EUROPEA, DECORACION DE JARDIN, DIAMETRO 37 CM",,63898,Mercado Libre,04-03-2026,37CM,DESCONOCIDO,1,0
345,TIERRA PARA MACETEROS 6 LT ANASAC,,4300,Mercado Libre,04-03-2026,6L,DESCONOCIDO,1,0
346,"MACETA DE CERAMICA CON FORMA DE NARANJA, ADORNO DE GRANDE",,15133,Mercado Libre,04-03-2026,SIN MEDIDAS,CERAMICA,1,0
347,"ESTANTERIA PARA PLANTAS, PATIO, PATIO, ESTILO RETRO, BRICOLA",,9723,Mercado Libre,04-03-2026,SIN MEDIDAS,DESCONOCIDO,1,0
0,MACETERO NEGRO AMSTERDAM 55CM ALTO CON PLATO,FLORIDIS,44990,Sodimac,04-03-2026,55CM,DESCONOCIDO,1,0
1,SOPORTE PARA MACETAS ESTANTE DE MACETAS PARA PLANTAS 8 NIVEL,TNAKIEX,31990,Sodimac,04-03-2026,SIN MEDIDAS,DESCONOCIDO,1,0
2,MACETERO LOOK BARRIL,JUST HOME COLLECTION,4666,Sodimac,04-03-2026,SIN MEDIDAS,DESCONOCIDO,1,0
3,SET 3 MACETEROS DE FIBRA TALL TAUPE GRIS,JUST HOME COLLECTION,119990,Sodimac,04-03-2026,SIN MEDIDAS,DESCONOCIDO,3,1
4,SOPORTE PARA MACETAS ESTANTE DE MACETAS PARA PLANTAS 8 NIVEL,TNAKIEX,31990,Sodimac,04-03-2026,SIN MEDIDAS,DESCONOCIDO,1,0
5,MACETERO RUSTICO DE ARCILLA TERRACOTA,CASA BONITA,9990,Sodimac,04-03-2026,SIN MEDIDAS,CERAMICA,1,0
6,MACETERO NEGRO ZURIQUE 74CM ALTO CON PLATO,FLORIDIS,56990,Sodimac,04-03-2026,74CM,DESCONOCIDO,1,0
7,MACETERO BEIGE AMSTERDAM 44CM ALTO CON PLATO,FLORIDIS,23990,Sodimac,04-03-2026,44CM,DESCONOCIDO,1,0
8,MACETERO REDONDO DE ARCILLA TERRACOTA,JUST HOME COLLECTION,11990,Sodimac,04-03-2026,SIN MEDIDAS,CERAMICA,1,0
9,MACETERO SIENA DE PLASTICO 40X40 CM ARENA,JUST HOME COLLECTION,9990,Sodimac,04-03-2026,40X40,PLASTICO,1,0
10,MACETERO DE PLASTICO 27X38 CM GRANITO,JUST HOME COLLECTION,27990,Sodimac,04-03-2026,27X38,PLASTICO,1,0
11,EXHIBICION MACETERO DE BAMBU CON 9 REPISAS,U BUY,26990,Sodimac,04-03-2026,SIN MEDIDAS,NATURAL,1,0
12,MACETA JARDINERA PANTANAL LISO 64X19X22CMS BEIGE EFECTO MARMOLEADO,VERDY,46990,Sodimac,04-03-2026,64X19X22,DESCONOCIDO,1,0
13,SET ORGANIZADOR 3 PEDESTAL PORTA MACETERO DESMONTABLE METAL,ANYHOGAR,21990,Sodimac,04-03-2026,SIN MEDIDAS,METAL,1,0
14,MACETERO DE PLASTICO 43X65 CM ARENA,JUST HOME COLLECTION,52990,Sodimac,04-03-2026,43X65,PLASTICO,1,0
15,MACETERO NEGRO ZURIQUE 74CM ALTO CON PLATO,FLORIDIS,56990,Sodimac,04-03-2026,74CM,DESCONOCIDO,1,0
16,SOPORTE DE 5 NIVELES PARA MACETAS PLANTAS DECORATIVO NEGRO,CRUSEC,28990,Sodimac,04-03-2026,SIN MEDIDAS,DESCONOCIDO,1,0
17,MACETERO DE CERAMICA NIHI,JUST HOME COLLECTION,9990,Sodimac,04-03-2026,SIN MEDIDAS,CERAMICA,1,0
18,MACETERO SIENA DE PLASTICO 40X40 CM TAUPE,JUST HOME COLLECTION,9990,Sodimac,04-03-2026,40X40,PLASTICO,1,0
19,MACETERO DE PLASTICO 50X45 CM CHOCOLATE,VITALY,9990,Sodimac,04-03-2026,50X45,PLASTICO,1,0
20,MACETERO DE CERAMICA 13X11 CM COLORES SURTIDOS,JUST HOME COLLECTION,2990,Sodimac,04-03-2026,13X11,CERAMICA,1,0
21,MACETERO DE CERAMICA KURA,JUST HOME COLLECTION,8290,Sodimac,04-03-2026,SIN MEDIDAS,CERAMICA,1,0
22,MACETERO DE POLIETILENO 43X65 CM GRANITO,JUST HOME COLLECTION,52990,Sodimac,04-03-2026,43X65,PLASTICO,1,0
23,MACETERO RUSTICO DE ARCILLA TERRACOTA,CASA BONITA,9990,Sodimac,04-03-2026,SIN MEDIDAS,CERAMICA,1,0
24,MACETERO DE CERAMICA EMA,JUST HOME COLLECTION,7690,Sodimac,04-03-2026,SIN MEDIDAS,CERAMICA,1,0
25,SET DE 3 MACETEROS CERAMICA DISENOS GRIS Y BLANCO,JUST HOME COLLECTION,50390,Sodimac,04-03-2026,SIN MEDIDAS,CERAMICA,3,1
26,MACETERO DE ARCILLA TERRACOTA,JUST HOME COLLECTION,15990,Sodimac,04-03-2026,SIN MEDIDAS,CERAMICA,1,0
27,MACETERO DE PLASTICO 30 CM PLATA,JUST HOME COLLECTION,7990,Sodimac,04-03-2026,30CM,PLASTICO,1,0
28,MACETERO BEIGE EFECTO MARMOL AMSTERDAM 44CM ALTO CON PLATO,FLORIDIS,23990,Sodimac,04-03-2026,44CM,DESCONOCIDO,1,0
29,MACETERO NEGRO EFECTO MARMOL AMSTERDAM 44CM ALTO CON PLATO,FLORIDIS,23990,Sodimac,04-03-2026,44CM,DESCONOCIDO,1,0
30,MACETERO FIBRA LINE,JUST HOME COLLECTION,29990,Sodimac,04-03-2026,SIN MEDIDAS,DESCONOCIDO,1,0
31,SET 3 MACETEROS DE MADERA TIPO BARRIL,CASA BONITA,36990,Sodimac,04-03-2026,SIN MEDIDAS,NATURAL,3,1
32,SET 4 TAMANOS DE MACETEROS DENVER COLOR BEIGE,JUST HOME COLLECTION,20990,Sodimac,04-03-2026,SIN MEDIDAS,DESCONOCIDO,4,1
33,MACETERO MIKONOS,JUST HOME COLLECTION,13990,Sodimac,04-03-2026,SIN MEDIDAS,DESCONOCIDO,1,0
34,MACETA MACETERO PEDESTAL DECORATIVO GRANDE,GENERICO,19990,Sodimac,04-03-2026,SIN MEDIDAS,DESCONOCIDO,1,0
35,MACETERO DE MADERA TIPO BARRIL,CASA BONITA,14990,Sodimac,04-03-2026,SIN MEDIDAS,NATURAL,1,0
36,MACETERO NEGRO AMSTERDAM 55CM ALTO CON PLATO,FLORIDIS,44990,Sodimac,04-03-2026,55CM,DESCONOCIDO,1,0
37,MACETERO BEIGE AMSTERDAM 44CM ALTO CON PLATO,FLORIDIS,23990,Sodimac,04-03-2026,44CM,DESCONOCIDO,1,0
38,JARDINERA EXTERIOR DE BARANDILLA PARA BALCON 50X20X12 CM,CRUSEC,15990,Sodimac,04-03-2026,50X20X12,DESCONOCIDO,1,0
39,CANASTO DECORATIVO HIERBA MARINA 43X40 CM HOGAR,JUST HOME COLLECTION,28990,Sodimac,04-03-2026,43X40,DESCONOCIDO,1,0
40,MACETERO PLASTICO 46CM GRAFIATO CONICO DECORATIVO GRANDE,GENERICO,17850,Sodimac,04-03-2026,46CM,PLASTICO,1,0
41,MACETERO DE CERAMICA,SK,7990,Sodimac,04-03-2026,SIN MEDIDAS,CERAMICA,1,0
42,MACETERO DE GREDA 13X13 CM COLORES SURTIDOS,JUST HOME COLLECTION,2990,Sodimac,04-03-2026,13X13,CERAMICA,1,0
43,MACETERO DE CERAMICA,SK,6690,Sodimac,04-03-2026,SIN MEDIDAS,CERAMICA,1,0
44,SOPORTE DE 5 NIVELES PARA MACETAS PLANTAS DECORATIVO BLANCO,CRUSEC,28990,Sodimac,04-03-2026,SIN MEDIDAS,DESCONOCIDO,1,0
45,JUEGO DE DOS MACETAS DE FLORES PARA COLGAR PARED,CRUSEC,13990,Sodimac,04-03-2026,SIN MEDIDAS,DESCONOCIDO,1,0
46,SOPORTE PARA PLANTAS COLGANTES 2 GANCHOS DE PARED DE HIERRO,MUNDO MAGIA,7990,Sodimac,04-03-2026,SIN MEDIDAS,METAL,1,0
47,SET 3 MACETEROS DE CEAMICA KURA TABACO DORADO,JUST HOME COLLECTION,32990,Sodimac,04-03-2026,SIN MEDIDAS,DESCONOCIDO,3,1
48,135 MACETEROS FLEXIBLES VIVERO 9X8CM TERRACOTA KIT INICIAL,GENERICO,9390,Sodimac,04-03-2026,9X8,DESCONOCIDO,135,1
49,MACETERO SIENA DE PLASTICO 40X40 CM PLATA,JUST HOME COLLECTION,9990,Sodimac,04-03-2026,40X40,PLASTICO,1,0
50,SET ORGANIZADOR 3 PEDESTAL PORTA MACETERO DESMONTABLE METAL,ANYHOGAR,25467,Sodimac,04-03-2026,SIN MEDIDAS,METAL,1,0
51,MACETERO AUTORREGANTE SET 4 UNIDADES,KUANGYE,13290,Sodimac,04-03-2026,SIN MEDIDAS,DESCONOCIDO,4,1
52,ESTANTE PLANTAS 75X54 CM GREEN,JUST HOME COLLECTION,29990,Sodimac,04-03-2026,75X54,DESCONOCIDO,1,0
53,MACETERO DE FIBRA TALL,JUST HOME COLLECTION,52990,Sodimac,04-03-2026,SIN MEDIDAS,DESCONOCIDO,1,0
54,9 PCS MACETAS DE PLASTICO CON SEPARADOR DE AGUA TRICOLOR,TNAKIEX,15990,Sodimac,04-03-2026,SIN MEDIDAS,PLASTICO,9,1
55,TORRE DE CULTIVO HIDROPONICO VERTICAL 165X53CM,RAGNAR,112872,Sodimac,04-03-2026,165X53,DESCONOCIDO,1,0
56,MACETERO NEGRO EFECTO MARMOL AMSTERDAM 44CM ALTO CON PLATO,FLORIDIS,23990,Sodimac,04-03-2026,44CM,DESCONOCIDO,1,0
57,TORRE DE CULTIVO HIDROPONICO VERTICAL 165X53CM,RAGNAR,112872,Sodimac,04-03-2026,165X53,DESCONOCIDO,1,0
58,MACETERO SIENA DE PLASTICO 40X40 CM BLANCO,JUST HOME COLLECTION,9990,Sodimac,04-03-2026,40X40,PLASTICO,1,0
59,JARDIN VERTICAL HUERTO URBANO BALCON TERRAZA MURAL EXTERIOR DE GEOTEXTIL 18 BOLSILLOS,GENERICO,6900,Sodimac,04-03-2026,SIN MEDIDAS,DESCONOCIDO,1,0
60,"RACK HUERTO 49X20X13,5 CM",ERGO,32990,Sodimac,04-03-2026,"49X20X13,5",DESCONOCIDO,1,0
61,JARDINERA DE POLIPROPILENO 79X39 CM ARENA,DEROMA,82990,Sodimac,04-03-2026,79X39,DESCONOCIDO,1,0
62,MACETERO NEGRO AMSTERDAM 70CM ALTO CON PLATO,FLORIDIS,91990,Sodimac,04-03-2026,70CM,DESCONOCIDO,1,0
63,MACETERO CAFE EFECTO MARMOL GENEBRA 35CM ALTO CON PLATO,FLORIDIS,17990,Sodimac,04-03-2026,35CM,DESCONOCIDO,1,0
64,SET 2 MACETEROS DE FIBRA CON PATAS BLANCO,JUST HOME COLLECTION,62990,Sodimac,04-03-2026,SIN MEDIDAS,DESCONOCIDO,2,1
65,PACK 2 MACETAS DE VIDRIO COLGANTE TRANSPARENTE PARED 13CM,CRUSEC,10990,Sodimac,04-03-2026,13CM,VIDRIO,2,1
66,MACETERO NEGRO ZURIQUE 55CM ALTO CON PLATO,FLORIDIS,32990,Sodimac,04-03-2026,55CM,DESCONOCIDO,1,0
67,PORTAMACETERO COLGANTE PARA MACETAS 65 CM,JUST HOME COLLECTION,5000,Sodimac,04-03-2026,65CM,DESCONOCIDO,1,0
68,PARAGUAS GRANDE DE TOTORA PARA JARDIN Y EXTERIORES,TOTORARTE,13390,Sodimac,04-03-2026,SIN MEDIDAS,DESCONOCIDO,1,0
69,PORTA MACETERO METALICO 46 CM PARA INTERIOR,JUST HOME COLLECTION,25990,Sodimac,04-03-2026,46CM,METAL,1,0
70,SET 4 MACETEROS DE CERAMICA AZUL,JUST HOME COLLECTION,94990,Sodimac,04-03-2026,SIN MEDIDAS,CERAMICA,4,1
71,CERCO METALICO DECORATIVO JARDIN DELIMITADOR 42X47 CM,POTTERY,6490,Sodimac,04-03-2026,42X47,METAL,1,0
72,MACETERO DE PLASTICO 28 CM,CASA BONITA,3272,Sodimac,04-03-2026,28CM,PLASTICO,1,0
73,MESITA PORTA MACETERO PEDESTAL DOS NIVELES,GENERICO,12990,Sodimac,04-03-2026,SIN MEDIDAS,DESCONOCIDO,1,0
74,SET DE 3 MACETAS TEJIDAS CON PATAS,HOME ESSENTIALS,47990,Sodimac,04-03-2026,SIN MEDIDAS,DESCONOCIDO,3,1
75,MACETERO REDONDO DE PLASTICO 17.2X17 CM TAUPE,REYPLAST,3190,Sodimac,04-03-2026,17.2X17,PLASTICO,1,0
76,SET ORGANIZADOR PEDESTAL PORTA MACETERO DESMONTABLE METAL,KINDA NICE,13990,Sodimac,04-03-2026,SIN MEDIDAS,METAL,1,0
77,MACETERO DE GREDA 14X14 CM COLORES SURTIDOS,JUST HOME COLLECTION,2990,Sodimac,04-03-2026,14X14,CERAMICA,1,0
78,MACETERO DE ARCILLA SIN BORDE TERRACOTA,JUST HOME COLLECTION,19990,Sodimac,04-03-2026,SIN MEDIDAS,CERAMICA,1,0
79,MACETERO DE CERAMICA 13X13 CM DISENOS SURTIDOS,JUST HOME COLLECTION,2990,Sodimac,04-03-2026,13X13,CERAMICA,1,0
80,MACETERO REDONDO DE PLASTICO 32X30 CM TAUPE,REYPLAST,10990,Sodimac,04-03-2026,32X30,PLASTICO,1,0
81,MACETERO CON PATAS DE METAL 18.5X31 CM DORADO,JUST HOME COLLECTION,14990,Sodimac,04-03-2026,18.5X31,METAL,1,0
82,MACETERO DE CERAMICA,SK,6990,Sodimac,04-03-2026,SIN MEDIDAS,CERAMICA,1,0
83,MACETERO GRAFITO AMSTERDAM 44CM ALTO CON PLATO,FLORIDIS,23990,Sodimac,04-03-2026,44CM,DESCONOCIDO,1,0
84,MACETERO MARRON AMSTERDAM 55CM ALTO CON PLATO,FLORIDIS,44990,Sodimac,04-03-2026,55CM,DESCONOCIDO,1,0
85,MACETERO BEIGE AMSTERDAM 55CM ALTO CON PLATO,FLORIDIS,44990,Sodimac,04-03-2026,55CM,DESCONOCIDO,1,0
86,MACETEROS AUTORREGANTE SET 4 UNIDADES,KUANGYE,13290,Sodimac,04-03-2026,SIN MEDIDAS,DESCONOCIDO,4,1
87,MACETERO ROTOMOLDEO DE POLIPROPILENO 55X53 CM NEGRO,POTTERY,79990,Sodimac,04-03-2026,55X53,DESCONOCIDO,1,0
88,MACETERO BEIGE EFECTO MARMOL AMSTERDAM 44CM ALTO CON PLATO,FLORIDIS,23990,Sodimac,04-03-2026,44CM,DESCONOCIDO,1,0
89,MACETA COLGANTE MACETERO COLGANTE DE PAJA CESTA PEQUENO,OEM,5990,Sodimac,04-03-2026,SIN MEDIDAS,DESCONOCIDO,1,0
90,MACETERO NEGRO MODELO BERLIN 41CM ALTO CON PLATO,FLORIDIS,39990,Sodimac,04-03-2026,41CM,DESCONOCIDO,1,0
91,MACETERO REDONDO DE PLASTICO 24.4X23 CM TAUPE,REYPLAST,7490,Sodimac,04-03-2026,24.4X23,PLASTICO,1,0
92,JUEGO DE 2 MACETAS METALICAS VINTAGE - ACABADO RUSTICO PARA BALCON,GENERICO,7990,Sodimac,04-03-2026,SIN MEDIDAS,DESCONOCIDO,2,1
93,MACETERO DE PLASTICO 27X38 CM ARENA,JUST HOME COLLECTION,27990,Sodimac,04-03-2026,27X38,PLASTICO,1,0
94,MACETERO BLANCO AMSTERDAM 44CM ALTO CON PLATO,FLORIDIS,23990,Sodimac,04-03-2026,44CM,DESCONOCIDO,1,0
95,MACETERO DE CERAMICA HIMBA,JUST HOME COLLECTION,17990,Sodimac,04-03-2026,SIN MEDIDAS,CERAMICA,1,0
96,MACETERO DE CERAMICA NUI,JUST HOME COLLECTION,11990,Sodimac,04-03-2026,SIN MEDIDAS,CERAMICA,1,0
97,MALLA ANTIMALEZA 2X10MTS +15 CLAVOS EN U + 15 ESPACIADOR,MUNDO MAGIA,10990,Sodimac,04-03-2026,2X10,DESCONOCIDO,1,0
98,SET 3 MACETEROS DE FIBRA STRI GREY GRIS,JUST HOME COLLECTION,96990,Sodimac,04-03-2026,SIN MEDIDAS,DESCONOCIDO,3,1
99,31 KITS BANDEJAS GERMINADORAS CON LUZ INVERNADERO SEMILLERO,YAYKO,12290,Sodimac,04-03-2026,SIN MEDIDAS,DESCONOCIDO,1,0
100,MACETERO GRIS CLARO AMSTERDAM 65 CM ALTO CON PLATO,FLORIDIS,32990,Sodimac,04-03-2026,65CM,DESCONOCIDO,1,0
101,SET 4 TAMANOS DE MACETEROS DENVER COLOR PLOMO,JUST HOME COLLECTION,20990,Sodimac,04-03-2026,SIN MEDIDAS,DESCONOCIDO,4,1
102,SOPORTE PARA 8 MACETAS ESTANTE JARDINERA HUERTO PLANTAS,GENERICO,19980,Sodimac,04-03-2026,SIN MEDIDAS,DESCONOCIDO,8,1
103,SET 2 MACETEROS CON PEDESTAL DORADOS,IMPORTADORA USA,35990,Sodimac,04-03-2026,SIN MEDIDAS,DESCONOCIDO,2,1
104,MACETERO GRAFIATO DE PLASTICO 34X48 CM GRANITO,JUST HOME COLLECTION,42990,Sodimac,04-03-2026,34X48,PLASTICO,1,0
105,PORTA MACETERO PEDESTAL MACETA PLANTAS BLANCO DORADO MEDIANO,GENERICO,18990,Sodimac,04-03-2026,SIN MEDIDAS,DESCONOCIDO,1,0
106,MACETERO DE GREDA 13X13 CM COLORES SURTIDOS,JUST HOME COLLECTION,2990,Sodimac,04-03-2026,13X13,CERAMICA,1,0
107,MACETERO RUSTICO DE ARCILLA,CASA BONITA,9990,Sodimac,04-03-2026,SIN MEDIDAS,CERAMICA,1,0
108,FUENTE SOLAR RAYADO PARA JARDIN,GENERICO,10000,Sodimac,04-03-2026,SIN MEDIDAS,DESCONOCIDO,1,0
109,MACETERO NEGRO AMSTERDAM 45CM ALTO CON PLATO,FLORIDIS,32990,Sodimac,04-03-2026,45CM,DESCONOCIDO,1,0
110,MACETERO BEIGE AMSTERDAM 45CM ALTO CON PLATO,FLORIDIS,32990,Sodimac,04-03-2026,45CM,DESCONOCIDO,1,0
111,MACETERO GRIS CLARO AMSTERDAM 44CM ALTO CON PLATO,FLORIDIS,23990,Sodimac,04-03-2026,44CM,DESCONOCIDO,1,0
112,MACETERO CAFE EFECTO MARMOL GENEBRA 35CM ALTO CON PLATO,FLORIDIS,17990,Sodimac,04-03-2026,35CM,DESCONOCIDO,1,0
113,MACETERO BEIGE AMSTERDAM 45CM ALTO CON PLATO,FLORIDIS,32990,Sodimac,04-03-2026,45CM,DESCONOCIDO,1,0
114,MACETERO CON BASE DE METAL 26X26 CM DORADO,JUST HOME COLLECTION,22990,Sodimac,04-03-2026,26X26,METAL,1,0
115,MACETERO BEIGE ALCANTARA 75CM ALTO,GENERICO,21990,Sodimac,04-03-2026,75CM,DESCONOCIDO,1,0
116,MACETERO NEGRO BOWL 19CM ALTO CON PLATO,FLORIDIS,19990,Sodimac,04-03-2026,19CM,DESCONOCIDO,1,0
117,MACETERO GRANITO ALCANTARA 75CM ALTO,GENERICO,21990,Sodimac,04-03-2026,75CM,DESCONOCIDO,1,0
118,MACETERO MARRON FLORENCIA 24CM ALTO CON PLATO,FLORIDIS,18990,Sodimac,04-03-2026,24CM,DESCONOCIDO,1,0
119,MACETERO GRIS EFECTO MARMOL AMSTERDAM 44CM ALTO CON PLATO,FLORIDIS,23990,Sodimac,04-03-2026,44CM,DESCONOCIDO,1,0
120,MACETERO DE MADERA CUADRADO GRANDE,GENERICO,30990,Sodimac,04-03-2026,SIN MEDIDAS,NATURAL,1,0
121,MACETA COLGANTE MACETERO COLGANTE DE PAJA CESTA MEDIANO,OEM,6990,Sodimac,04-03-2026,SIN MEDIDAS,DESCONOCIDO,1,0
122,MACETERO DE CERAMICA,JUST HOME COLLECTION,6990,Sodimac,04-03-2026,SIN MEDIDAS,CERAMICA,1,0
123,MACETA MACETERO PEDESTAL DECORATIVO BLANCO,GENERICO,15990,Sodimac,04-03-2026,SIN MEDIDAS,DESCONOCIDO,1,0
124,PORTAMACETERO DE PARED METALICO PARA MACETAS,ERGO,3990,Sodimac,04-03-2026,SIN MEDIDAS,METAL,1,0
125,MACETERO DE FIBRA CON PATAS,JUST HOME COLLECTION,33990,Sodimac,04-03-2026,SIN MEDIDAS,DESCONOCIDO,1,0
126,PORTA MACETERO PEDESTAL SOPORTE DE PLANTAS DESMONTABLE,CRUSEC,15990,Sodimac,04-03-2026,SIN MEDIDAS,DESCONOCIDO,1,0
127,MACETERO DE PLASTICO 22.8X17.8 CM TAUPE,CASA BONITA,2990,Sodimac,04-03-2026,22.8X17.8,PLASTICO,1,0
128,MACETERO SIENA DE PLASTICO 30X30 CM BLANCO,JUST HOME COLLECTION,7990,Sodimac,04-03-2026,30X30,PLASTICO,1,0
129,MACETERO DE PLASTICO 11.5X8.9 CM TAUPE,CASA BONITA,833,Sodimac,04-03-2026,11.5X8.9,PLASTICO,1,0
130,MACETERO VITORIA DE CERAMICA 33X26 CM GRIS,JUST HOME COLLECTION,26990,Sodimac,04-03-2026,33X26,CERAMICA,1,0
131,MACETERO DE PLASTICO 23 CM,CASA BONITA,2392,Sodimac,04-03-2026,23CM,PLASTICO,1,0
132,9 PCS MACETAS DE PLASTICO CON SEPARADOR DE AGUA TRICOLOR,TNAKIEX,15990,Sodimac,04-03-2026,SIN MEDIDAS,PLASTICO,9,1
133,MACETERO DE PLASTICO 39.8X31 CM TAUPE,CASA BONITA,9990,Sodimac,04-03-2026,39.8X31,PLASTICO,1,0
134,MACETERO DE PLASTICO CANASTO DORADO MACETA BALDE GRANDE,OEM,15990,Sodimac,04-03-2026,SIN MEDIDAS,PLASTICO,1,0
135,SET 2 MACETEROS DE CERAMICA AISEA OLIVA DORADO,JUST HOME COLLECTION,24990,Sodimac,04-03-2026,SIN MEDIDAS,CERAMICA,2,1
136,MACETERO ONDULADO DE PLASTICO 38X26 CM ARENA,JUST HOME COLLECTION,21990,Sodimac,04-03-2026,38X26,PLASTICO,1,0
137,MACETERO DE PLASTICO 17 CM,CASA BONITA,1352,Sodimac,04-03-2026,17CM,PLASTICO,1,0
138,MACETERO DE PLASTICO 25X21 CM CHOCOLATE,VITALY,1990,Sodimac,04-03-2026,25X21,PLASTICO,1,0
139,MACETERO STRI DE FIBRA DE VIDRIO 50X39 CM GRIS,JUST HOME COLLECTION,47990,Sodimac,04-03-2026,50X39,VIDRIO,1,0
140,MACETERO GRAFITO GENEBRA 57CM ALTO CON PLATO,FLORIDIS,32990,Sodimac,04-03-2026,57CM,DESCONOCIDO,1,0
141,MACETERO GRIS CLARO AMSTERDAM 55CM ALTO CON PLATO,FLORIDIS,44990,Sodimac,04-03-2026,55CM,DESCONOCIDO,1,0
142,SET 3 MACETEROS DE CERAMICA NIHI VERDE JADE,JUST HOME COLLECTION,50990,Sodimac,04-03-2026,SIN MEDIDAS,CERAMICA,3,1
143,MACETERO TANTA 34 (FIBRA DE CEMENTO),PLANT ME,49990,Sodimac,04-03-2026,SIN MEDIDAS,CEMENTICIO,1,0
144,PACK 80 MACETEROS 14X13 TERRACOTA KIT INICIAL,KUANGYE,10090,Sodimac,04-03-2026,14X13,DESCONOCIDO,80,1
145,MACETERO DE PLASTICO 46 CM,CASA BONITA,11192,Sodimac,04-03-2026,46CM,PLASTICO,1,0
146,MACETERO DE FIBRA STRI,JUST HOME COLLECTION,32990,Sodimac,04-03-2026,SIN MEDIDAS,DESCONOCIDO,1,0
147,MACETERO BASEL,SK,6690,Sodimac,04-03-2026,SIN MEDIDAS,DESCONOCIDO,1,0
148,MACETAS PEDESTA MACETA NEGRA,BASEMENT HOME,26990,Sodimac,04-03-2026,SIN MEDIDAS,DESCONOCIDO,1,0
149,MACETERO NEGRO EFECTO MARMOL AMSTERDAM 44CM ALTO CON PLATO,FLORIDIS,23990,Sodimac,04-03-2026,44CM,DESCONOCIDO,1,0
150,MACETERO DE PLASTICO 17.1X13.4 CM TAUPE,CASA BONITA,1690,Sodimac,04-03-2026,17.1X13.4,PLASTICO,1,0
151,MACETERO DE PLASTICO 14 CM,JUST HOME COLLECTION,2390,Sodimac,04-03-2026,14CM,PLASTICO,1,0
152,CANASTO DECORATIVO HIERBA MARINA 43X30 CM BOHO CHIC HOGAR,JUST HOME COLLECTION,16990,Sodimac,04-03-2026,43X30,DESCONOCIDO,1,0
153,SET 2 CANASTOS NAZCA,JUST HOME COLLECTION,38990,Sodimac,04-03-2026,SIN MEDIDAS,DESCONOCIDO,2,1
154,MACETERO UMEA DE CERAMICA 18X17 CM CAPUCCINO,SK,9490,Sodimac,04-03-2026,18X17,CERAMICA,1,0
155,JARDINERA DECOWAY BLANCO- 50 CM,GENERICO,20990,Sodimac,04-03-2026,50CM,DESCONOCIDO,1,0
156,MACETERO REDONDO DE PLASTICO 33X30 CM MARRON,REYPLAST,10990,Sodimac,04-03-2026,33X30,PLASTICO,1,0
157,MACETERO REDONDO DE PLASTICO 25X24 CM MARRON,REYPLAST,6290,Sodimac,04-03-2026,25X24,PLASTICO,1,0
158,SET DE TRES MACETEROS BLANCOS REDONDOS CON LINEAS NEGRAS,GENERICO,10990,Sodimac,04-03-2026,SIN MEDIDAS,DESCONOCIDO,1,0
159,JARDINERA RECTANGULAR AGRO 100 X 18 CM TERRACOTA,STERN,7990,Sodimac,04-03-2026,100X18,DESCONOCIDO,1,0
160,PARAGUAS PROTECTOR PARA PLANTAS TOTORA CHICO JARDIN,TOTORARTE,11390,Sodimac,04-03-2026,SIN MEDIDAS,DESCONOCIDO,1,0
161,MACETERO BEIGE AMSTERDAM 28CM ALTO CON PLATO,FLORIDIS,13990,Sodimac,04-03-2026,28CM,DESCONOCIDO,1,0
162,MEDIDOR DE SUELO TRES FUNCIONES PARA JARDIN HUMEDAD LUZ Y PH,ERGO,7990,Sodimac,04-03-2026,SIN MEDIDAS,DESCONOCIDO,1,0
163,MACETERO PEDESTAL CON SOPORTE 20X60 CM,BASEMENT HOME,31990,Sodimac,04-03-2026,20X60,DESCONOCIDO,1,0
164,JARDINERA DECOWAY NEGRO- 50 CM,GENERICO,20990,Sodimac,04-03-2026,50CM,DESCONOCIDO,1,0
165,MACETERO CAFE EFECTO MARMOL AMSTERDAM 28CM ALTO CON PLATO,FLORIDIS,13990,Sodimac,04-03-2026,28CM,DESCONOCIDO,1,0
166,MACETERO CEMENTO MODELO BERLIN 31CM ALTO CON PLATO,FLORIDIS,34990,Sodimac,04-03-2026,31CM,CEMENTICIO,1,0
167,MACETERO MARRON AMSTERDAM 45CM ALTO CON PLATO,FLORIDIS,32990,Sodimac,04-03-2026,45CM,DESCONOCIDO,1,0
168,MACETERO GRIS EFECTO MARMOL AMSTERDAM 44CM ALTO CON PLATO,FLORIDIS,23990,Sodimac,04-03-2026,44CM,DESCONOCIDO,1,0
169,MACETERO GRAFITO GENEBRA 57CM ALTO CON PLATO,FLORIDIS,32990,Sodimac,04-03-2026,57CM,DESCONOCIDO,1,0
170,MACETERO - DISENO PERRO,GENERICO,4990,Sodimac,04-03-2026,SIN MEDIDAS,DESCONOCIDO,1,0
171,ES DE PLASTICO 18X17 CM MARRON,REYPLAST,3690,Sodimac,04-03-2026,18X17,PLASTICO,1,0
172,MACETERO CON PATAS DE METAL 22X45 CM DORADO,JUST HOME COLLECTION,25990,Sodimac,04-03-2026,22X45,METAL,1,0
173,MACETERO MARRON FLORENCIA 32CM ALTO CON PLATO,FLORIDIS,28990,Sodimac,04-03-2026,32CM,DESCONOCIDO,1,0
174,MACETERO CEMENTO MODELO BERLIN 31CM ALTO CON PLATO,FLORIDIS,34990,Sodimac,04-03-2026,31CM,CEMENTICIO,1,0
175,MACETERO NEGRO EFECTO MARMOL AMSTERDAM 28CM ALTO CON PLATO,FLORIDIS,18990,Sodimac,04-03-2026,28CM,DESCONOCIDO,1,0
176,MACETERO PLASTICO DISENO EFECTO BARRIL DE MADERA MACETA L,GENERICO,16990,Sodimac,04-03-2026,L,PLASTICO,1,0
177,MACETERO CANASTO RAMA TEJIDA DECORATIVA 35 X 30 CM,DECOGREEN,13990,Sodimac,04-03-2026,35X30,DESCONOCIDO,1,0
178,SET MACETERO Y PLATO BIODEGRADABLE DE BAMBU 16.5X13 CM BLANCO,DECOGREEN,4990,Sodimac,04-03-2026,16.5X13,NATURAL,1,0
179,MACETERO 25X20 CM GRIS CASA VIVA,GENERICO,4990,Sodimac,04-03-2026,25X20,DESCONOCIDO,1,0
180,PLANTAS VIVAS FLOTANTES ACUARIOS ESTANQUES LENTEJAS AGUA,GROW SWEET,9990,Sodimac,04-03-2026,SIN MEDIDAS,DESCONOCIDO,1,0
181,CANASTO DECORATIVO TEJIDO FIBRA 55X35X30 CM,JUST HOME COLLECTION,29990,Sodimac,04-03-2026,55X35X30,DESCONOCIDO,1,0
182,MACETERO MARRON AMSTERDAM 55CM ALTO CON PLATO,FLORIDIS,44990,Sodimac,04-03-2026,55CM,DESCONOCIDO,1,0
183,JARDINERA DE PLASTICO 15X19X46 CM,CASA BONITA,3192,Sodimac,04-03-2026,15X19X46,PLASTICO,1,0
184,MACETERO DENVER DE PLASTICO 14X12.5 CM BEIGE,JUST HOME COLLECTION,3690,Sodimac,04-03-2026,14X12.5,PLASTICO,1,0
185,PLATO REDONDO PARA MACETERO 18 CM DECORATIVO HOGAR,REYPLAST,690,Sodimac,04-03-2026,18CM,DESCONOCIDO,1,0
186,MACETERO BEIGE MODELO MARAGOGI 20CM ALTO,GENERICO,14990,Sodimac,04-03-2026,20CM,DESCONOCIDO,1,0
187,MACETERO CEMENTO MODELO CURITIBA 32CM ALTO,GENERICO,29990,Sodimac,04-03-2026,32CM,CEMENTICIO,1,0
188,COLGADOR MURAL METALICO PARA MACETEROS 25 CM DECORACION HOGAR,ERGO,5290,Sodimac,04-03-2026,25CM,METAL,1,0
189,MACETA CON BASE 29X30 CM,JUST HOME COLLECTION,26990,Sodimac,04-03-2026,29X30,DESCONOCIDO,1,0
190,MACETERO BIODEGRADABLE DE BAMBU 25X17 CM NEGRO,DECOGREEN,6990,Sodimac,04-03-2026,25X17,NATURAL,1,0
191,JARDINERA DE PLASTICO 19X15 CM TAUPE,CASA BONITA,3990,Sodimac,04-03-2026,19X15,PLASTICO,1,0
192,MACETEROS DE GREDA (TINAJAS). PACK 10 UNIDADES. POMAIRE ONLINE,GENERICO,14990,Sodimac,04-03-2026,SIN MEDIDAS,CERAMICA,10,1
193,JARDINERA PARA BARANDA DE POLIPROPILENO 25X25 CM GRIS,REMBRE,4890,Sodimac,04-03-2026,25X25,DESCONOCIDO,1,0
194,MACETERO ALTO CUADRADO LOFLY 24 X 24 CM GRIS PIEDRA,STERN,7990,Sodimac,04-03-2026,24X24,DESCONOCIDO,1,0
195,SET 3 MACETEROS FIBRA LINE SAND,JUST HOME COLLECTION,96990,Sodimac,04-03-2026,SIN MEDIDAS,DESCONOCIDO,3,1
196,MACETERO CAFE EFECTO MARMOL AMSTERDAM 44CM ALTO CON PLATO,FLORIDIS,23990,Sodimac,04-03-2026,44CM,DESCONOCIDO,1,0
197,MACETERO CAFE AMSTERDAM 44CM ALTO CON PLATO,FLORIDIS,23990,Sodimac,04-03-2026,44CM,DESCONOCIDO,1,0
198,MACETERO DE CERAMICA,SK,6690,Sodimac,04-03-2026,SIN MEDIDAS,CERAMICA,1,0
199,CERCO METALICO DECORATIVO JARDIN 56 CM,POTTERY,5490,Sodimac,04-03-2026,56CM,METAL,1,0
200,PORTA SUCULENTAS CASITA COLGANTE ESTILO VINTAGE,GENERICO,15000,Sodimac,04-03-2026,SIN MEDIDAS,DESCONOCIDO,1,0
201,SET 3 MACETEROS CERAMICA MIKONOS BLANCO,JUST HOME COLLECTION,44990,Sodimac,04-03-2026,SIN MEDIDAS,CERAMICA,3,1
202,PLATO BASE BIODEGRADABLE PARA MACETERO 25 CM JARDIN,DECOGREEN,2390,Sodimac,04-03-2026,25CM,DESCONOCIDO,1,0
203,"VASOS PARA TRASPLANTE 9X9X9,5 CM - 10 UNIDADES",VILMORIN,3090,Sodimac,04-03-2026,"9X9X9,5",DESCONOCIDO,10,1
204,MACETERO DE CERAMICA,JUST HOME COLLECTION,15990,Sodimac,04-03-2026,SIN MEDIDAS,CERAMICA,1,0
205,MACETERO AISEA DE CERAMICA 26X16 CM OLIVA DORADO,JUST HOME COLLECTION,13990,Sodimac,04-03-2026,26X16,CERAMICA,1,0
206,MACETERO AUTORREGANTE RECICLADO DE PLASTICO 23X20 CM CAFE,REMBRE,4290,Sodimac,04-03-2026,23X20,PLASTICO,1,0
207,MACETERO DENVER DE PLASTICO 22X20 CM PLOMO,JUST HOME COLLECTION,7990,Sodimac,04-03-2026,22X20,PLASTICO,1,0
208,MACETERO NEGRO AMSTERDAM 70CM ALTO CON PLATO,FLORIDIS,91990,Sodimac,04-03-2026,70CM,DESCONOCIDO,1,0
209,PORTAMACETERO DE PARED METALICO PARA PLANTAS,ERGO,6990,Sodimac,04-03-2026,SIN MEDIDAS,METAL,1,0
210,MACETERO AUTORREGANTE RECICLADO DE PLASTICO 23X20 CM MARFIL,REMBRE,5690,Sodimac,04-03-2026,23X20,PLASTICO,1,0
211,SET MACETERO Y PLATO ZAFIRO DE CERAMICA 10X13 CM BLANCO,MESTIZA,7290,Sodimac,04-03-2026,10X13,CERAMICA,1,0
212,PLATO REDONDO PARA MACETERO 25 CM DECORATIVO JARDIN HOGAR,REYPLAST,1390,Sodimac,04-03-2026,25CM,DESCONOCIDO,1,0
213,MACETERO GRIS CLARO AMSTERDAM 44CM ALTO CON PLATO,FLORIDIS,23990,Sodimac,04-03-2026,44CM,DESCONOCIDO,1,0
214,JARDINERA DE MADERA EN PINO CEPILLADO COLOR NOGAL,GENERICO,35990,Sodimac,04-03-2026,SIN MEDIDAS,NATURAL,1,0
215,MACETERO DE PLASTICO 28.4X22.2 CM TAUPE,CASA BONITA,4190,Sodimac,04-03-2026,28.4X22.2,PLASTICO,1,0
216,MACETERO DE PLASTICO 12 CM,CASA BONITA,872,Sodimac,04-03-2026,12CM,PLASTICO,1,0
217,MACETERO DE CEMENTO 11.5X12 GRIS,POTTERY,13590,Sodimac,04-03-2026,11.5X12,CEMENTICIO,1,0
218,MACETERO COLGANTE CON BANDEJA EXTRAIBLE NEGRO M,GENERICO,10990,Sodimac,04-03-2026,M,DESCONOCIDO,1,0
219,MACETERO DE CERAMICA,SK,6990,Sodimac,04-03-2026,SIN MEDIDAS,CERAMICA,1,0
220,TORRE DE CULTIVO HIDROPONICO VERTICAL 165X53CM,RAGNAR,112872,Sodimac,04-03-2026,165X53,DESCONOCIDO,1,0
221,MACETERO DE PLASTICO 14X17 CM VERDE,CASA BONITA,1690,Sodimac,04-03-2026,14X17,PLASTICO,1,0
222,MACETERO GRAFITO ZURIQUE 55CM ALTO CON PLATO,FLORIDIS,32990,Sodimac,04-03-2026,55CM,DESCONOCIDO,1,0
223,MACETERO CAIRO 40 (FIBRA DE VIDRIO),PLANT ME,64990,Sodimac,04-03-2026,SIN MEDIDAS,VIDRIO,1,0
224,MACETERO GRIS EFECTO MARMOL AMSTERDAM 44CM ALTO CON PLATO,FLORIDIS,23990,Sodimac,04-03-2026,44CM,DESCONOCIDO,1,0
225,MACETERO GRAFITO GENEBRA 57CM ALTO CON PLATO,FLORIDIS,32990,Sodimac,04-03-2026,57CM,DESCONOCIDO,1,0
226,PORTA MACETEROS SOPORTE PLANTAS 3 NIVELES,GENERICO,34990,Sodimac,04-03-2026,SIN MEDIDAS,DESCONOCIDO,1,0
227,MACETERO ZAFIRO 17 CM PLATINO,MESTIZA,9490,Sodimac,04-03-2026,17CM,DESCONOCIDO,1,0
228,MACETERO DE PLASTICO 12X9 CM VERDE,CASA BONITA,990,Sodimac,04-03-2026,12X9,PLASTICO,1,0
229,MACETERO DE PLASTICO 34X26.8 CM TAUPE,CASA BONITA,6290,Sodimac,04-03-2026,34X26.8,PLASTICO,1,0
230,MACETERO CEMENTO MODELO BERLIN 31CM ALTO CON PLATO,FLORIDIS,34990,Sodimac,04-03-2026,31CM,CEMENTICIO,1,0
231,MACETERO GRIS EFECTO MARMOL AMSTERDAM 28CM ALTO CON PLATO,FLORIDIS,19990,Sodimac,04-03-2026,28CM,DESCONOCIDO,1,0
232,MACETERO DENVER DE PLASTICO 18X17 CM BEIGE,JUST HOME COLLECTION,5990,Sodimac,04-03-2026,18X17,PLASTICO,1,0
233,MACETERO METALICO DISENO REGADERA,BRIC,9990,Sodimac,04-03-2026,SIN MEDIDAS,METAL,1,0
234,MACETERO VIENA,JUST HOME COLLECTION,41990,Sodimac,04-03-2026,SIN MEDIDAS,DESCONOCIDO,1,0
235,MACETERO DENVER DE PLASTICO 16X15 CM BEIGE,JUST HOME COLLECTION,4990,Sodimac,04-03-2026,16X15,PLASTICO,1,0
236,COLGADOR MACETAS 125 CM SOPORTE PARA 3,JUST HOME COLLECTION,5990,Sodimac,04-03-2026,125CM,DESCONOCIDO,1,0
237,MACETERO SIENA DE POLIPROPILENO 40X40 CM DORADO,JUST HOME COLLECTION,9990,Sodimac,04-03-2026,40X40,DESCONOCIDO,1,0
238,JARDINERA PARA BARANDA DE POLIPROPILENO 21X25 CM GRIS,REMBRE,2590,Sodimac,04-03-2026,21X25,DESCONOCIDO,1,0
239,MACETERO ROTOMOLDEADO MUNA DE POLIETILENO 55X53 CM ARENA,DECO POTTERY,72990,Sodimac,04-03-2026,55X53,PLASTICO,1,0
240,MACETA RECTANGULAR 43CM NARANJA CON PLATO - JARDIN BALCON INTEXT,GENERICO,5990,Sodimac,04-03-2026,43CM,DESCONOCIDO,1,0
241,MACETERO BEIGE MODELO CURITIBA 24CM ALTO,GENERICO,21990,Sodimac,04-03-2026,24CM,DESCONOCIDO,1,0
242,MASETERO DECORATIVO SHIGUHE MACETA CERAMICA GRIS 82x28 CM,EGLO,11990,Sodimac,04-03-2026,82x28,CERAMICA,1,0
243,MACETERO CEUTA DE CERAMICA 30X23 CM BEIGE,CASA BONITA,18990,Sodimac,04-03-2026,30X23,CERAMICA,1,0
244,SET 3 MACETEROS UTHAI,JUST HOME COLLECTION,27990,Sodimac,04-03-2026,SIN MEDIDAS,DESCONOCIDO,3,1
245,PLATO REDONDO PARA MACETERO RATAN 25 CM JARDIN,REYPLAST,1590,Sodimac,04-03-2026,25CM,NATURAL,1,0
246,JARDINERA DE PLASTICO 19X15 CM TAUPE,CASA BONITA,6290,Sodimac,04-03-2026,19X15,PLASTICO,1,0
247,MACETERO BEIGE AMSTERDAM 55CM ALTO CON PLATO,FLORIDIS,44990,Sodimac,04-03-2026,55CM,DESCONOCIDO,1,0
248,MACETERO CILINDRO TERRACOTA CREMA CON PEDESTAL PARA PLANTAS,DECOGREEN,9690,Sodimac,04-03-2026,SIN MEDIDAS,DESCONOCIDO,1,0
249,BASE PARA MACETERO Ndeg10 25 CM JARDIN,CASA BONITA,990,Sodimac,04-03-2026,25CM,DESCONOCIDO,1,0
250,SET DE AMARRAS PARA PLANTAS SUJECION JARDIN 20 UNIDADES,ERGO,2190,Sodimac,04-03-2026,SIN MEDIDAS,DESCONOCIDO,20,1
251,MACETERO CILINDRO DE CEMENTO 20X20 CM GRIS Y BAMBOO,DECOGREEN,9690,Sodimac,04-03-2026,20X20,CEMENTICIO,1,0
252,MACETERO AZUL EFECTO MARMOL ZURIQUE 34CM ALTO CON PLATO,FLORIDIS,17990,Sodimac,04-03-2026,34CM,DESCONOCIDO,1,0
253,LUZ DE CULTIVO INDOOR PARA PLANTAS INTERIOR X 2 PACK,GROWLED,29990,Sodimac,04-03-2026,SIN MEDIDAS,DESCONOCIDO,1,0
254,SET 3 MACETEROS OLIVE REDONDO,JUST HOME COLLECTION,79990,Sodimac,04-03-2026,SIN MEDIDAS,DESCONOCIDO,3,1
255,SET DE 3 MACETEROS CERAMICA COLOR NEGRO,JUST HOME COLLECTION,50390,Sodimac,04-03-2026,SIN MEDIDAS,CERAMICA,3,1
256,MACETERO DECORATIVO MODERNO - ESTILO GEOMETRICO NEGRO Y DORADO S,GENERICO,8990,Sodimac,04-03-2026,S,DESCONOCIDO,1,0
257,MACETERO PLASTICO REDONDO 20CM ARENA,GENERICO,5990,Sodimac,04-03-2026,20CM,PLASTICO,1,0
258,MACETERO VITORIA DE CERAMICA 32X32 CM NEGRO,JUST HOME COLLECTION,28990,Sodimac,04-03-2026,32X32,CERAMICA,1,0
259,CANASTO DECORATIVO PARACAS HIERBA MARINA 26X21 CM,JUST HOME COLLECTION,23990,Sodimac,04-03-2026,26X21,DESCONOCIDO,1,0
260,MACETERO BERLIM DE CERAMICA 12.4X9.2 CM BEIGE,JAPI,5290,Sodimac,04-03-2026,12.4X9.2,CERAMICA,1,0
261,MACETERO ZAFIRO DE CERAMICA 24X21 CM NEGRO,MESTIZA,14990,Sodimac,04-03-2026,24X21,CERAMICA,1,0
262,SET MACETERO Y PLATO BIODEGRADABLE DE BAMBU 24X18 CM GRIS,DECOGREEN,7990,Sodimac,04-03-2026,24X18,NATURAL,1,0
263,JARDINERA RECTANGULAR LOFLY 80 X 33.4 CM GRIS PIEDRA,STERN,32990,Sodimac,04-03-2026,80X33.4,DESCONOCIDO,1,0
264,MACETERO DE BAMBU REDONDO SET DE 3,BRIC,10990,Sodimac,04-03-2026,SIN MEDIDAS,NATURAL,3,1
265,PORTA MACETA MADERA CON RUEDA BLOQUEABLES RECTANGULAR,OKAY,8090,Sodimac,04-03-2026,SIN MEDIDAS,NATURAL,1,0
266,MACETERO CAFE GENEBRA 80CM ALTO CON PLATO,FLORIDIS,54990,Sodimac,04-03-2026,80CM,DESCONOCIDO,1,0
267,MACETERO GRAFITO ARGOS 71CM ALTO CON PLATO,FLORIDIS,49990,Sodimac,04-03-2026,71CM,DESCONOCIDO,1,0
268,COLGADOR MACRAME 114 CM PARA MACETAS,JUST HOME COLLECTION,7690,Sodimac,04-03-2026,114CM,DESCONOCIDO,1,0
269,BASE PARA MACETERO Ndeg4 10 CM JARDIN,CASA BONITA,278,Sodimac,04-03-2026,10CM,DESCONOCIDO,1,0
270,MACETERO ROTOMOLDEADO MUNA DE POLIETILENO 55X53 CM GRAFITO,DECO POTTERY,69990,Sodimac,04-03-2026,55X53,PLASTICO,1,0
271,MACETERO DE CEMENTO 10.6X10.6 GRIS,POTTERY,3290,Sodimac,04-03-2026,10.6X10.6,CEMENTICIO,1,0
272,MACETERO PLASTICO 30CM COLOR ARENA,GENERICO,12990,Sodimac,04-03-2026,30CM,PLASTICO,1,0
273,1 MOLDE MACETA MACETERO PLASTICO REDONDO TAUPE ESTILO PIEDRA 33 CM,REYPLAST,14990,Sodimac,04-03-2026,33CM,PLASTICO,1,0
274,PACK 5 MACETEROS MURAL AIRE LIBRE COLGANTE Ndeg27,GENERICO,14990,Sodimac,04-03-2026,SIN MEDIDAS,DESCONOCIDO,5,1
275,MACETERO DALLAS DE CERAMICA 19X18 CM ANTRACITA,SK,11990,Sodimac,04-03-2026,19X18,CERAMICA,1,0
276,BASE DE PLASTICO PARA MACETERO 15 CM,CASA BONITA,448,Sodimac,04-03-2026,15CM,PLASTICO,1,0
277,MACETERO RECTANGULAR 74X34X65 CM GRIS CASA VIVA,GENERICO,47990,Sodimac,04-03-2026,74X34X65,DESCONOCIDO,1,0
278,MINIGARDEN HUERTO URBANO INDOOR CON LUZ SIN MACETAS PLANTA INTERIOR,GROWLED,29990,Sodimac,04-03-2026,SIN MEDIDAS,DESCONOCIDO,1,0
279,MACETERO FLORIDIS NEGRO EFECTO MARMOL ZURIQUE 34CM ALTO CON PLATO,GENERICO,17990,Sodimac,04-03-2026,34CM,DESCONOCIDO,1,0
280,KIT 4 MACETERO COLGANTE CON BANDEJA EXTRAIBLE Y DRENAJE M NEGRO,GENERICO,38990,Sodimac,04-03-2026,M,DESCONOCIDO,1,0
281,MACETERO REGTANGULAR L COLOR NEGRO,VADELL,79990,Sodimac,04-03-2026,L,DESCONOCIDO,1,0
282,MACETERO DE PLASTICO CANASTO DORADO MACETA BALDE,OEM,12990,Sodimac,04-03-2026,SIN MEDIDAS,PLASTICO,1,0
283,MACETERO GRAFITO AMSTERDAM 45CM ALTO CON PLATO,FLORIDIS,32990,Sodimac,04-03-2026,45CM,DESCONOCIDO,1,0
284,MACETERO TRAPECIO DE PLASTICO 34X43 CM NEGRO,JUST HOME COLLECTION,40990,Sodimac,04-03-2026,34X43,PLASTICO,1,0
285,PORTA MACETERO PEDESTAL MACETA PLANTAS NEGRO DORADO MEDIANO.,GENERICO,18990,Sodimac,04-03-2026,SIN MEDIDAS,DESCONOCIDO,1,0
286,PORTA MACETA MACETERO METAL COLGANTE DORADO DISENO NORDICO,REGALITOLINDO CL,19990,Sodimac,04-03-2026,SIN MEDIDAS,METAL,1,0
287,BASE DE PLASTICO PARA MACETERO 25 CM,CASA BONITA,792,Sodimac,04-03-2026,25CM,PLASTICO,1,0
288,MACETERO METALICO REGADERA 7X 7.5 X 5.5 CM.,OEM,5490,Sodimac,04-03-2026,7X7.5X5.5,METAL,1,0
289,MACETERO PARA PLANTAS SET,BRIC,28990,Sodimac,04-03-2026,SIN MEDIDAS,DESCONOCIDO,1,0
290,NATURA HUERTO URBANO INDOOR CON LUZ Y 8 MACETAS PARA PLANTA INTERIOR,GROWLED,34990,Sodimac,04-03-2026,SIN MEDIDAS,DESCONOCIDO,8,1
291,MACETERO GRAFITO MODELO CURITIBA 19CM ALTO,GENERICO,17990,Sodimac,04-03-2026,19CM,DESCONOCIDO,1,0
292,MACETERO LINE DE FIBRA DE VIDRIO 30X30 CM CAFE,JUST HOME COLLECTION,36990,Sodimac,04-03-2026,30X30,VIDRIO,1,0
293,MACETERO CON BASE DE METAL 26X26 CM DORADO,JUST HOME COLLECTION,29990,Sodimac,04-03-2026,26X26,METAL,1,0
294,MACETERO BEIGE EFECTO PIEDRA BOWL 19CM ALTO CON PLATO,FLORIDIS,19990,Sodimac,04-03-2026,19CM,DESCONOCIDO,1,0
295,MACETERO BASEL DE CERAMICA 24X23 CM GRIS,SK,17990,Sodimac,04-03-2026,24X23,CERAMICA,1,0
296,MACETERO BEIGE EFECTO PIEDRA JARDINERA 16CM ALTO CON PLATO,FLORIDIS,21990,Sodimac,04-03-2026,16CM,DESCONOCIDO,1,0
297,MACETERO DE CERAMICA 13X12 CM MOSTAZA,SK,5290,Sodimac,04-03-2026,13X12,CERAMICA,1,0
298,JARDINERA DE MADERA EN PINO CEPILLADO COLOR NOGAL,GENERICO,45990,Sodimac,04-03-2026,SIN MEDIDAS,NATURAL,1,0
299,SET 2 TAMANOS DE MACETEROS COLOR TERRACOTA,JUST HOME COLLECTION,34990,Sodimac,04-03-2026,SIN MEDIDAS,DESCONOCIDO,2,1
300,SET PORTA MACETERO SOPORTE MACETAS ESTANTE METAL ELEGANTE,GENERICO,98990,Sodimac,04-03-2026,SIN MEDIDAS,METAL,1,0
301,MACETERO BEIGE AMSTERDAM 45CM ALTO CON PLATO,FLORIDIS,32990,Sodimac,04-03-2026,45CM,DESCONOCIDO,1,0
302,MACETERO PORTA MACETA BANDEJA PARA MACETA CON RUEDAS 32CM,OEM,13990,Sodimac,04-03-2026,32CM,DESCONOCIDO,1,0
303,MACETERO GRAFITO AMSTERDAM 55CM ALTO CON PLATO,FLORIDIS,44990,Sodimac,04-03-2026,55CM,DESCONOCIDO,1,0
304,PORTA MACETEROS PEDESTAL MACETAS SET 2 UNIDADES BLANCO,GENERICO,36990,Sodimac,04-03-2026,SIN MEDIDAS,DESCONOCIDO,2,1
305,MACETERO BEIGE ARGOS 71CM ALTO CON PLATO,FLORIDIS,49990,Sodimac,04-03-2026,71CM,DESCONOCIDO,1,0
306,COLGADOR MACETAS 125 CM DECORATIVO HOGAR,JUST HOME COLLECTION,5990,Sodimac,04-03-2026,125CM,DESCONOCIDO,1,0
307,MACETERO SIENA DE PLASTICO 40X40 CM ROJO,JUST HOME COLLECTION,9990,Sodimac,04-03-2026,40X40,PLASTICO,1,0
308,PLATO REDONDO PARA MACETERO 33 CM TEXTURA PIEDRA,REYPLAST,2190,Sodimac,04-03-2026,33CM,DESCONOCIDO,1,0
309,MACETERO DE METAL 16X23 CM COLORES SURTIDOS,JUST HOME COLLECTION,9990,Sodimac,04-03-2026,16X23,METAL,1,0
310,MACETERO DALLAS DE CERAMICA 14X13 CM ANTRACITA,SK,6990,Sodimac,04-03-2026,14X13,CERAMICA,1,0
311,MACETERO PLASTICO REDONDO OVALADO MODERNO CON TEXTURA M - GRIS,GENERICO,8990,Sodimac,04-03-2026,M,PLASTICO,1,0
312,JARDINERA RECTANGULAR NEW COUBI 39 CM X 19 CM BLANCO,STERN,8590,Sodimac,04-03-2026,39CM,DESCONOCIDO,1,0
313,"SET 4 MACETEROS BIODEGRADABLES ACTUAL 2 TERRACOTA, 2 MUSGO",DECOGREEN,24990,Sodimac,04-03-2026,SIN MEDIDAS,DESCONOCIDO,4,1
314,PORTA MACETERO DESMONTABLE PEDESTAL PARA PLANTAS,OKAY,15890,Sodimac,04-03-2026,SIN MEDIDAS,DESCONOCIDO,1,0
315,CANASTO DECORATIVO QUILCA HIERBA MARINA 25X25X17 CM,JUST HOME COLLECTION,10990,Sodimac,04-03-2026,25X25X17,DESCONOCIDO,1,0
316,MACETERO MARRON FLORENCIA 24CM ALTO CON PLATO,FLORIDIS,18990,Sodimac,04-03-2026,24CM,DESCONOCIDO,1,0
317,PLATO REDONDO PARA MACETERO RATAN 33 CM,REYPLAST,2090,Sodimac,04-03-2026,33CM,NATURAL,1,0
318,BASE JARDINERA PLASTICA RECTANGULAR Ndeg24 PARA JARDIN,CASA BONITA,1890,Sodimac,04-03-2026,SIN MEDIDAS,PLASTICO,1,0
319,MACETERO GROSSETO DE CERAMICA 21X16 CM GRIS,CERAMICA ESPEJO,10990,Sodimac,04-03-2026,21X16,CERAMICA,1,0
320,PACK 3 PIES SOPORTE MACETAS TERRACOTA 4 CM JARDIN,POTTERY,4690,Sodimac,04-03-2026,4CM,DESCONOCIDO,3,1
321,SET MACETERO Y PLATO BIODEGRADABLE DE BAMBU 24X18 CM NEGRO,DECOGREEN,9990,Sodimac,04-03-2026,24X18,NATURAL,1,0
322,MACETERO PLASTICO ALARGADO PREMIUM BASE CIRCULAR CONICA - NEGRO - S,GENERICO,29990,Sodimac,04-03-2026,S,PLASTICO,1,0
323,MACETERO CAFE EFECTO MARMOL GENEBRA 35CM ALTO CON PLATO,FLORIDIS,17990,Sodimac,04-03-2026,35CM,DESCONOCIDO,1,0
324,MACETERO CEUTA DE CERAMICA 22X18 CM BEIGE,CASA BONITA,15990,Sodimac,04-03-2026,22X18,CERAMICA,1,0
325,PLATO PARA MACETERO Ndeg8 20 CM JARDIN,CASA BONITA,960,Sodimac,04-03-2026,20CM,DESCONOCIDO,1,0
326,BASE PARA MACETERO Ndeg16 40 CM JARDIN,CASA BONITA,3590,Sodimac,04-03-2026,40CM,DESCONOCIDO,1,0
327,MACETERO GRAFIATO DE PLASTICO 34X48 CM ARENA,JUST HOME COLLECTION,42990,Sodimac,04-03-2026,34X48,PLASTICO,1,0
0,MACETERO CUADRADO CON RUEDAS 40 CM CAFE,INNOVAPLAST,10490,Construmart,04-03-2026,40CM,DESCONOCIDO,1,0
1,MACETERO REDONDO CON RUEDAS 40 CM BLANCO,INNOVAPLAST,10490,Construmart,04-03-2026,40CM,DESCONOCIDO,1,0
2,MACETERO PLASTICO MUNA GRANDE 43 CM GRIS,POTTERY,29990,Construmart,04-03-2026,43CM,PLASTICO,1,0
3,MACETERO REDONDO CON RUEDAS 40 CM CAFE,INNOVAPLAST,10490,Construmart,04-03-2026,40CM,DESCONOCIDO,1,0
4,MACETERO REDONDO CON RUEDAS 40 CM BEIGE,INNOVAPLAST,9990,Construmart,04-03-2026,40CM,DESCONOCIDO,1,0
5,MACETERO CUADRADO CON RUEDAS 40 CM BLANCO,INNOVAPLAST,10490,Construmart,04-03-2026,40CM,DESCONOCIDO,1,0
6,MACETERO CERAMICA PATRONES BEIGE L,PROJAÜS,8990,Construmart,04-03-2026,L,CERAMICA,1,0
7,MACETERO PLASTICO REDONDO DURAKOTTA 46 CM TERRACOTA,REYPLAST,8390,Construmart,04-03-2026,46CM,PLASTICO,1,0
8,MACETERO AUTORREGANTE 21 X 19 CM TAUPE,VITALY,3160,Construmart,04-03-2026,21X19,DESCONOCIDO,1,0
9,MACETERO AUTORREGANTE 23 X 21 CM TAUPE,VITALY,4190,Construmart,04-03-2026,23X21,DESCONOCIDO,1,0
10,MACETERO CEMENTO TRADICIONAL M,PROJAÜS,19990,Construmart,04-03-2026,M,CEMENTICIO,1,0
11,MACETERO CERAMICA BLANCO/FLORES M,GENERICO,8390,Construmart,04-03-2026,M,CERAMICA,1,0
12,MACETERO CERAMICA BLANCO/VERDE S,GENERICO,7390,Construmart,04-03-2026,S,CERAMICA,1,0
13,MACETERO CERAMICA PATRONES GRIS M,PROJAÜS,7990,Construmart,04-03-2026,M,CERAMICA,1,0
14,MACETERO CUADRADO CON RUEDAS 30 CM BLANCO,INNOVAPLAST,6990,Construmart,04-03-2026,30CM,DESCONOCIDO,1,0
15,MACETERO CUADRADO CON RUEDAS 40 CM BEIGE,INNOVAPLAST,10490,Construmart,04-03-2026,40CM,DESCONOCIDO,1,0
16,MACETERO PLASTICO ESTILO PIEDRA REDONDO 18 CM TAUPE,REYPLAST,3160,Construmart,04-03-2026,18CM,PLASTICO,1,0
17,MACETERO PLASTICO MUNA GRANDE 53 CM ARENA,POTTERY,49990,Construmart,04-03-2026,53CM,PLASTICO,1,0
18,MACETERO PLASTICO MUNA GRANDE 53 CM GRAFITO,POTTERY,49990,Construmart,04-03-2026,53CM,PLASTICO,1,0
19,MACETERO PLASTICO RATAN 25 CM CAFE,REYPLAST,5280,Construmart,04-03-2026,25CM,PLASTICO,1,0
20,MACETERO PLASTICO RECTANGULAR DURAKOTTA 46 CM TERRACOTA,REYPLAST,2990,Construmart,04-03-2026,46CM,PLASTICO,1,0
21,MACETERO PLASTICO RECTANGULAR DURAKOTTA 61 CM TERRACOTA,REYPLAST,3990,Construmart,04-03-2026,61CM,PLASTICO,1,0
22,MACETERO PLASTICO REDONDO DURAKOTTA 17 CM TERRACOTA,REYPLAST,690,Construmart,04-03-2026,17CM,PLASTICO,1,0
23,MACETERO PLASTICO REDONDO DURAKOTTA 28 CM TERRACOTA,REYPLAST,2990,Construmart,04-03-2026,28CM,PLASTICO,1,0
24,MACETERO PLASTICO REDONDO DURAKOTTA 34 CM TERRACOTA,REYPLAST,4990,Construmart,04-03-2026,34CM,PLASTICO,1,0
25,MACETERO AUTORREGANTE 21 X 19 CM TAUPE,VITALY,3160,Construmart,04-03-2026,21X19,DESCONOCIDO,1,0
26,MACETERO AUTORREGANTE 23 X 21 CM TAUPE,VITALY,4190,Construmart,04-03-2026,23X21,DESCONOCIDO,1,0
27,MACETERO AUTORREGANTE 19 X 17 CM CAFE,VITALY,2090,Construmart,04-03-2026,19X17,DESCONOCIDO,1,0
28,MACETERO AUTORREGANTE 23 X19 CM CAFE,VITALY,4190,Construmart,04-03-2026,23X19,DESCONOCIDO,1,0
29,MACETERO AUTORREGANTE 21 X 19 CM BEIGE,VITALY,3160,Construmart,04-03-2026,21X19,DESCONOCIDO,1,0
30,MACETERO PLASTICO REDONDO DURAKOTTA 34 CM TERRACOTA,REYPLAST,4990,Construmart,04-03-2026,34CM,PLASTICO,1,0
31,JARDINERA BALCON PLASTICA SIMPLE VERDE,GENERICO,1990,Construmart,04-03-2026,SIN MEDIDAS,PLASTICO,1,0
32,JARDINERA BALCON PLASTICA DOBLE MARFIL,GENERICO,2990,Construmart,04-03-2026,SIN MEDIDAS,PLASTICO,1,0
33,MACETERO BALCON NEW GRIS,INNOVAPLAST,4990,Construmart,04-03-2026,SIN MEDIDAS,DESCONOCIDO,1,0
34,MACETERO BALCON NEW TERRACOTA,INNOVAPLAST,4990,Construmart,04-03-2026,SIN MEDIDAS,DESCONOCIDO,1,0
35,MACETERO CERAMICA CAFE M,GENERICO,3990,Construmart,04-03-2026,M,CERAMICA,1,0
36,MACETERO CERAMICA PATRONES ROSADO L,PROJAÜS,9990,Construmart,04-03-2026,L,CERAMICA,1,0
37,MACETERO CERAMICA PATRONES ROSADO M,PROJAÜS,13690,Construmart,04-03-2026,M,CERAMICA,1,0
38,MACETERO PLASTICO MUNA GRANDE 43 CM ARENA,POTTERY,29990,Construmart,04-03-2026,43CM,PLASTICO,1,0
39,MACETERO PLASTICO RECTANGULAR DURAKOTTA 46 CM VERDE,REYPLAST,2990,Construmart,04-03-2026,46CM,PLASTICO,1,0
40,MACETERO PLASTICO REDONDO DURAKOTTA 40 CM TERRACOTA,REYPLAST,6290,Construmart,04-03-2026,40CM,PLASTICO,1,0
41,MACETERO PLASTICO REDONDO DURAKOTTA 40 CM VERDE,REYPLAST,7990,Construmart,04-03-2026,40CM,PLASTICO,1,0
42,MACETERO AUTORREGANTE 19 X17 CM BEIGE,VITALY,2090,Construmart,04-03-2026,19X17,DESCONOCIDO,1,0
43,MACETERO LUJO 55 X 43 CM CAFE,VITALY,12690,Construmart,04-03-2026,55X43,DESCONOCIDO,1,0
44,MACETERO LISO 30 X 26 CM CAFE,VITALY,2990,Construmart,04-03-2026,30X26,DESCONOCIDO,1,0
45,MACETERO AUTORREGANTE 19 X17 CM TAUPE,VITALY,2090,Construmart,04-03-2026,19X17,DESCONOCIDO,1,0
46,MACETERO AUTORREGANTE 21 X19 CM CAFE,VITALY,3160,Construmart,04-03-2026,21X19,DESCONOCIDO,1,0
47,MACETERO AUTORREGANTE 23 X21 CM BEIGE,VITALY,4190,Construmart,04-03-2026,23X21,DESCONOCIDO,1,0
48,MACETERO LISO 35 X 29 CM CAFE,VITALY,4190,Construmart,04-03-2026,35X29,DESCONOCIDO,1,0
49,MACETERO LUJO 47 X 38 CM CAFE,VITALY,9490,Construmart,04-03-2026,47X38,DESCONOCIDO,1,0
0,BERGEN 40X40 (PORTA MACETERO CERAMICA XL),,69990,Plantme,04-03-2026,40X40,CERAMICA,1,0
1,BANGKOK GRAFITO 75 (MACETERO FIBERCLAY),,149990,Plantme,04-03-2026,SIN MEDIDAS,CEMENTICIO,1,0
2,MADRID 40 AZUL (MACETERO PLASTICO RECICLADO XL),,44990,Plantme,04-03-2026,XL,PLASTICO,1,0
3,HONG KONG VERDE 54 (MACETERO FIBERCLAY),,54990,Plantme,04-03-2026,SIN MEDIDAS,CEMENTICIO,1,0
4,PACK TANTA (3 MACETEROS DE FIBRA DE ARCILLA),,127478,Plantme,04-03-2026,SIN MEDIDAS,CERAMICA,3,1
5,PHUKET XL 34X20 (MACETERO FIBRA DE ARCILLA),,34990,Plantme,04-03-2026,34X20,CERAMICA,1,0
6,MADRID 19 GRAFITO (MACETERO PLASTICO RECICLADO M),,9990,Plantme,04-03-2026,M,PLASTICO,1,0
7,"MADRID 26,5 GRAFITO (MACETERO PLASTICO RECICLADO L)",,19990,Plantme,04-03-2026,L,PLASTICO,1,0
8,"GRANADA 27,5 BLANCO (MACETERO PLASTICO RECICLADO BOWL)",,9990,Plantme,04-03-2026,SIN MEDIDAS,PLASTICO,1,0
9,BERGEN 20X20 (PORTA MACETERO CERAMICA M),,26990,Plantme,04-03-2026,20X20,CERAMICA,1,0
10,PHUKET XXL 44X26 (MACETERO FIBRA DE ARCILLA),,44990,Plantme,04-03-2026,44X26,CERAMICA,1,0
11,PHUKET XXXL 55X33 (MACETERO FIBRA DE ARCILLA),,54990,Plantme,04-03-2026,55X33,CERAMICA,1,0
12,KO SAMUI L 24X24 (MACETERO FIBRA DE ARCILLA),,24990,Plantme,04-03-2026,24X24,CERAMICA,1,0
13,KO SAMUI XL 33X33 (MACETERO FIBRA DE ARCILLA),,34990,Plantme,04-03-2026,33X33,CERAMICA,1,0
14,KO SAMUI XXL 43X43 (MACETERO FIBRA DE ARCILLA),,49990,Plantme,04-03-2026,43X43,CERAMICA,1,0
15,KO SAMUI XXXL 53X53 (MACETERO FIBRA DE ARCILLA),,64990,Plantme,04-03-2026,53X53,CERAMICA,1,0
16,BERGEN 27X27 (PORTA MACETERO CERAMICA L),,39990,Plantme,04-03-2026,27X27,CERAMICA,1,0
17,PACK CAIRO (3 MACETEROS DE FIBRA DE VIDRIO),,149978,Plantme,04-03-2026,SIN MEDIDAS,VIDRIO,3,1
18,PACK MARRUECOS BLANCO (3 MACETEROS DE FIBRA DE ARCILLA),,134978,Plantme,04-03-2026,SIN MEDIDAS,CERAMICA,3,1
19,CAIRO 34X34 BLANCO (MACETERO DE FIBRA DE VIDRIO L),,38493,Plantme,04-03-2026,34X34,VIDRIO,1,0
20,NORDICO NEGRO L (MACETERO DE CERAMICA),,44990,Plantme,04-03-2026,L,CERAMICA,1,0
21,NORDICO NEGRO XL (MACETERO DE CERAMICA),,79990,Plantme,04-03-2026,XL,CERAMICA,1,0
22,CAIRO 40X39 BLANCO (MACETERO DE FIBRA DE VIDRIO XL),,45493,Plantme,04-03-2026,40X39,VIDRIO,1,0
23,DINAMARCA 16X14 BLANCO (MACETERO PORCELANA S),,18990,Plantme,04-03-2026,16X14,CERAMICA,1,0
24,TANTA 34X31 BLANCO (MACETERO FIBRA DE ARCILLA L),,49990,Plantme,04-03-2026,34X31,CERAMICA,1,0
25,NUSA L (CANASTO DE FIBRA NATURAL),,16990,Plantme,04-03-2026,L,NATURAL,1,0
26,HONG KONG VERDE 32 (MACETERO FIBERCLAY),,29990,Plantme,04-03-2026,SIN MEDIDAS,CEMENTICIO,1,0
27,HONG KONG VERDE 42 (MACETERO FIBERCLAY),,44990,Plantme,04-03-2026,SIN MEDIDAS,CEMENTICIO,1,0
28,BANGKOK GRAFITO 62 (MACETERO FIBERCLAY),,124990,Plantme,04-03-2026,SIN MEDIDAS,CEMENTICIO,1,0
29,"SANTORINI NEGRO (CANASTO DE FIBRA NATURAL), XL",,24990,Plantme,04-03-2026,XL,NATURAL,1,0
30,"KENIA VERDE (CANASTO DE FIBRA NATURAL), L",,14990,Plantme,04-03-2026,L,NATURAL,1,0
31,MURCIA 27 GRIS OSCURO (MACETERO COLGANTE PLASTICO RECICLADO),,12990,Plantme,04-03-2026,SIN MEDIDAS,PLASTICO,1,0
32,PACK DE ZURICH VERDES (MACETERO DE CERAMICA),,14990,Plantme,04-03-2026,SIN MEDIDAS,CERAMICA,1,0
33,PACK DE ZURICH BLANCOS (MACETERO DE CERAMICA),,14990,Plantme,04-03-2026,SIN MEDIDAS,CERAMICA,1,0
34,"SANTORINI NEGRO (CANASTO DE FIBRA NATURAL), L",,14990,Plantme,04-03-2026,L,NATURAL,1,0
35,"KENIA NEGRO (CANASTO DE FIBRA NATURAL), L",,14990,Plantme,04-03-2026,L,NATURAL,1,0
36,"KRABI (CANASTO DE FIBRA NATURAL), XL",,29990,Plantme,04-03-2026,XL,NATURAL,1,0
37,"KRABI (CANASTO DE FIBRA NATURAL), L",,19990,Plantme,04-03-2026,L,NATURAL,1,0
38,"SANTORINI BLANCO (CANASTO DE FIBRA NATURAL), L",,14990,Plantme,04-03-2026,L,NATURAL,1,0
39,"PHUKET (CANASTO DE FIBRA NATURAL), XL",,24990,Plantme,04-03-2026,XL,NATURAL,1,0
40,"PHUKET (CANASTO DE FIBRA NATURAL), L",,14990,Plantme,04-03-2026,L,NATURAL,1,0
41,"MAR (CANASTO DE FIBRA NATURAL), L",,14990,Plantme,04-03-2026,L,NATURAL,1,0
42,"MAR (CANASTO DE FIBRA NATURAL), XL",,24990,Plantme,04-03-2026,XL,NATURAL,1,0
43,"SANTORINI BLANCO (CANASTO DE FIBRA NATURAL), XL",,24990,Plantme,04-03-2026,XL,NATURAL,1,0
44,"SIMBA (CANASTO DE FIBRA NATURAL), XL",,24990,Plantme,04-03-2026,XL,NATURAL,1,0
45,"KENIA NEGRO (CANASTO DE FIBRA NATURAL), XL",,24990,Plantme,04-03-2026,XL,NATURAL,1,0
46,MADRID 13 BLANCO (MACETERO PLASTICO RECICLADO S),,6990,Plantme,04-03-2026,S,PLASTICO,1,0
47,MADRID 13 AZUL (MACETERO PLASTICO RECICLADO S),,6990,Plantme,04-03-2026,S,PLASTICO,1,0
48,MADRID 13 GRAFITO (MACETERO PLASTICO RECICLADO S),,6990,Plantme,04-03-2026,S,PLASTICO,1,0
49,MADRID 19 AZUL (MACETERO PLASTICO RECICLADO M),,9990,Plantme,04-03-2026,M,PLASTICO,1,0
50,MADRID 19 BLANCO (MACETERO PLASTICO RECICLADO M),,9990,Plantme,04-03-2026,M,PLASTICO,1,0
51,MADRID 40 GRAFITO (MACETERO PLASTICO RECICLADO XL),,44990,Plantme,04-03-2026,XL,PLASTICO,1,0
52,CADIZ 13 GRIS (MACETERO PLASTICO RECICLADO ORQUIDEA),,6990,Plantme,04-03-2026,SIN MEDIDAS,PLASTICO,1,0
53,"MALAGA 13,5 COLOR PIEDRA (MACETERO COLGANTE ORQUIDEA)",,7990,Plantme,04-03-2026,SIN MEDIDAS,DESCONOCIDO,1,0
54,"KENIA VERDE (CANASTO DE FIBRA NATURAL), XL",,24990,Plantme,04-03-2026,XL,NATURAL,1,0
55,"SIMBA (CANASTO DE FIBRA NATURAL), L",,14990,Plantme,04-03-2026,L,NATURAL,1,0
56,"BALU (CANASTO DE FIBRA NATURAL), L",,14990,Plantme,04-03-2026,L,NATURAL,1,0
57,"BIGOTES (CANASTO DE FIBRA NATURAL), L",,14990,Plantme,04-03-2026,L,NATURAL,1,0
58,MARRUECOS 50X40 GRIS (MACETERO FIBRA DE ARCILLA XXL),,69990,Plantme,04-03-2026,50X40,CERAMICA,1,0
59,ASUAN 35 (FIBRA DE ARCILLA),,54990,Plantme,04-03-2026,SIN MEDIDAS,CERAMICA,1,0
60,BALI L (CANASTO DE FIBRA NATURAL),,14990,Plantme,04-03-2026,L,NATURAL,1,0
61,DINAMARCA 16X14 GRIS (MACETERO PORCELANA S),,18990,Plantme,04-03-2026,16X14,CERAMICA,1,0
62,NUSA XL (CANASTO DE FIBRA NATURAL),,26990,Plantme,04-03-2026,XL,NATURAL,1,0
63,LUXOR 31 (FIBRA DE ARCILLA),,49990,Plantme,04-03-2026,SIN MEDIDAS,CERAMICA,1,0
64,TANTA 40X35 BLANCO (MACETERO FIBRA DE ARCILLA XL),,59990,Plantme,04-03-2026,40X35,CERAMICA,1,0
65,PACK DINAMARCA GRIS (MACETEROS DE PORCELANA),,80970,Plantme,04-03-2026,SIN MEDIDAS,CERAMICA,1,0
66,BALI XL (CANASTO DE FIBRA NATURAL),,24990,Plantme,04-03-2026,XL,NATURAL,1,0
67,PACK MARRUECOS GRIS (3 MACETEROS DE FIBRA DE ARCILLA),,134978,Plantme,04-03-2026,SIN MEDIDAS,CERAMICA,3,1
68,PACK DINAMARCA BLANCO (3 MACETEROS DE PORCELANA),,80970,Plantme,04-03-2026,SIN MEDIDAS,CERAMICA,3,1
69,AMALFI 22X26 (MACETERO FIBRA DE ARCILLA) L,,34990,Plantme,04-03-2026,22X26,CERAMICA,1,0
70,DANES M NEGRO (PORTA MACETERO DE CERAMICA),,21990,Plantme,04-03-2026,M,CERAMICA,1,0
71,DANES M GRIS (PORTA MACETERO DE CERAMICA),,21990,Plantme,04-03-2026,M,CERAMICA,1,0
72,DANES M BLANCO (PORTA MACETERO DE CERAMICA),,21990,Plantme,04-03-2026,M,CERAMICA,1,0
73,PACK BERGEN (3 PORTA MACETEROS DE CERAMICA),,102728,Plantme,04-03-2026,SIN MEDIDAS,CERAMICA,1,0
74,OSLO 40X40 AZUL (PORTA MACETERO CERAMICA XL),,48993,Plantme,04-03-2026,40X40,CERAMICA,1,0
75,OSLO 20X20 AZUL (PORTA MACETERO CERAMICA M),,18893,Plantme,04-03-2026,20X20,CERAMICA,1,0
76,OSLO 27X27 AZUL (PORTA MACETERO CERAMICA L),,27993,Plantme,04-03-2026,27X27,CERAMICA,1,0
77,PACK OSLO (3 MACETEROS DE CERAMICA),,95879,Plantme,04-03-2026,SIN MEDIDAS,CERAMICA,3,1
78,AMALFI 43X49 (MACETERO FIBRA DE ARCILLA XXL),,79990,Plantme,04-03-2026,43X49,CERAMICA,1,0
79,MADRID 40 BLANCO (MACETERO PLASTICO RECICLADO XL),,44990,Plantme,04-03-2026,XL,PLASTICO,1,0
80,"MADRID 26,5 BLANCO (MACETERO PLASTICO RECICLADO L)",,24990,Plantme,04-03-2026,L,PLASTICO,1,0
81,"MADRID 26,5 AZUL (MACETERO PLASTICO RECICLADO L)",,24990,Plantme,04-03-2026,L,PLASTICO,1,0
82,"MILAN NEGRO 16,2 (COLGANTE)",,7990,Plantme,04-03-2026,SIN MEDIDAS,DESCONOCIDO,1,0
83,BANGKOK GRAFITO 46 (MACETERO FIBERCLAY),,64990,Plantme,04-03-2026,SIN MEDIDAS,CEMENTICIO,1,0
84,PACK NORDICO BLANCO S Y M (MACETERO DE CERAMICA),,39990,Plantme,04-03-2026,S,CERAMICA,1,0
85,PACK NORDICOS NEGROS S Y M (MACETERO DE CERAMICA),,39990,Plantme,04-03-2026,S,CERAMICA,1,0
86,MARRUECOS 26X24 NEGRO (MACETERO FIBRA DE ARCILLA L),,34993,Plantme,04-03-2026,26X24,CERAMICA,1,0
87,MARRUECOS 35X33 NEGRO (MACETERO FIBRA DE ARCILLA XL),,59990,Plantme,04-03-2026,35X33,CERAMICA,1,0
88,MARRUECOS 50X40 NEGRO (MACETERO FIBRA DE ARCILLA XXL),,69990,Plantme,04-03-2026,50X40,CERAMICA,1,0
89,MARRUECOS 26X24 BLANCO (MACETERO FIBRA DE ARCILLA L),,34993,Plantme,04-03-2026,26X24,CERAMICA,1,0
90,MARRUECOS 35X33 BLANCO (MACETERO FIBRA DE ARCILLA XL),,59990,Plantme,04-03-2026,35X33,CERAMICA,1,0
91,MARRUECOS 50X40 BLANCO (MACETERO FIBRA DE ARCILLA XXL),,69990,Plantme,04-03-2026,50X40,CERAMICA,1,0
92,MARRUECOS 26X24 GRIS (MACETERO FIBRA DE ARCILLA L),,34993,Plantme,04-03-2026,26X24,CERAMICA,1,0
93,MARRUECOS 35X33 GRIS (MACETERO FIBRA DE ARCILLA XL),,59990,Plantme,04-03-2026,35X33,CERAMICA,1,0
94,TANTA 50X40 BLANCO (MACETERO FIBRA DE ARCILLA XXL),,69990,Plantme,04-03-2026,50X40,CERAMICA,1,0
95,NORDICO BLANCO M (MACETERO DE CERAMICA),,26990,Plantme,04-03-2026,M,CERAMICA,1,0
96,NORDICO BLANCO XL (MACETERO DE CERAMICA),,79990,Plantme,04-03-2026,XL,CERAMICA,1,0
97,NORDICO NEGRO S (MACETERO DE CERAMICA),,16990,Plantme,04-03-2026,S,CERAMICA,1,0
98,NORDICO NEGRO M (MACETERO DE CERAMICA),,26990,Plantme,04-03-2026,M,CERAMICA,1,0
99,CHONO GRAFITO (AUTORREGANTE L),,54990,Plantme,04-03-2026,L,DESCONOCIDO,1,0
100,CHONO GRAFITO (AUTORREGANTE L) Y PEDESTAL PICUNCHE L,,77990,Plantme,04-03-2026,L,DESCONOCIDO,1,0
101,CHONO NEGRO (AUTORREGANTE L),,54990,Plantme,04-03-2026,L,DESCONOCIDO,1,0
102,CHONO NEGRO (AUTORREGANTE L) Y PEDESTAL PICUNCHE L,,77990,Plantme,04-03-2026,L,DESCONOCIDO,1,0
103,CHONO BLANCO (AUTORREGANTE L),,54990,Plantme,04-03-2026,L,DESCONOCIDO,1,0
104,CHONO BLANCO (AUTORREGANTE L) Y PEDESTAL PICUNCHE L,,77990,Plantme,04-03-2026,L,DESCONOCIDO,1,0
105,INCA NEGRO XL (MACETERO AUTORREGANTE 42X36),,89990,Plantme,04-03-2026,42X36,DESCONOCIDO,1,0
106,INCA BLANCO XL (MACETERO AUTORREGANTE 42X36),,89990,Plantme,04-03-2026,42X36,DESCONOCIDO,1,0
107,INCA GRAFITO XL (MACETERO AUTORREGANTE 42X36),,89990,Plantme,04-03-2026,42X36,DESCONOCIDO,1,0
108,INCA NEGRO XXL (MACETERO AUTORREGANTE 50X44),,109990,Plantme,04-03-2026,50X44,DESCONOCIDO,1,0
109,INCA BLANCO XXL (MACETERO AUTORREGANTE 50X44),,109990,Plantme,04-03-2026,50X44,DESCONOCIDO,1,0
110,INCA GRAFITO XXXL (MACETERO AUTORREGANTE 60X54),,129990,Plantme,04-03-2026,60X54,DESCONOCIDO,1,0
111,INCA NEGRO XXXL (MACETERO AUTORREGANTE 60X54),,129990,Plantme,04-03-2026,60X54,DESCONOCIDO,1,0
112,MALLAWI 37 (FIBRA DE ARCILLA),,64990,Plantme,04-03-2026,SIN MEDIDAS,CERAMICA,1,0
113,MALLAWI 47 (FIBRA DE ARCILLA),,79990,Plantme,04-03-2026,SIN MEDIDAS,CERAMICA,1,0
114,ALEJANDRIA 33 (FIBRA DE CEMENTO),,69990,Plantme,04-03-2026,SIN MEDIDAS,CEMENTICIO,1,0
115,DINAMARCA 19X18 GRIS (MACETERO PORCELANA M),,26990,Plantme,04-03-2026,19X18,CERAMICA,1,0
116,DINAMARCA 24X23 GRIS (MACETERO PORCELANA L),,34990,Plantme,04-03-2026,24X23,CERAMICA,1,0
117,DINAMARCA 19X18 NEGRO (MACETERO PORCELANA M),,26990,Plantme,04-03-2026,19X18,CERAMICA,1,0
118,DINAMARCA 24X23 NEGRO (MACETERO PORCELANA L),,34990,Plantme,04-03-2026,24X23,CERAMICA,1,0
119,DINAMARCA 24X23 BLANCO (MACETERO PORCELANA L),,34990,Plantme,04-03-2026,24X23,CERAMICA,1,0
120,SEUL BLANCO XS (MACETERO DE CERAMICA),,4990,Plantme,04-03-2026,SIN MEDIDAS,CERAMICA,1,0
121,SEUL CELESTE XS (MACETERO DE CERAMICA),,4990,Plantme,04-03-2026,SIN MEDIDAS,CERAMICA,1,0
122,ZURICH BLANCO XS (MACETERO DE CERAMICA),,6990,Plantme,04-03-2026,SIN MEDIDAS,CERAMICA,1,0
123,ZURICH NEGRO XS (MACETERO DE CERAMICA),,6990,Plantme,04-03-2026,SIN MEDIDAS,CERAMICA,1,0
124,DANES L NEGRO (PORTA MACETERO DE CERAMICA),,39990,Plantme,04-03-2026,L,CERAMICA,1,0
125,DANES L GRIS (PORTA MACETERO DE CERAMICA),,39990,Plantme,04-03-2026,L,CERAMICA,1,0
126,DANES L NEGRO (PORTA MACETERO DE CERAMICA) Y PEDESTAL PICUNCHE L,,54990,Plantme,04-03-2026,L,CERAMICA,1,0
127,DANES L GRIS (PORTA MACETERO DE CERAMICA) Y PEDESTAL PICUNCHE L,,54990,Plantme,04-03-2026,L,CERAMICA,1,0
128,ESTAMBUL BLANCO XL (MACETERO AUTORREGANTE),,109990,Plantme,04-03-2026,XL,DESCONOCIDO,1,0
129,ESTAMBUL GRAFITO XL (MACETERO AUTORREGANTE),,109990,Plantme,04-03-2026,XL,DESCONOCIDO,1,0
130,ESTAMBUL GRAFITO XXL (MACETERO AUTORREGANTE),,129990,Plantme,04-03-2026,XXL,DESCONOCIDO,1,0
131,ESTAMBUL NEGRO XXL (MACETERO AUTORREGANTE),,129990,Plantme,04-03-2026,XXL,DESCONOCIDO,1,0
132,GUILIS L (CANASTO DE FIBRA NATURAL),,14990,Plantme,04-03-2026,L,NATURAL,1,0
133,GUILIS XL (CANASTO DE FIBRA NATURAL),,24990,Plantme,04-03-2026,XL,NATURAL,1,0
134,RIO GRIS (MACETERO),,21990,Plantme,04-03-2026,SIN MEDIDAS,DESCONOCIDO,1,0
135,RIO BLANCO (MACETERO),,21990,Plantme,04-03-2026,SIN MEDIDAS,DESCONOCIDO,1,0
136,CRETA BLANCO 25 (PORTA MACETERO M),,16990,Plantme,04-03-2026,M,DESCONOCIDO,1,0
137,CRETA NEGRO 32 (PORTA MACETERO L),,21990,Plantme,04-03-2026,L,DESCONOCIDO,1,0
138,CRETA NEGRO 41 (PORTA MACETERO XL),,34990,Plantme,04-03-2026,XL,DESCONOCIDO,1,0
139,CRETA BLANCO 41 (PORTA MACETERO XL),,34990,Plantme,04-03-2026,XL,DESCONOCIDO,1,0
140,CRETA BLANCO 56 (PORTA MACETERO XXL),,54990,Plantme,04-03-2026,XXL,DESCONOCIDO,1,0
141,CRETA CAFE 32 (PORTA MACETERO L),,21990,Plantme,04-03-2026,L,DESCONOCIDO,1,0
142,"ATENAS NEGRO 21,8 (AUTORREGANTE M)",,34990,Plantme,04-03-2026,M,DESCONOCIDO,1,0
143,"ATENAS NEGRO 32,42 (AUTORREGANTE L)",,49990,Plantme,04-03-2026,L,DESCONOCIDO,1,0
144,"ATENAS BLANCO 21,8 (AUTORREGANTE M)",,34990,Plantme,04-03-2026,M,DESCONOCIDO,1,0
145,"ATENAS BLANCO 32,42 (AUTORREGANTE L)",,49990,Plantme,04-03-2026,L,DESCONOCIDO,1,0
146,"ATENAS CAFE 32,42 (AUTORREGANTE L)",,49990,Plantme,04-03-2026,L,DESCONOCIDO,1,0
147,INCA NEGRO (AUTORREGANTE XL) Y PEDESTAL PICUNCHE XL,,119990,Plantme,04-03-2026,XL,DESCONOCIDO,1,0
148,INCA BLANCO (AUTORREGANTE XL) Y PEDESTAL PICUNCHE XL,,119990,Plantme,04-03-2026,XL,DESCONOCIDO,1,0
149,VALENCIA NEGRO 80 (AUTORREGANTE XXL),,54990,Plantme,04-03-2026,XXL,DESCONOCIDO,1,0
150,PEHUENCHE BLANCO L (PORTAMACETERO DE METAL) Y PEDESTAL PICUNCHE L,,44990,Plantme,04-03-2026,L,METAL,1,0
151,GIFT CARD PLANTME,,,Plantme,04-03-2026,SIN MEDIDAS,DESCONOCIDO,1,0
152,NORDICO BLANCO S (MACETERO DE CERAMICA),,16990,Plantme,04-03-2026,S,CERAMICA,1,0
153,DANES L BLANCO (PORTA MACETERO DE CERAMICA),,39990,Plantme,04-03-2026,L,CERAMICA,1,0
154,DINAMARCA 19X18 BLANCO (MACETERO PORCELANA M),,26990,Plantme,04-03-2026,19X18,CERAMICA,1,0
155,RIO NEGRO (MACETERO),,21990,Plantme,04-03-2026,SIN MEDIDAS,DESCONOCIDO,1,0
156,NORDICO BLANCO L (MACETERO DE CERAMICA),,44990,Plantme,04-03-2026,L,CERAMICA,1,0
157,DANES L BLANCO (PORTA MACETERO DE CERAMICA) Y PEDESTAL PICUNCHE L,,54990,Plantme,04-03-2026,L,CERAMICA,1,0
158,INCA GRAFITO XXL (MACETERO AUTORREGANTE 50X44),,109990,Plantme,04-03-2026,50X44,DESCONOCIDO,1,0
159,DINAMARCA 16X14 NEGRO (MACETERO PORCELANA S),,18990,Plantme,04-03-2026,16X14,CERAMICA,1,0
160,CAIRO 46X42 BLANCO (MACETERO DE FIBRA DE VIDRIO XXL),,55993,Plantme,04-03-2026,46X42,VIDRIO,1,0
161,MACETERO GREDA NEGRO BANDA 50X50,,84990,Plantme,04-03-2026,50X50,CERAMICA,1,0
162,"LISBOA NEGRO 37,5 (AUTORREGANTE XL)",,54990,Plantme,04-03-2026,XL,DESCONOCIDO,1,0
163,"LISBOA NEGRO 27,7 (AUTORREGANTE L)",,34990,Plantme,04-03-2026,L,DESCONOCIDO,1,0
164,"LISBOA BLANCO 37,5 (AUTORREGANTE XL)",,54990,Plantme,04-03-2026,XL,DESCONOCIDO,1,0
165,"CRETA BLANCO 18,5 (PORTA MACETERO S)",,12990,Plantme,04-03-2026,S,DESCONOCIDO,1,0
166,"LISBOA BLANCO 27,7 (AUTORREGANTE L)",,34990,Plantme,04-03-2026,L,DESCONOCIDO,1,0
167,CRETA BLANCO 32 (PORTA MACETERO L),,21990,Plantme,04-03-2026,L,DESCONOCIDO,1,0
168,INCA GRAFITO (AUTORREGANTE XL) Y PEDESTAL PICUNCHE XL,,119990,Plantme,04-03-2026,XL,DESCONOCIDO,1,0
169,ESTAMBUL NEGRO XL (MACETERO AUTORREGANTE),,109990,Plantme,04-03-2026,XL,DESCONOCIDO,1,0
170,"CRETA NEGRO 18,5 (PORTA MACETERO S)",,12990,Plantme,04-03-2026,S,DESCONOCIDO,1,0
171,"ATENAS BLANCO 36,5 (AUTORREGANTE XL)",,64990,Plantme,04-03-2026,XL,DESCONOCIDO,1,0
172,"LISBOA CAFE 37,5 (AUTORREGANTE XL)",,54990,Plantme,04-03-2026,XL,DESCONOCIDO,1,0
173,"LISBOA CAFE 27,7 (AUTORREGANTE L)",,34990,Plantme,04-03-2026,L,DESCONOCIDO,1,0
174,"ATENAS NEGRO 36,5 (AUTORREGANTE XL)",,64990,Plantme,04-03-2026,XL,DESCONOCIDO,1,0
175,CRETA CAFE 25 (PORTA MACETERO M),,16990,Plantme,04-03-2026,M,DESCONOCIDO,1,0
176,"VALENCIA NEGRO 49,5 (AUTORREGANTE XL)",,34990,Plantme,04-03-2026,XL,DESCONOCIDO,1,0
177,PACK MARRUECOS NEGRO (MACETEROS DE FIBRA DE ARCILLA),,134978,Plantme,04-03-2026,SIN MEDIDAS,CERAMICA,1,0
178,PACK NORDICOS NEGROS L Y XL (MACETERO DE CERAMICA),,114990,Plantme,04-03-2026,L,CERAMICA,1,0
179,CRETA NEGRO 56 (PORTA MACETERO XXL),,54990,Plantme,04-03-2026,XXL,DESCONOCIDO,1,0
180,INCA BLANCO XXXL (MACETERO AUTORREGANTE 60X54),,129990,Plantme,04-03-2026,60X54,DESCONOCIDO,1,0
181,"ATENAS CAFE 36,5 AUTORREGANTE XL)",,64990,Plantme,04-03-2026,XL,DESCONOCIDO,1,0
182,"ATENAS CAFE 21,8 (AUTORREGANTE M)",,34990,Plantme,04-03-2026,M,DESCONOCIDO,1,0
183,"JARDINERA SEVILLA GRIS 49,5",,9990,Plantme,04-03-2026,SIN MEDIDAS,DESCONOCIDO,1,0
184,PACK DINAMARCA NEGRO (MACETEROS DE PORCELANA),,80970,Plantme,04-03-2026,SIN MEDIDAS,CERAMICA,1,0
185,CRETA CAFE 41 (PORTA MACETERO XL),,34990,Plantme,04-03-2026,XL,DESCONOCIDO,1,0
186,ZURICH VERDE XS (MACETERO DE CERAMICA),,6990,Plantme,04-03-2026,SIN MEDIDAS,CERAMICA,1,0
187,VALENCIA GRIS 80 (AUTORREGANTE XXL),,54990,Plantme,04-03-2026,XXL,DESCONOCIDO,1,0
188,BANGKOK GRAFITO 39 (MACETERO FIBERCLAY),,54990,Plantme,04-03-2026,SIN MEDIDAS,CEMENTICIO,1,0
189,MACETERO GREDA NEGRO BANDA 25X25,,24990,Plantme,04-03-2026,25X25,CERAMICA,1,0
190,ESTAMBUL BLANCO XXL (MACETERO AUTORREGANTE),,129990,Plantme,04-03-2026,XXL,DESCONOCIDO,1,0
191,PACK NORDICOS BLANCOS L Y XL (MACETERO DE CERAMICA),,114990,Plantme,04-03-2026,L,CERAMICA,1,0
192,MURCIA 27 BLANCO PIEDRA (MACETERO COLGANTE PLASTICO RECICLADO),,12990,Plantme,04-03-2026,SIN MEDIDAS,PLASTICO,1,0
193,PACK 3 SEUL CELESTES (MACETERO DE CERAMICA),,11990,Plantme,04-03-2026,SIN MEDIDAS,CERAMICA,3,1
194,"VALENCIA GRIS 49,5 (AUTORREGANTE XL)",,34990,Plantme,04-03-2026,XL,DESCONOCIDO,1,0
195,MACETERO GREDA NATURAL BANDA 45X45,,54990,Plantme,04-03-2026,45X45,CERAMICA,1,0
196,PAILA NEGRO M (GREDA),,21990,Plantme,04-03-2026,M,CERAMICA,1,0
197,PAILA GRIS M (GREDA),,21990,Plantme,04-03-2026,M,CERAMICA,1,0
198,MACETERO GREDA NEGRO ANILLOS 40X40,,54990,Plantme,04-03-2026,40X40,CERAMICA,1,0
199,MACETERO GREDA NEGRO ANILLOS 50X50,,84990,Plantme,04-03-2026,50X50,CERAMICA,1,0
0,"MACETERO, INTERIOR/EXTERIOR GRIS, 12 CM",NYPON,2490,Ikea,04-03-2026,12CM,DESCONOCIDO,1,0
1,"MACETERO, BLANCO, 24 CM",SOJABÖNA,9990,Ikea,04-03-2026,24CM,DESCONOCIDO,1,0
2,"MACETERO, JACINTO DE AGUA, 12 CM",FRIDFULL,4990,Ikea,04-03-2026,12CM,DESCONOCIDO,1,0
3,"MACETERO, JACINTO DE AGUA, 24 CM",FRIDFULL,19990,Ikea,04-03-2026,24CM,DESCONOCIDO,1,0
4,"MACETERO, GRIS, 15 CM",GRADVIS,6990,Ikea,04-03-2026,15CM,DESCONOCIDO,1,0
5,"MACETERO, DORADO, 9 CM",DAIDAI,990,Ikea,04-03-2026,9CM,DESCONOCIDO,1,0
6,"MACETERO, BLANCO, 32X15 CM",BITTERGURKA,12990,Ikea,04-03-2026,32X15,DESCONOCIDO,1,0
7,"MACETERO, INTERIOR/EXTERIOR BLANCO, 9 CM",FÖRENLIG,1490,Ikea,04-03-2026,9CM,DESCONOCIDO,1,0
8,"MACETERO CON PLATO, INTERIOR/EXTERIOR TERRACOTA, 15 CM",MUSKOTBLOMMA,6990,Ikea,04-03-2026,15CM,DESCONOCIDO,1,0
9,"MACETERO, INTERIOR/EXTERIOR/GRIS OSCURO, 24 CM",CITRONMELISS,9990,Ikea,04-03-2026,24CM,DESCONOCIDO,1,0
10,"MACETERO, INTERIOR/EXTERIOR COLOR HUESO, 12 CM",SESAMFRÖN,5990,Ikea,04-03-2026,12CM,DESCONOCIDO,1,0
11,"MACETERO COLGANTE, INTERIOR/EXTERIOR BLANCO, 12 CM",CHILISTRÅN,9990,Ikea,04-03-2026,12CM,DESCONOCIDO,1,0
12,"MACETERO, INTERIOR/EXTERIOR GRIS OSC/BEIGE, 24 CM",RÅGKORN,24990,Ikea,04-03-2026,24CM,DESCONOCIDO,1,0
13,"MACETERO, GRIS OSC, 19 CM",PERSILLADE,12990,Ikea,04-03-2026,19CM,DESCONOCIDO,1,0
14,"MACETERO, INTERIOR/EXTERIOR/VERDE, 19 CM",HONUNGSPALM,18990,Ikea,04-03-2026,19CM,DESCONOCIDO,1,0
15,"MACETERO, INTERIOR/EXTERIOR GRIS, 9 CM",BUSKVERK,490,Ikea,04-03-2026,9CM,DESCONOCIDO,1,0
16,"MACETERO, BEIGE, 9 CM",KÖRSBÄRSBJÖRK,2690,Ikea,04-03-2026,9CM,DESCONOCIDO,1,0
17,"MACETERO, INTERIOR/EXTERIOR/BEIGE, 12 CM",HASSELBUKETT,6990,Ikea,04-03-2026,12CM,DESCONOCIDO,1,0
18,"MACETERO, BEIGE, 12 CM",PERSILLADE,3990,Ikea,04-03-2026,12CM,DESCONOCIDO,1,0
19,"MACETERO, INTERIOR/EXTERIOR/OCRE, 12 CM",HASSELBUKETT,6990,Ikea,04-03-2026,12CM,DESCONOCIDO,1,0
20,"MACETERO, BEIGE, 19 CM",PERSILLADE,12990,Ikea,04-03-2026,19CM,DESCONOCIDO,1,0
21,"MACETERO, GALVANIZADO, 9 CM",BINTJE,790,Ikea,04-03-2026,9CM,DESCONOCIDO,1,0
22,"MACETERO, INTERIOR/EXTERIOR GRIS OSC/BEIGE, 24 CM",RÅGKORN,24990,Ikea,04-03-2026,24CM,DESCONOCIDO,1,0
23,"MACETERO, BLANCO, 12 CM",SOJABÖNA,2990,Ikea,04-03-2026,12CM,DESCONOCIDO,1,0
24,"MACETERO, BLANCO, 24 CM",SOJABÖNA,9990,Ikea,04-03-2026,24CM,DESCONOCIDO,1,0
25,"MACETERO, BEIGE, 19 CM",PERSILLADE,12990,Ikea,04-03-2026,19CM,DESCONOCIDO,1,0
26,"MACETERO, BLANCO, 15 CM",SOJABÖNA,4990,Ikea,04-03-2026,15CM,DESCONOCIDO,1,0
27,"MACETERO, GRIS OSC, 19 CM",PERSILLADE,12990,Ikea,04-03-2026,19CM,DESCONOCIDO,1,0
28,"MACETERO, INTERIOR/EXTERIOR/CAFE, 12 CM",HONUNGSPALM,6990,Ikea,04-03-2026,12CM,DESCONOCIDO,1,0
29,"MACETERO, INTERIOR/EXTERIOR/BEIGE, 19 CM",HASSELBUKETT,18990,Ikea,04-03-2026,19CM,DESCONOCIDO,1,0
30,"MACETERO CON AUTORRIEGO, INTERIOR/EXTERIOR TRANSPARENTE/GRIS OSCURO, 12 CM",VÅRDTRÄD,3990,Ikea,04-03-2026,12CM,DESCONOCIDO,1,0
31,"MACETERO, INTERIOR/EXTERIOR/GALVANIZADO, 12 CM",ÅKERBÄR,990,Ikea,04-03-2026,12CM,DESCONOCIDO,1,0
32,"MACETERO, INTERIOR/EXTERIOR/BEIGE, 9 CM",HONUNGSPALM,4990,Ikea,04-03-2026,9CM,DESCONOCIDO,1,0
33,"MACETERO, INTERIOR/EXTERIOR/SEPIA, 12 CM",GRADVIS,7990,Ikea,04-03-2026,12CM,DESCONOCIDO,1,0
34,"MACETERO CON PLATO, INTERIOR/EXTERIOR/PETROLEO, 6 CM",KLOTLÖNN,3990,Ikea,04-03-2026,6CM,DESCONOCIDO,1,0
35,"MACETERO, INTERIOR/EXTERIOR/AZUL, 12 CM",FJÄRILSBUSKE,6990,Ikea,04-03-2026,12CM,DESCONOCIDO,1,0
36,"MACETERO CON AUTORRIEGO, INTERIOR/EXTERIOR TRANSPARENTE/GRIS OSCURO, 15 CM",VÅRDTRÄD,6990,Ikea,04-03-2026,15CM,DESCONOCIDO,1,0
37,"MACETERO, INTERIOR/EXTERIOR/SEPIA, 9 CM",GRADVIS,4990,Ikea,04-03-2026,9CM,DESCONOCIDO,1,0
38,"MACETERO, FIBRAS DE PLATANO HECHO A MANO, 32 CM",TÖRNBÄR,49990,Ikea,04-03-2026,32CM,DESCONOCIDO,1,0
39,"MACETERO, RATAN, 12 CM",KAKTUSFIKON,5990,Ikea,04-03-2026,12CM,NATURAL,1,0
40,"MACETERO, INTERIOR/EXTERIOR AZUL OSCURO, 32 CM",ÅKERBÄR,14990,Ikea,04-03-2026,32CM,DESCONOCIDO,1,0
41,"MACETERO CON AUTORRIEGO, INTERIOR/EXTERIOR TRANSPARENTE/GRIS OSCURO, 24 CM",VÅRDTRÄD,14990,Ikea,04-03-2026,24CM,DESCONOCIDO,1,0
42,"MACETERO, INTERIOR/EXTERIOR/COLOR HUESO, 9 CM",KVASTSPIREA,2490,Ikea,04-03-2026,9CM,DESCONOCIDO,1,0
43,"MACETERO CON PLATO, INTERIOR/EXTERIOR/GRIS, 9 CM",KLOTLÖNN,4990,Ikea,04-03-2026,9CM,DESCONOCIDO,1,0
44,"MACETERO CON PLATO, INTERIOR/EXTERIOR CAFE, 12 CM",KLARBÄR,6990,Ikea,04-03-2026,12CM,DESCONOCIDO,1,0
45,"MACETERO, HECHO A MANO BAMBU, 24 CM",KLYNNON,24990,Ikea,04-03-2026,24CM,NATURAL,1,0
46,"MACETERO, INTERIOR/EXTERIOR/BLANCO, 15 CM",AMBRARÖNN,12990,Ikea,04-03-2026,15CM,DESCONOCIDO,1,0
47,"MACETERO, INTERIOR/EXTERIOR GRIS, 9 CM",SKOGSVINBÄR,2990,Ikea,04-03-2026,9CM,DESCONOCIDO,1,0
48,"MACETERO, INTERIOR/EXTERIOR/COLOR HUESO, 12 CM",KVASTSPIREA,3990,Ikea,04-03-2026,12CM,DESCONOCIDO,1,0
49,"JARDINERA, INTERIOR/EXTERIOR CAFE, 54X21 CM",FLODBJÖRK,19990,Ikea,04-03-2026,54X21,DESCONOCIDO,1,0
50,"MACETERO, INTERIOR/EXTERIOR/GRIS, 9 CM",BUSKKAPRIFOL,4990,Ikea,04-03-2026,9CM,DESCONOCIDO,1,0
51,"MACETERO, GRIS EXT, 89X38 CM",ASPAREN,49990,Ikea,04-03-2026,89X38,DESCONOCIDO,1,0
52,"MACETERO, INTERIOR/EXTERIOR GRIS OSC/BEIGE, 24 CM",RÅGKORN,24990,Ikea,04-03-2026,24CM,DESCONOCIDO,1,0
53,"MACETERO, BLANCO, 12 CM",SOJABÖNA,2990,Ikea,04-03-2026,12CM,DESCONOCIDO,1,0
54,"MACETERO, BLANCO, 24 CM",SOJABÖNA,9990,Ikea,04-03-2026,24CM,DESCONOCIDO,1,0
55,"MACETERO, BEIGE, 19 CM",PERSILLADE,12990,Ikea,04-03-2026,19CM,DESCONOCIDO,1,0
56,"MACETERO, BLANCO, 15 CM",SOJABÖNA,4990,Ikea,04-03-2026,15CM,DESCONOCIDO,1,0
57,"MACETERO, GRIS OSC, 19 CM",PERSILLADE,12990,Ikea,04-03-2026,19CM,DESCONOCIDO,1,0
58,"MACETERO CON GANCHO, EXT TURQUESA, 48X18 CM",ROSENKÅL,13990,Ikea,04-03-2026,48X18,DESCONOCIDO,1,0
59,"MACETERO, INTERIOR/EXTERIOR/TAUPE, 24 CM",FRÄKENVÄXT,5990,Ikea,04-03-2026,24CM,DESCONOCIDO,1,0
60,"MACETERO, AMARILLO PASTEL, 15 CM",SOJABÖNA,4990,Ikea,04-03-2026,15CM,DESCONOCIDO,1,0
61,"MACETERO CON AUTORRIEGO, INTERIOR/EXTERIOR TRANSPARENTE/GRIS OSCURO, 9 CM",VÅRDTRÄD,1990,Ikea,04-03-2026,9CM,DESCONOCIDO,1,0
62,"MACETERO, INTERIOR/EXTERIOR GRIS OSC/BEIGE, 24 CM",RÅGKORN,24990,Ikea,04-03-2026,24CM,DESCONOCIDO,1,0
63,"MACETERO, BLANCO, 12 CM",SOJABÖNA,2990,Ikea,04-03-2026,12CM,DESCONOCIDO,1,0
64,"MACETERO, BLANCO, 24 CM",SOJABÖNA,9990,Ikea,04-03-2026,24CM,DESCONOCIDO,1,0
65,"MACETERO, BEIGE, 19 CM",PERSILLADE,12990,Ikea,04-03-2026,19CM,DESCONOCIDO,1,0
66,"MACETERO, BLANCO, 15 CM",SOJABÖNA,4990,Ikea,04-03-2026,15CM,DESCONOCIDO,1,0
67,"MACETERO, GRIS OSC, 19 CM",PERSILLADE,12990,Ikea,04-03-2026,19CM,DESCONOCIDO,1,0
68,"MACETERO, INTERIOR/EXTERIOR GRIS, 12 CM",NYPON,2490,Ikea,04-03-2026,12CM,DESCONOCIDO,1,0
69,"MACETERO, BLANCO, 24 CM",SOJABÖNA,9990,Ikea,04-03-2026,24CM,DESCONOCIDO,1,0
70,"MACETERO, JACINTO DE AGUA, 12 CM",FRIDFULL,4990,Ikea,04-03-2026,12CM,DESCONOCIDO,1,0
71,"MACETERO, JACINTO DE AGUA, 24 CM",FRIDFULL,19990,Ikea,04-03-2026,24CM,DESCONOCIDO,1,0
72,"MACETERO, GRIS, 15 CM",GRADVIS,6990,Ikea,04-03-2026,15CM,DESCONOCIDO,1,0
73,"MACETERO, DORADO, 9 CM",DAIDAI,990,Ikea,04-03-2026,9CM,DESCONOCIDO,1,0
74,"MACETERO, BLANCO, 32X15 CM",BITTERGURKA,12990,Ikea,04-03-2026,32X15,DESCONOCIDO,1,0
75,"MACETERO, INTERIOR/EXTERIOR BLANCO, 9 CM",FÖRENLIG,1490,Ikea,04-03-2026,9CM,DESCONOCIDO,1,0
76,"MACETERO CON PLATO, INTERIOR/EXTERIOR TERRACOTA, 15 CM",MUSKOTBLOMMA,6990,Ikea,04-03-2026,15CM,DESCONOCIDO,1,0
77,"MACETERO, INTERIOR/EXTERIOR/GRIS OSCURO, 24 CM",CITRONMELISS,9990,Ikea,04-03-2026,24CM,DESCONOCIDO,1,0
78,"MACETERO, INTERIOR/EXTERIOR COLOR HUESO, 12 CM",SESAMFRÖN,5990,Ikea,04-03-2026,12CM,DESCONOCIDO,1,0
79,"MACETERO COLGANTE, INTERIOR/EXTERIOR BLANCO, 12 CM",CHILISTRÅN,9990,Ikea,04-03-2026,12CM,DESCONOCIDO,1,0
80,"MACETERO, INTERIOR/EXTERIOR GRIS OSC/BEIGE, 24 CM",RÅGKORN,24990,Ikea,04-03-2026,24CM,DESCONOCIDO,1,0
81,"MACETERO, GRIS OSC, 19 CM",PERSILLADE,12990,Ikea,04-03-2026,19CM,DESCONOCIDO,1,0
82,"MACETERO, INTERIOR/EXTERIOR/VERDE, 19 CM",HONUNGSPALM,18990,Ikea,04-03-2026,19CM,DESCONOCIDO,1,0
83,"MACETERO, INTERIOR/EXTERIOR GRIS, 9 CM",BUSKVERK,490,Ikea,04-03-2026,9CM,DESCONOCIDO,1,0
84,"MACETERO, BEIGE, 9 CM",KÖRSBÄRSBJÖRK,2690,Ikea,04-03-2026,9CM,DESCONOCIDO,1,0
85,"MACETERO, INTERIOR/EXTERIOR/BEIGE, 12 CM",HASSELBUKETT,6990,Ikea,04-03-2026,12CM,DESCONOCIDO,1,0
86,"MACETERO, BEIGE, 12 CM",PERSILLADE,3990,Ikea,04-03-2026,12CM,DESCONOCIDO,1,0
87,"MACETERO, INTERIOR/EXTERIOR/OCRE, 12 CM",HASSELBUKETT,6990,Ikea,04-03-2026,12CM,DESCONOCIDO,1,0
88,"MACETERO, BEIGE, 19 CM",PERSILLADE,12990,Ikea,04-03-2026,19CM,DESCONOCIDO,1,0
89,"MACETERO, GALVANIZADO, 9 CM",BINTJE,790,Ikea,04-03-2026,9CM,DESCONOCIDO,1,0
90,"MACETERO, INTERIOR/EXTERIOR GRIS OSC/BEIGE, 24 CM",RÅGKORN,24990,Ikea,04-03-2026,24CM,DESCONOCIDO,1,0
91,"MACETERO, BLANCO, 12 CM",SOJABÖNA,2990,Ikea,04-03-2026,12CM,DESCONOCIDO,1,0
92,"MACETERO, BLANCO, 24 CM",SOJABÖNA,9990,Ikea,04-03-2026,24CM,DESCONOCIDO,1,0
93,"MACETERO, BEIGE, 19 CM",PERSILLADE,12990,Ikea,04-03-2026,19CM,DESCONOCIDO,1,0
94,"MACETERO, BLANCO, 15 CM",SOJABÖNA,4990,Ikea,04-03-2026,15CM,DESCONOCIDO,1,0
95,"MACETERO, GRIS OSC, 19 CM",PERSILLADE,12990,Ikea,04-03-2026,19CM,DESCONOCIDO,1,0
96,"MACETERO, INTERIOR/EXTERIOR GRIS, 12 CM",NYPON,2490,Ikea,04-03-2026,12CM,DESCONOCIDO,1,0
97,"MACETERO, BLANCO, 24 CM",SOJABÖNA,9990,Ikea,04-03-2026,24CM,DESCONOCIDO,1,0
98,"MACETERO, JACINTO DE AGUA, 12 CM",FRIDFULL,4990,Ikea,04-03-2026,12CM,DESCONOCIDO,1,0
99,"MACETERO, JACINTO DE AGUA, 24 CM",FRIDFULL,19990,Ikea,04-03-2026,24CM,DESCONOCIDO,1,0
100,"MACETERO, GRIS, 15 CM",GRADVIS,6990,Ikea,04-03-2026,15CM,DESCONOCIDO,1,0
101,"MACETERO, DORADO, 9 CM",DAIDAI,990,Ikea,04-03-2026,9CM,DESCONOCIDO,1,0
102,"MACETERO, BLANCO, 32X15 CM",BITTERGURKA,12990,Ikea,04-03-2026,32X15,DESCONOCIDO,1,0
103,"MACETERO, INTERIOR/EXTERIOR BLANCO, 9 CM",FÖRENLIG,1490,Ikea,04-03-2026,9CM,DESCONOCIDO,1,0
104,"MACETERO CON PLATO, INTERIOR/EXTERIOR TERRACOTA, 15 CM",MUSKOTBLOMMA,6990,Ikea,04-03-2026,15CM,DESCONOCIDO,1,0
105,"MACETERO, INTERIOR/EXTERIOR/GRIS OSCURO, 24 CM",CITRONMELISS,9990,Ikea,04-03-2026,24CM,DESCONOCIDO,1,0
106,"MACETERO, INTERIOR/EXTERIOR COLOR HUESO, 12 CM",SESAMFRÖN,5990,Ikea,04-03-2026,12CM,DESCONOCIDO,1,0
107,"MACETERO COLGANTE, INTERIOR/EXTERIOR BLANCO, 12 CM",CHILISTRÅN,9990,Ikea,04-03-2026,12CM,DESCONOCIDO,1,0
108,"MACETERO, INTERIOR/EXTERIOR GRIS OSC/BEIGE, 24 CM",RÅGKORN,24990,Ikea,04-03-2026,24CM,DESCONOCIDO,1,0
109,"MACETERO, GRIS OSC, 19 CM",PERSILLADE,12990,Ikea,04-03-2026,19CM,DESCONOCIDO,1,0
110,"MACETERO, INTERIOR/EXTERIOR/VERDE, 19 CM",HONUNGSPALM,18990,Ikea,04-03-2026,19CM,DESCONOCIDO,1,0
111,"MACETERO, INTERIOR/EXTERIOR GRIS, 9 CM",BUSKVERK,490,Ikea,04-03-2026,9CM,DESCONOCIDO,1,0
112,"MACETERO, BEIGE, 9 CM",KÖRSBÄRSBJÖRK,2690,Ikea,04-03-2026,9CM,DESCONOCIDO,1,0
113,"MACETERO, INTERIOR/EXTERIOR/BEIGE, 12 CM",HASSELBUKETT,6990,Ikea,04-03-2026,12CM,DESCONOCIDO,1,0
114,"MACETERO, BEIGE, 12 CM",PERSILLADE,3990,Ikea,04-03-2026,12CM,DESCONOCIDO,1,0
115,"MACETERO, INTERIOR/EXTERIOR/OCRE, 12 CM",HASSELBUKETT,6990,Ikea,04-03-2026,12CM,DESCONOCIDO,1,0
116,"MACETERO, BEIGE, 19 CM",PERSILLADE,12990,Ikea,04-03-2026,19CM,DESCONOCIDO,1,0
117,"MACETERO, GALVANIZADO, 9 CM",BINTJE,790,Ikea,04-03-2026,9CM,DESCONOCIDO,1,0
118,"MACETERO, INTERIOR/EXTERIOR GRIS OSC/BEIGE, 24 CM",RÅGKORN,24990,Ikea,04-03-2026,24CM,DESCONOCIDO,1,0
119,"MACETERO, BLANCO, 12 CM",SOJABÖNA,2990,Ikea,04-03-2026,12CM,DESCONOCIDO,1,0
120,"MACETERO, BLANCO, 24 CM",SOJABÖNA,9990,Ikea,04-03-2026,24CM,DESCONOCIDO,1,0
121,"MACETERO, BEIGE, 19 CM",PERSILLADE,12990,Ikea,04-03-2026,19CM,DESCONOCIDO,1,0
122,"MACETERO, BLANCO, 15 CM",SOJABÖNA,4990,Ikea,04-03-2026,15CM,DESCONOCIDO,1,0
123,"MACETERO, GRIS OSC, 19 CM",PERSILLADE,12990,Ikea,04-03-2026,19CM,DESCONOCIDO,1,0
0,SUSTRATO PARA MACETAS 7 L,,3992,Casa Ideas,04-03-2026,7L,DESCONOCIDO,1,0
1,MACETA TEXTURADA CON CACTUS,,4232,Casa Ideas,04-03-2026,SIN MEDIDAS,DESCONOCIDO,1,0
2,MACETA TEXTURADA CON PLANTA,,10490,Casa Ideas,04-03-2026,SIN MEDIDAS,DESCONOCIDO,1,0
3,MACETA CON ORQUIDEA MEDIANA,,10990,Casa Ideas,04-03-2026,SIN MEDIDAS,DESCONOCIDO,1,0
4,MACETA DE VIDRIO CON CACTUS,,4232,Casa Ideas,04-03-2026,SIN MEDIDAS,VIDRIO,1,0
5,MACETA DE VIDRIO CON CACTUS,,4232,Casa Ideas,04-03-2026,SIN MEDIDAS,VIDRIO,1,0
6,MACETA DE VIDRIO CON CACTUS,,4990,Casa Ideas,04-03-2026,SIN MEDIDAS,VIDRIO,1,0
7,MACETA DE VIDRIO CON CACTUS,,4990,Casa Ideas,04-03-2026,SIN MEDIDAS,VIDRIO,1,0
8,"MACETA TERRACOTA CACTUS 15,5X21 CM",,9592,Casa Ideas,04-03-2026,"15,5X21",DESCONOCIDO,1,0
9,"MACETA TERRACOTA CACTUS 15,5X21 CM",,9592,Casa Ideas,04-03-2026,"15,5X21",DESCONOCIDO,1,0
10,MACETA CON FLOR ALTA ORQUIDEA,,12792,Casa Ideas,04-03-2026,SIN MEDIDAS,DESCONOCIDO,1,0
11,MACETA DE CERAMICA CON CACTUS,,10392,Casa Ideas,04-03-2026,SIN MEDIDAS,CERAMICA,1,0
12,CACTUS CON MACETA 7X9.5 CM,,3432,Casa Ideas,04-03-2026,7X9.5,DESCONOCIDO,1,0
13,CACTUS CON MACETA 7X9.5 CM,,3432,Casa Ideas,04-03-2026,7X9.5,DESCONOCIDO,1,0
14,PLANTA CON MACETA 18X14 CM,,5790,Casa Ideas,04-03-2026,18X14,DESCONOCIDO,1,0
15,CACTUS CON MACETA 27X40 CM,,15192,Casa Ideas,04-03-2026,27X40,DESCONOCIDO,1,0
16,MACETA DE CERAMICA 9X9.5 CM,,2392,Casa Ideas,04-03-2026,9X9.5,CERAMICA,1,0
17,MACETA DE CERAMICA 9X9.5 CM,,2392,Casa Ideas,04-03-2026,9X9.5,CERAMICA,1,0
18,MACETA DE CERAMICA 9X9.5 CM,,2392,Casa Ideas,04-03-2026,9X9.5,CERAMICA,1,0
19,PLANTA CON MACETA 18X34 CM,,11192,Casa Ideas,04-03-2026,18X34,DESCONOCIDO,1,0
20,PLANTA CON MACETA 40X43 CM,,13990,Casa Ideas,04-03-2026,40X43,DESCONOCIDO,1,0
21,CACTUS CON MACETA 16X19 CM,,9490,Casa Ideas,04-03-2026,16X19,DESCONOCIDO,1,0
22,BASE PARA MACETA DE BAMBU REGULABLE,,10392,Casa Ideas,04-03-2026,SIN MEDIDAS,NATURAL,1,0
23,"MACETA PLASTICA CON RUEDAS 46,5X42,5 CM",,18392,Casa Ideas,04-03-2026,"46,5X42,5",PLASTICO,1,0
24,MACETA PLASTICA CON RUEDAS 31X15X25 CM,,2690,Casa Ideas,04-03-2026,31X15X25,PLASTICO,1,0
25,MACETA PLASTICA CON RUEDAS 37X34 CM,,11992,Casa Ideas,04-03-2026,37X34,PLASTICO,1,0
26,PLANTA DECORATIVA CON MACETA 8X17 CM,,3992,Casa Ideas,04-03-2026,8X17,DESCONOCIDO,1,0
27,"CACTUS CON MACETA PEQUENO 13,5X8 CM",,3490,Casa Ideas,04-03-2026,"13,5X8",DESCONOCIDO,1,0
28,"CACTUS CON MACETA PEQUENO 13,5X8 CM",,3490,Casa Ideas,04-03-2026,"13,5X8",DESCONOCIDO,1,0
29,PLANTA COLGANTE CON MACETA 17X33 CM,,11990,Casa Ideas,04-03-2026,17X33,DESCONOCIDO,1,0
30,MACETA DE CERAMICA CRUDO 10.5X10.8 CM,,2792,Casa Ideas,04-03-2026,10.5X10.8,CERAMICA,1,0
31,MACETA DE CERAMICA CRUDO 13.5X13 CM,,3992,Casa Ideas,04-03-2026,13.5X13,CERAMICA,1,0
32,MACETA DE CERAMICA CRUDO 16.8X15.5 CM,,6392,Casa Ideas,04-03-2026,16.8X15.5,CERAMICA,1,0
33,MACETA DE CERAMICA CRUDO 18.6X18 CM,,8792,Casa Ideas,04-03-2026,18.6X18,CERAMICA,1,0
34,"MACETA DE CERAMICA PEQUENA 8,2X9 CM",,3490,Casa Ideas,04-03-2026,"8,2X9",CERAMICA,1,0
35,"MACETA DE CERAMICA PEQUENA 8,2X9 CM",,3490,Casa Ideas,04-03-2026,"8,2X9",CERAMICA,1,0
36,"MACETA DE CERAMICA PEQUENA 8,2X9 CM",,3490,Casa Ideas,04-03-2026,"8,2X9",CERAMICA,1,0
37,MACETA DE CERAMICA FLOR 15X15 CM,,11990,Casa Ideas,04-03-2026,15X15,CERAMICA,1,0
38,MACETA DE CERAMICA FLOR 20X20 CM,,16990,Casa Ideas,04-03-2026,20X20,CERAMICA,1,0
39,MACETA CON SUCULENTA Y DECAL 15X35 CM,,10990,Casa Ideas,04-03-2026,15X35,DESCONOCIDO,1,0
40,"MACETA CON SUCULENTA COLGANTE 18X41,5 CM",,11990,Casa Ideas,04-03-2026,"18X41,5",DESCONOCIDO,1,0
41,"MACETA ALTA CON CACTUS 41X37,5 CM",,14990,Casa Ideas,04-03-2026,"41X37,5",DESCONOCIDO,1,0
42,MACETA COLGANTE CON PLANTA 15X34 CM,,8490,Casa Ideas,04-03-2026,15X34,DESCONOCIDO,1,0
43,PLATO MACETA DE CERAMICA DIAMETRO 18 CM,,3992,Casa Ideas,04-03-2026,18CM,CERAMICA,1,0
44,PLATO MACETA DE CERAMICA DIAMETRO 18 CM,,3490,Casa Ideas,04-03-2026,18CM,CERAMICA,1,0
45,PLATO MACETA DE CERAMICA DIAMETRO 24 CM,,4790,Casa Ideas,04-03-2026,24CM,CERAMICA,1,0
46,MACETA DOS TONOS CON CACTUS 8X13 CM,,3432,Casa Ideas,04-03-2026,8X13,DESCONOCIDO,1,0
47,MACETA DOS TONOS CON CACTUS 8X13 CM,,2632,Casa Ideas,04-03-2026,8X13,DESCONOCIDO,1,0
48,MACETA DOS TONOS CON CACTUS 8X13 CM,,2632,Casa Ideas,04-03-2026,8X13,DESCONOCIDO,1,0
49,PLATO MACETA DE CERAMICA DIAMETRO 14 CM,,3192,Casa Ideas,04-03-2026,14CM,CERAMICA,1,0
50,PLATO MACETA DE CERAMICA DIAMETRO 14 CM,,2390,Casa Ideas,04-03-2026,14CM,CERAMICA,1,0
51,PLANTA DECORATIVA GRANDE CON MACETA 40X43 CM,,17990,Casa Ideas,04-03-2026,40X43,DESCONOCIDO,1,0
52,MACETA DE CERAMICA CON PATAS 15X10 CM,,4792,Casa Ideas,04-03-2026,15X10,CERAMICA,1,0
53,MACETA DE CERAMICA CON PATAS 15X10 CM,,4792,Casa Ideas,04-03-2026,15X10,CERAMICA,1,0
54,MACETA DE CERAMICA CON TEXTURA 19.8X8.7 CM,,7192,Casa Ideas,04-03-2026,19.8X8.7,CERAMICA,1,0
55,MACETA DE CERAMICA CON TEXTURA 19.7X17.5 CM,,10392,Casa Ideas,04-03-2026,19.7X17.5,CERAMICA,1,0
56,MACETA DE CERAMICA CON TEXTURA 15.7X7 CM,,3992,Casa Ideas,04-03-2026,15.7X7,CERAMICA,1,0
57,MACETA DE CERAMICA CON TEXTURA 15.7X7 CM,,3992,Casa Ideas,04-03-2026,15.7X7,CERAMICA,1,0
58,MACETA DE CERAMICA CON TEXTURA 17.7X14.7 CM,,7192,Casa Ideas,04-03-2026,17.7X14.7,CERAMICA,1,0
59,MACETA DE CERAMICA CON TEXTURA 17.7X14.7 CM,,7192,Casa Ideas,04-03-2026,17.7X14.7,CERAMICA,1,0
60,BASE PARA MACETA DE MADERA 20X7 CM,,4792,Casa Ideas,04-03-2026,20X7,NATURAL,1,0
61,BASE PARA MACETA DE MADERA 30X11 CM,,7192,Casa Ideas,04-03-2026,30X11,NATURAL,1,0
62,BASE PARA MACETA DE MADERA 40X12 CM,,11192,Casa Ideas,04-03-2026,40X12,NATURAL,1,0
63,PORTA MACETA COLGANTE DE FIBRA 18X18 CM,,6590,Casa Ideas,04-03-2026,18X18,DESCONOCIDO,1,0
64,MACETA DE CERAMICA ESTAMPADA FLOR 18X15X15 CM,,13990,Casa Ideas,04-03-2026,18X15X15,CERAMICA,1,0
65,MACETA DE CERAMICA CON PAJARO 20X16X14 CM,,10490,Casa Ideas,04-03-2026,20X16X14,CERAMICA,1,0
66,MACETA DE CERAMICA CON PAJARO 20X15X20 CM,,11990,Casa Ideas,04-03-2026,20X15X20,CERAMICA,1,0
67,"MACETA DE VIDRIO CON CACTUS DIAMETRO 6,9X7,9 CM",,3112,Casa Ideas,04-03-2026,"6,9X7,9",VIDRIO,1,0
68,"MACETA DE VIDRIO CON CACTUS DIAMETRO 6,9X7,9 CM",,3112,Casa Ideas,04-03-2026,"6,9X7,9",VIDRIO,1,0
69,"MACETA DE VIDRIO CON CACTUS DIAMETRO 6,9X7,9 CM",,3112,Casa Ideas,04-03-2026,"6,9X7,9",VIDRIO,1,0
70,"MACETA DE VIDRIO CON CACTUS DIAMETRO 6,9X7,9 CM",,3112,Casa Ideas,04-03-2026,"6,9X7,9",VIDRIO,1,0
71,"MACETA DE VIDRIO CON CACTUS DIAMETRO 6,9X7,9 CM",,3112,Casa Ideas,04-03-2026,"6,9X7,9",VIDRIO,1,0
72,MACETA DE CERAMICA CON DISENO Y PATAS 13 CM,,3992,Casa Ideas,04-03-2026,13CM,CERAMICA,1,0
73,MACETA DE CERAMICA CON DISENO Y PATAS 16 CM,,6392,Casa Ideas,04-03-2026,16CM,CERAMICA,1,0
74,MACETA COLGANTE DE FIBRA DE BAMBU 30.2X30.2X13 CM,,8792,Casa Ideas,04-03-2026,30.2X30.2X13,NATURAL,1,0
75,"MACETA DE CERAMICA CON DISENO EMBOSS 20,5X16,5 CM",,21990,Casa Ideas,04-03-2026,"20,5X16,5",CERAMICA,1,0
76,"MACETA DE CERAMICA CON DISENO EMBOSS 20,5X16,5 CM",,21990,Casa Ideas,04-03-2026,"20,5X16,5",CERAMICA,1,0
77,MACETA DE CERAMICA CON BASE DE BAMBU 21X17 CM,,13592,Casa Ideas,04-03-2026,21X17,NATURAL,1,0
78,MACETA DE FIBRA DE BAMBU CON PATAS 9.5X9.8 CM,,2392,Casa Ideas,04-03-2026,9.5X9.8,NATURAL,1,0
79,MACETA DE FIBRA DE BAMBU CON PATAS 9.5X9.8 CM,,2392,Casa Ideas,04-03-2026,9.5X9.8,NATURAL,1,0
80,MACETA DE FIBRA DE BAMBU CON PATAS 9.5X9.8 CM,,2392,Casa Ideas,04-03-2026,9.5X9.8,NATURAL,1,0
81,MACETA DE CERAMICA CON BASE DE BAMBU 14X12 CM,,6392,Casa Ideas,04-03-2026,14X12,NATURAL,1,0
82,MACETA DE CERAMICA CON BASE DE BAMBU 21X17 CM,,13592,Casa Ideas,04-03-2026,21X17,NATURAL,1,0
83,MACETA DE CERAMICA CON BASE DE BAMBU 27X21 CM,,21592,Casa Ideas,04-03-2026,27X21,NATURAL,1,0
84,PLATO PARA MACETERO CON FORMA DE FLOR 14 CM,,3192,Casa Ideas,04-03-2026,14CM,DESCONOCIDO,1,0
85,PLATO PARA MACETERO CON FORMA DE FLOR 18 CM,,3992,Casa Ideas,04-03-2026,18CM,DESCONOCIDO,1,0
86,PLATO PARA MACETERO CON FORMA DE FLOR 24 CM,,5592,Casa Ideas,04-03-2026,24CM,DESCONOCIDO,1,0
87,JARDINERA PLASTICA PARA BALCON 59X36X25 CM,,6290,Casa Ideas,04-03-2026,59X36X25,PLASTICO,1,0
88,TERRARIO DE VIDRIO CON CACTUS 12X12 CM,,5990,Casa Ideas,04-03-2026,12X12,VIDRIO,1,0
89,TERRARIO DE VIDRIO CON CACTUS 12X12 CM,,5990,Casa Ideas,04-03-2026,12X12,VIDRIO,1,0
90,TERRARIO DE VIDRIO CON CACTUS 122X12 CM,,5032,Casa Ideas,04-03-2026,122X12,VIDRIO,1,0
91,SET DE ADORNO NATURAL L,,5992,Casa Ideas,04-03-2026,L,DESCONOCIDO,1,0
92,TERRARIO DE VIDRIO CON CACTUS 122X12 CM,,5032,Casa Ideas,04-03-2026,122X12,VIDRIO,1,0
93,RAMO TELA MIXTO,,4632,Casa Ideas,04-03-2026,SIN MEDIDAS,DESCONOCIDO,1,0
94,RAMO TELA MIXTO,,4632,Casa Ideas,04-03-2026,SIN MEDIDAS,DESCONOCIDO,1,0
95,RAMO TELA MIXTO,,4632,Casa Ideas,04-03-2026,SIN MEDIDAS,DESCONOCIDO,1,0
0,MACETERO 46CM GRAFIATO CONICO KD9952,SAN MARINO,12900,Paris,04-03-2026,46CM,DESCONOCIDO,1,0
1,MACETERO COBA 25X19 CM,MACETEROS RAYUN,24990,Paris,04-03-2026,25X19,DESCONOCIDO,1,0
2,MACETERO FLORIDIS ZURIQUE BEIGE 34CM CON PLATO,FLORIDIS,16990,Paris,04-03-2026,34CM,DESCONOCIDO,1,0
3,MACETERO AZUL S,SARAH MILLER,13990,Paris,04-03-2026,S,DESCONOCIDO,1,0
4,MACETERO MACETA DE CERAMICA BLANCO TEXTURA ACANALADA,FLIPEREX,5990,Paris,04-03-2026,SIN MEDIDAS,CERAMICA,1,0
5,MACETERO 14 CM CAPRI BLANCO OUTZEN,OUTZEN,1490,Paris,04-03-2026,14CM,DESCONOCIDO,1,0
6,MACETERO PLASTICO DISENO EFECTO BARRIL DE MADERA MACETA S,FLIPEREX,11990,Paris,04-03-2026,S,PLASTICO,1,0
7,MACETERO COLOR CEMENTO NATURAL RAY 30X40 CM,MACETEROS RAYUN,37990,Paris,04-03-2026,30X40,CEMENTICIO,1,0
8,MACETERO DE CERAMICA GRIS MATE TEXTURA ACANALADA S,FLIPEREX,5990,Paris,04-03-2026,S,CERAMICA,1,0
9,MACETERO MACETA DISENO RAYAS ENVEJECIDO DE PLASTICO BLANCO L,FLIPEREX,19900,Paris,04-03-2026,L,PLASTICO,1,0
10,MACETERO COBA 52X45 CM XL,MACETEROS RAYUN,69990,Paris,04-03-2026,52X45,DESCONOCIDO,1,0
11,MACETERO ROTOMOLDEADO BEE27 CREMA (27CMX33CM),POTTERY,16990,Paris,04-03-2026,27CM,DESCONOCIDO,1,0
12,MACETERO MACETA ACABADO CEMENTO RELIEVE HOJAS GRIS M,FLIPEREX,10990,Paris,04-03-2026,M,CEMENTICIO,1,0
13,SET 3 MACETEROS MACETA DE CERAMICA COPON BLANCO BRILLANTE,FLIPEREX,34990,Paris,04-03-2026,SIN MEDIDAS,CERAMICA,3,1
14,MACETERO DESERT 44X44 CM XL,MACETEROS RAYUN,69990,Paris,04-03-2026,44X44,DESCONOCIDO,1,0
15,MACETERO DE MADERA TIPO BARRIL PARA JARDIN TERRAZA PLANTA XS,FLIPEREX,5990,Paris,04-03-2026,SIN MEDIDAS,NATURAL,1,0
16,MACETERO PLASTICO REDONDO OVALADO MODERNO CON TEXTURA M,FLIPEREX,8990,Paris,04-03-2026,M,PLASTICO,1,0
17,MACETERO PLASTICO DISENO EFECTO BARRIL DE MADERA MACETA L,FLIPEREX,16990,Paris,04-03-2026,L,PLASTICO,1,0
18,MACETA DECORATIVA BELICE PEQUENA SOPORTE,MALLORCA,10990,Paris,04-03-2026,SIN MEDIDAS,DESCONOCIDO,1,0
19,PORTA MACETERO PEDESTAL MACETA PLANTAS BLANCO DORADO,FLIPEREX,24990,Paris,04-03-2026,SIN MEDIDAS,DESCONOCIDO,1,0
20,MACETERO MACETA DE CERAMICA COPON BLANCO BRILLANTE S,FLIPEREX,6990,Paris,04-03-2026,S,CERAMICA,1,0
21,MACETERO DE METAL CANASTO CON DISENOS MACETA BALDE 20X12CM N,DECODECO,5990,Paris,04-03-2026,20X12,METAL,1,0
22,MACETERO ROTOMOLDEADO MUNA53 GRAFITO MATE (53CMX55CM),POTTERY,69990,Paris,04-03-2026,53CM,DESCONOCIDO,1,0
23,MACETERO PAJARITO,BRIC,17990,Paris,04-03-2026,SIN MEDIDAS,DESCONOCIDO,1,0
24,MACETERO DE CERAMICA BLANCO MATE LINEAS DECORATIVAS MACETA S,FLIPEREX,5990,Paris,04-03-2026,S,CERAMICA,1,0
25,MACETERO COLGANTE METALICO FLORES NEGRO,BRIC,21988,Paris,04-03-2026,SIN MEDIDAS,METAL,1,0
26,MACETERO FLORIDIS AMSTERDAM 65CM DE ALTO,FLORIDIS,45990,Paris,04-03-2026,65CM,DESCONOCIDO,1,0
27,MACETERO CEMENTO CILINDRO L,DECOGREEN,19990,Paris,04-03-2026,L,CEMENTICIO,1,0
28,MACETERO NEGRO MATE 25X45 CM,MACETEROS RAYUN,52990,Paris,04-03-2026,25X45,DESCONOCIDO,1,0
29,MACETERO 16 CM CAPRI TAUPE,OUTZEN,1990,Paris,04-03-2026,16CM,DESCONOCIDO,1,0
30,MACETERO BANDEJA METALICO,BRIC,49990,Paris,04-03-2026,SIN MEDIDAS,METAL,1,0
31,MACETERO BICICLETA,BRIC,21990,Paris,04-03-2026,SIN MEDIDAS,DESCONOCIDO,1,0
32,SET 3 MACETEROS MACETA DE CERAMICA NEGRO TEXTURA ACANALADA,FLIPEREX,16990,Paris,04-03-2026,SIN MEDIDAS,CERAMICA,3,1
33,MACETERO - DISENO PERRO,PRINTS PATRO,4990,Paris,04-03-2026,SIN MEDIDAS,DESCONOCIDO,1,0
34,MACETA DECORATIVA MALAUI OVALADA,MALLORCA,9990,Paris,04-03-2026,SIN MEDIDAS,DESCONOCIDO,1,0
35,MACETERO MACETA DE CERAMICA ELEGANTE BLANCO LISO BRILLANTE S,FLIPEREX,5990,Paris,04-03-2026,S,CERAMICA,1,0
36,MACETA CERAMICA MINIMALISTA,COLATERAL,11500,Paris,04-03-2026,SIN MEDIDAS,CERAMICA,1,0
37,SET 3 MACETEROS DE MADERA TIPO BARRIL PARA JARDIN TERRAZA,FLIPEREX,18990,Paris,04-03-2026,SIN MEDIDAS,NATURAL,3,1
38,SET 2 MACETEROS CON PEDESTAL DORADOS,HOME ESSENTIALS,43990,Paris,04-03-2026,SIN MEDIDAS,DESCONOCIDO,2,1
39,MACETA 18 CM CAPRI TAUPE OUTZEN,OUTZEN,2990,Paris,04-03-2026,18CM,DESCONOCIDO,1,0
40,MACETERO MACETA DE CERAMICA COPON BLANCO BRILLANTE M,FLIPEREX,11990,Paris,04-03-2026,M,CERAMICA,1,0
41,MACETERO DE CERAMICA BLANCO MATE LINEAS DECORATIVAS MACETA M,FLIPEREX,9900,Paris,04-03-2026,M,CERAMICA,1,0
42,MACETERO MACETA DE CERAMICA ELEGANTE BLANCO LISO BRILLANTE M,FLIPEREX,9900,Paris,04-03-2026,M,CERAMICA,1,0
43,MACETERO CON MENSAJE PARA LAS MAMAS,POTTERY,7990,Paris,04-03-2026,SIN MEDIDAS,DESCONOCIDO,1,0
44,MACETERO MACETA DE CERAMICA COPON BLANCO BRILLANTE L,FLIPEREX,18990,Paris,04-03-2026,L,CERAMICA,1,0
45,MACETERO OCTOGONAL DORADO S,DECOGREEN,10990,Paris,04-03-2026,S,DESCONOCIDO,1,0
46,MACETERO REDONDO XL COLOR NEGRO,VADELL HOME,119990,Paris,04-03-2026,XL,DESCONOCIDO,1,0
47,MACETERO ENLOZADO BLANCO 17X15 DECOGREEN,DECOGREEN,16990,Paris,04-03-2026,17X15,DESCONOCIDO,1,0
48,MACETERO DE CERAMICA BLANCO MATE LINEAS DECORATIVAS MACETA L,FLIPEREX,16990,Paris,04-03-2026,L,CERAMICA,1,0
49,MACETERO ENLOZADO AZUL 17X15 DECOGREEN,DECOGREEN,16990,Paris,04-03-2026,17X15,DESCONOCIDO,1,0
50,MACETA MACETERO MOLDE PLASTICO CIRCULAR ESTILO PIEDRA,REYPLAST,16990,Paris,04-03-2026,SIN MEDIDAS,PLASTICO,1,0
51,MACETERO PEDESTAL MADERA,DECOGREEN,42990,Paris,04-03-2026,SIN MEDIDAS,NATURAL,1,0
52,PORTAMACETERO MOISES,BOHEMIK,22350,Paris,04-03-2026,SIN MEDIDAS,DESCONOCIDO,1,0
53,MACETERO FLORIDIS FLORENCIA NEGRO 32CM CON PLATO,FLORIDIS,29990,Paris,04-03-2026,32CM,DESCONOCIDO,1,0
54,MACETERO FLORIDIS AMSTERDAM NEGRO 44CM DE ALTO,FLORIDIS,34990,Paris,04-03-2026,44CM,DESCONOCIDO,1,0
55,FLORERO MACETERO PORCELANA + PLANTA ARTIFICIAL,EKOL,14990,Paris,04-03-2026,SIN MEDIDAS,CERAMICA,1,0
56,MACETERO FLORIDIS ZURIQUE CAFE 34CM CON PLATO,FLORIDIS,16990,Paris,04-03-2026,34CM,DESCONOCIDO,1,0
57,MACETERO GRANDE CIRCOLARE 26 CREMA,POTTERY,24990,Paris,04-03-2026,SIN MEDIDAS,DESCONOCIDO,1,0
58,MACETERO DE CERAMICA PLANTA ARTIFICIAL MODERNO ROSTRO GRIEGO B,DECODECO,10990,Paris,04-03-2026,SIN MEDIDAS,CERAMICA,1,0
59,MACETERO ENLOZADO AZUL 20X18 DECOGREEN,DECOGREEN,19990,Paris,04-03-2026,20X18,DESCONOCIDO,1,0
60,MACETERO BANDEJA METALICO,BRIC,49990,Paris,04-03-2026,SIN MEDIDAS,METAL,1,0
61,MACETERO BICICLETA,BRIC,21990,Paris,04-03-2026,SIN MEDIDAS,DESCONOCIDO,1,0
62,SET 3 MACETEROS MACETA DE CERAMICA NEGRO TEXTURA ACANALADA,FLIPEREX,16990,Paris,04-03-2026,SIN MEDIDAS,CERAMICA,3,1
63,MACETERO - DISENO PERRO,PRINTS PATRO,4990,Paris,04-03-2026,SIN MEDIDAS,DESCONOCIDO,1,0
64,MACETA DECORATIVA MALAUI OVALADA,MALLORCA,9990,Paris,04-03-2026,SIN MEDIDAS,DESCONOCIDO,1,0
65,MACETERO MACETA DE CERAMICA ELEGANTE BLANCO LISO BRILLANTE S,FLIPEREX,5990,Paris,04-03-2026,S,CERAMICA,1,0
66,MACETA CERAMICA MINIMALISTA,COLATERAL,11500,Paris,04-03-2026,SIN MEDIDAS,CERAMICA,1,0
67,SET 3 MACETEROS DE MADERA TIPO BARRIL PARA JARDIN TERRAZA,FLIPEREX,18990,Paris,04-03-2026,SIN MEDIDAS,NATURAL,3,1
68,SET 2 MACETEROS CON PEDESTAL DORADOS,HOME ESSENTIALS,43990,Paris,04-03-2026,SIN MEDIDAS,DESCONOCIDO,2,1
69,MACETA 18 CM CAPRI TAUPE OUTZEN,OUTZEN,2990,Paris,04-03-2026,18CM,DESCONOCIDO,1,0
70,MACETERO MACETA DE CERAMICA COPON BLANCO BRILLANTE M,FLIPEREX,11990,Paris,04-03-2026,M,CERAMICA,1,0
71,MACETERO DE CERAMICA BLANCO MATE LINEAS DECORATIVAS MACETA M,FLIPEREX,9900,Paris,04-03-2026,M,CERAMICA,1,0
72,MACETERO MACETA DE CERAMICA ELEGANTE BLANCO LISO BRILLANTE M,FLIPEREX,9900,Paris,04-03-2026,M,CERAMICA,1,0
73,MACETERO CON MENSAJE PARA LAS MAMAS,POTTERY,7990,Paris,04-03-2026,SIN MEDIDAS,DESCONOCIDO,1,0
74,MACETERO MACETA DE CERAMICA COPON BLANCO BRILLANTE L,FLIPEREX,18990,Paris,04-03-2026,L,CERAMICA,1,0
75,MACETERO OCTOGONAL DORADO S,DECOGREEN,10990,Paris,04-03-2026,S,DESCONOCIDO,1,0
76,MACETERO REDONDO XL COLOR NEGRO,VADELL HOME,119990,Paris,04-03-2026,XL,DESCONOCIDO,1,0
77,MACETERO ENLOZADO BLANCO 17X15 DECOGREEN,DECOGREEN,16990,Paris,04-03-2026,17X15,DESCONOCIDO,1,0
78,MACETERO DE CERAMICA BLANCO MATE LINEAS DECORATIVAS MACETA L,FLIPEREX,16990,Paris,04-03-2026,L,CERAMICA,1,0
79,MACETERO ENLOZADO AZUL 17X15 DECOGREEN,DECOGREEN,16990,Paris,04-03-2026,17X15,DESCONOCIDO,1,0
80,MACETA MACETERO MOLDE PLASTICO CIRCULAR ESTILO PIEDRA,REYPLAST,16990,Paris,04-03-2026,SIN MEDIDAS,PLASTICO,1,0
81,MACETERO PEDESTAL MADERA,DECOGREEN,42990,Paris,04-03-2026,SIN MEDIDAS,NATURAL,1,0
82,PORTAMACETERO MOISES,BOHEMIK,22350,Paris,04-03-2026,SIN MEDIDAS,DESCONOCIDO,1,0
83,MACETERO FLORIDIS FLORENCIA NEGRO 32CM CON PLATO,FLORIDIS,29990,Paris,04-03-2026,32CM,DESCONOCIDO,1,0
84,MACETERO FLORIDIS AMSTERDAM NEGRO 44CM DE ALTO,FLORIDIS,34990,Paris,04-03-2026,44CM,DESCONOCIDO,1,0
85,FLORERO MACETERO PORCELANA + PLANTA ARTIFICIAL,EKOL,14990,Paris,04-03-2026,SIN MEDIDAS,CERAMICA,1,0
86,MACETERO FLORIDIS ZURIQUE CAFE 34CM CON PLATO,FLORIDIS,16990,Paris,04-03-2026,34CM,DESCONOCIDO,1,0
87,MACETERO GRANDE CIRCOLARE 26 CREMA,POTTERY,24990,Paris,04-03-2026,SIN MEDIDAS,DESCONOCIDO,1,0
88,MACETERO DE CERAMICA PLANTA ARTIFICIAL MODERNO ROSTRO GRIEGO B,DECODECO,10990,Paris,04-03-2026,SIN MEDIDAS,CERAMICA,1,0
89,MACETERO ENLOZADO AZUL 20X18 DECOGREEN,DECOGREEN,19990,Paris,04-03-2026,20X18,DESCONOCIDO,1,0
90,MACETERO PLASTICO SEMI ESFERA PREMIUM DISENO A RAYAS M,FLIPEREX,19900,Paris,04-03-2026,M,PLASTICO,1,0
91,MACETERO FLORIDIS AMSTERDAM 65CM DE ALTO,FLORIDIS,45990,Paris,04-03-2026,65CM,DESCONOCIDO,1,0
92,MACETERO FLORIDIS AMSTERDAM GRIS CLARO 28CM DE ALTO,FLORIDIS,28990,Paris,04-03-2026,28CM,DESCONOCIDO,1,0
93,MACETERO GRANDE SOLARE 38 PERLA,POTTERY,39990,Paris,04-03-2026,SIN MEDIDAS,DESCONOCIDO,1,0
94,MACETA COLGANTE MACETERO COLGANTE DE RESINA CANASTO REDONDO V,DECODECO,10990,Paris,04-03-2026,SIN MEDIDAS,DESCONOCIDO,1,0
95,MACETERO GRANDE GOBI 33 GRIS,POTTERY,26990,Paris,04-03-2026,SIN MEDIDAS,DESCONOCIDO,1,0
96,MACETERO ROTOMOLDEADO MUNA53 ARENA (53CMX55CM),POTTERY,69988,Paris,04-03-2026,53CM,DESCONOCIDO,1,0
97,MACETERO CESTO MACETA DE YUTE TEJIDA RUSTICA CON ASAS M,FLIPEREX,12990,Paris,04-03-2026,M,DESCONOCIDO,1,0
98,MACETERO COLOR CEMENTO NATURAL RAY 40X50 CM,MACETEROS RAYUN,69990,Paris,04-03-2026,40X50,CEMENTICIO,1,0
99,MACETA DECORATIVA LAUSANNA,MALLORCA,10990,Paris,04-03-2026,SIN MEDIDAS,DESCONOCIDO,1,0
100,MACETERO PLASTICO ALARGADO PREMIUM BASE CIRCULAR CONICA,FLIPEREX,34990,Paris,04-03-2026,SIN MEDIDAS,PLASTICO,1,0
101,SET 2 PLANTAS ARTIFICIALES DECORATIVAS MACETERO BICOLOR JHN,RONDON,27990,Paris,04-03-2026,SIN MEDIDAS,DESCONOCIDO,2,1
102,MACETERO ENLOZADO MOSTAZA 20X18 DECOGREEN,DECOGREEN,19990,Paris,04-03-2026,20X18,DESCONOCIDO,1,0
103,MACETERO DECORATIVO DE CERAMICA,CREA TALLER,10990,Paris,04-03-2026,SIN MEDIDAS,CERAMICA,1,0
104,PEDESTAL PORTA MACETAS METALICO 2 NIVELES COLOR DORADO ENVEJECIDO.,DECOBAZAR,16990,Paris,04-03-2026,SIN MEDIDAS,METAL,1,0
105,MACETERO TERRACOTA CILIND L,DECOGREEN,19990,Paris,04-03-2026,L,DESCONOCIDO,1,0
106,PORTA MACETERO PEDESTAL MACETA PLANTAS NEGRO DORADO,FLIPEREX,24990,Paris,04-03-2026,SIN MEDIDAS,DESCONOCIDO,1,0
107,MACETERO WHITE MATE 50X43 CM XL,MACETEROS RAYUN,79990,Paris,04-03-2026,50X43,DESCONOCIDO,1,0
108,MACETERO JARDINERA CON PLATO,BRIC,14990,Paris,04-03-2026,SIN MEDIDAS,DESCONOCIDO,1,0
109,MACETERO FLORIDIS AMSTERDAM NEGRO 28CM DE ALTO,FLORIDIS,28990,Paris,04-03-2026,28CM,DESCONOCIDO,1,0
110,SUCULENTAS 20 CM CON MACETERO RECTANGULAR,VADELL,19990,Paris,04-03-2026,20CM,DESCONOCIDO,1,0
111,MACETERO REDONDO ESTILO PIEDRA,BRIC,19990,Paris,04-03-2026,SIN MEDIDAS,DESCONOCIDO,1,0
112,MACETERO GRANDE SAHARA 33 GRIS,POTTERY,29990,Paris,04-03-2026,SIN MEDIDAS,DESCONOCIDO,1,0
113,"SET 2 MACETA BIODEGRADABLE CURVO BLANCO 16,5X13",DECOGREEN,6990,Paris,04-03-2026,"16,5X13",DESCONOCIDO,2,1
114,MACETERO,BRIC,17990,Paris,04-03-2026,SIN MEDIDAS,DESCONOCIDO,1,0
115,MACETERO OCTOGONAL DORADO M,DECOGREEN,19990,Paris,04-03-2026,M,DESCONOCIDO,1,0
116,MACETERO DE METAL CANASTO MACETA BALDE DISENO JARDIN 18X15CM A,DECODECO,7490,Paris,04-03-2026,18X15,METAL,1,0
117,MACETA 21 CM MADAGASCAR VERDE SECO OUTZEN,OUTZEN,2490,Paris,04-03-2026,21CM,DESCONOCIDO,1,0
118,MACETERO LORET M,AMOBLÉ,34900,Paris,04-03-2026,M,DESCONOCIDO,1,0
119,SET 3 MACETEROS CEM C S+M+L,DECOGREEN,34990,Paris,04-03-2026,S,DESCONOCIDO,3,1
120,MACETERO PLASTICO SEMI ESFERA PREMIUM DISENO A RAYAS M,FLIPEREX,19900,Paris,04-03-2026,M,PLASTICO,1,0
121,MACETERO FLORIDIS AMSTERDAM 65CM DE ALTO,FLORIDIS,45990,Paris,04-03-2026,65CM,DESCONOCIDO,1,0
122,MACETERO FLORIDIS AMSTERDAM GRIS CLARO 28CM DE ALTO,FLORIDIS,28990,Paris,04-03-2026,28CM,DESCONOCIDO,1,0
123,MACETERO GRANDE SOLARE 38 PERLA,POTTERY,39990,Paris,04-03-2026,SIN MEDIDAS,DESCONOCIDO,1,0
124,MACETA COLGANTE MACETERO COLGANTE DE RESINA CANASTO REDONDO V,DECODECO,10990,Paris,04-03-2026,SIN MEDIDAS,DESCONOCIDO,1,0
125,MACETERO GRANDE GOBI 33 GRIS,POTTERY,26990,Paris,04-03-2026,SIN MEDIDAS,DESCONOCIDO,1,0
126,MACETERO ROTOMOLDEADO MUNA53 ARENA (53CMX55CM),POTTERY,69988,Paris,04-03-2026,53CM,DESCONOCIDO,1,0
127,MACETERO CESTO MACETA DE YUTE TEJIDA RUSTICA CON ASAS M,FLIPEREX,12990,Paris,04-03-2026,M,DESCONOCIDO,1,0
128,MACETERO COLOR CEMENTO NATURAL RAY 40X50 CM,MACETEROS RAYUN,69990,Paris,04-03-2026,40X50,CEMENTICIO,1,0
129,MACETA DECORATIVA LAUSANNA,MALLORCA,10990,Paris,04-03-2026,SIN MEDIDAS,DESCONOCIDO,1,0
130,MACETERO PLASTICO ALARGADO PREMIUM BASE CIRCULAR CONICA,FLIPEREX,34990,Paris,04-03-2026,SIN MEDIDAS,PLASTICO,1,0
131,SET 2 PLANTAS ARTIFICIALES DECORATIVAS MACETERO BICOLOR JHN,RONDON,27990,Paris,04-03-2026,SIN MEDIDAS,DESCONOCIDO,2,1
132,MACETERO ENLOZADO MOSTAZA 20X18 DECOGREEN,DECOGREEN,19990,Paris,04-03-2026,20X18,DESCONOCIDO,1,0
133,MACETERO DECORATIVO DE CERAMICA,CREA TALLER,10990,Paris,04-03-2026,SIN MEDIDAS,CERAMICA,1,0
134,PEDESTAL PORTA MACETAS METALICO 2 NIVELES COLOR DORADO ENVEJECIDO.,DECOBAZAR,16990,Paris,04-03-2026,SIN MEDIDAS,METAL,1,0
135,MACETERO TERRACOTA CILIND L,DECOGREEN,19990,Paris,04-03-2026,L,DESCONOCIDO,1,0
136,PORTA MACETERO PEDESTAL MACETA PLANTAS NEGRO DORADO,FLIPEREX,24990,Paris,04-03-2026,SIN MEDIDAS,DESCONOCIDO,1,0
137,MACETERO WHITE MATE 50X43 CM XL,MACETEROS RAYUN,79990,Paris,04-03-2026,50X43,DESCONOCIDO,1,0
138,MACETERO JARDINERA CON PLATO,BRIC,14990,Paris,04-03-2026,SIN MEDIDAS,DESCONOCIDO,1,0
139,MACETERO FLORIDIS AMSTERDAM NEGRO 28CM DE ALTO,FLORIDIS,28990,Paris,04-03-2026,28CM,DESCONOCIDO,1,0
140,SUCULENTAS 20 CM CON MACETERO RECTANGULAR,VADELL,19990,Paris,04-03-2026,20CM,DESCONOCIDO,1,0
141,MACETERO REDONDO ESTILO PIEDRA,BRIC,19990,Paris,04-03-2026,SIN MEDIDAS,DESCONOCIDO,1,0
142,MACETERO GRANDE SAHARA 33 GRIS,POTTERY,29990,Paris,04-03-2026,SIN MEDIDAS,DESCONOCIDO,1,0
143,"SET 2 MACETA BIODEGRADABLE CURVO BLANCO 16,5X13",DECOGREEN,6990,Paris,04-03-2026,"16,5X13",DESCONOCIDO,2,1
144,MACETERO,BRIC,17990,Paris,04-03-2026,SIN MEDIDAS,DESCONOCIDO,1,0
145,MACETERO OCTOGONAL DORADO M,DECOGREEN,19990,Paris,04-03-2026,M,DESCONOCIDO,1,0
146,MACETERO DE METAL CANASTO MACETA BALDE DISENO JARDIN 18X15CM A,DECODECO,7490,Paris,04-03-2026,18X15,METAL,1,0
147,MACETA 21 CM MADAGASCAR VERDE SECO OUTZEN,OUTZEN,2490,Paris,04-03-2026,21CM,DESCONOCIDO,1,0
148,MACETERO LORET M,AMOBLÉ,34900,Paris,04-03-2026,M,DESCONOCIDO,1,0
149,SET 3 MACETEROS CEM C S+M+L,DECOGREEN,34990,Paris,04-03-2026,S,DESCONOCIDO,3,1
150,MACETERO DECORATIVO DE GATO AMARILLO,PRINTS PATRO,7990,Paris,04-03-2026,SIN MEDIDAS,DESCONOCIDO,1,0
151,MACETA DECORATIVA GABON MEDIANA,MALLORCA,12490,Paris,04-03-2026,SIN MEDIDAS,DESCONOCIDO,1,0
152,MACETERO FLORIDIS ZURIQUE NEGRO 34CM CON PLATO,FLORIDIS,35990,Paris,04-03-2026,34CM,DESCONOCIDO,1,0
153,MACETERO DE CEMENTO BLANCO/DORADO 14 CM,HOME ESSENTIALS,9990,Paris,04-03-2026,14CM,CEMENTICIO,1,0
154,MACETERO HUAQUEN GRIS XL,AMOBLÉ,199900,Paris,04-03-2026,XL,DESCONOCIDO,1,0
155,MACETERO DE MIMBRE PORTA MACETA RUSTICA RATTAN,DECODECO,16990,Paris,04-03-2026,SIN MEDIDAS,DESCONOCIDO,1,0
156,MACETA COLGANTE MACETERO COLGANTE DE PAJA CESTA PEQUENO,DECODECO,7990,Paris,04-03-2026,SIN MEDIDAS,DESCONOCIDO,1,0
157,MACETERO CESTO MACETA DE YUTE TEJIDA RUSTICA CON ASAS S,FLIPEREX,9900,Paris,04-03-2026,S,DESCONOCIDO,1,0
158,MACETERO CESTO CANASTO MACETA DE MIMBRE TEJIDA PLEGABLE 35CM B,DECODECO,15990,Paris,04-03-2026,35CM,DESCONOCIDO,1,0
159,MACETERO DE BAMBU,BRIC,6990,Paris,04-03-2026,SIN MEDIDAS,NATURAL,1,0
160,MACETERO DE COLGAR,BRIC,18990,Paris,04-03-2026,SIN MEDIDAS,DESCONOCIDO,1,0
161,PORTA MACETAS SOPORTE ELEVADO MULTIFUNCIONAL MODERNO JHN,RONDON,91990,Paris,04-03-2026,SIN MEDIDAS,DESCONOCIDO,1,0
162,MACETERO TERRACOTA CILIND M,DECOGREEN,14990,Paris,04-03-2026,M,DESCONOCIDO,1,0
163,MACETERO PLASTICO REDONDO OVALADO MODERNO CON TEXTURA S,FLIPEREX,9900,Paris,04-03-2026,S,PLASTICO,1,0
164,MACETERO REDONDO,BRIC,31990,Paris,04-03-2026,SIN MEDIDAS,DESCONOCIDO,1,0
165,CANASTOS O MACETEROS DE FIBRAS PARA CANASTOS Y ROPA,BRIC,12990,Paris,04-03-2026,SIN MEDIDAS,DESCONOCIDO,1,0
166,MACETERO MODERNO,PRINTS PATRO,11990,Paris,04-03-2026,SIN MEDIDAS,DESCONOCIDO,1,0
167,MACETERO FLORIDIS ZURIQUE GRIS CLARO 34CM CON PLATO,FLORIDIS,16990,Paris,04-03-2026,34CM,DESCONOCIDO,1,0
168,MACETERO FLORIDIS AMSTERDAM CAFE 28CM DE ALTO,FLORIDIS,28990,Paris,04-03-2026,28CM,DESCONOCIDO,1,0
169,SET 2 MACETEROS TUBULAR DOR,DECOGREEN,21990,Paris,04-03-2026,SIN MEDIDAS,DESCONOCIDO,2,1
170,MACETERO ELEFANTE OUTZEN,OUTZEN,29990,Paris,04-03-2026,SIN MEDIDAS,DESCONOCIDO,1,0
171,MACETERO MACETA CERAMICA ESTILO NORDICO BLANCO BASE CONICA,FLIPEREX,39990,Paris,04-03-2026,SIN MEDIDAS,CERAMICA,1,0
172,MACETERO LUXOR 36X34 CM,MACETEROS RAYUN,32990,Paris,04-03-2026,36X34,DESCONOCIDO,1,0
173,MACETERO PLASTICO ALARGADO PREMIUM BASE CUADRADA CONICA,FLIPEREX,34990,Paris,04-03-2026,SIN MEDIDAS,PLASTICO,1,0
174,MACETERO GRANDE CIRCCA 36 GRAFITO,POTTERY,22990,Paris,04-03-2026,SIN MEDIDAS,DESCONOCIDO,1,0
175,MACETERO WHITE MATE 30X26 CM,MACETEROS RAYUN,32990,Paris,04-03-2026,30X26,DESCONOCIDO,1,0
176,MACETERO FLORIDIS AMSTERDAM GRIS CLARO 44CM DE ALTO,FLORIDIS,34990,Paris,04-03-2026,44CM,DESCONOCIDO,1,0
177,SET 2 MACETEROS PLASTICO REDONDO OVALADO MODERNO TEXTURA M,FLIPEREX,16990,Paris,04-03-2026,M,PLASTICO,2,1
178,MACETERO CESTO CANASTO MACETA DE MIMBRE TEJIDA PLEGABLE,DECODECO,13990,Paris,04-03-2026,SIN MEDIDAS,DESCONOCIDO,1,0
179,SET 2 MACETERO DECORATIVO DISENO CILINDRICO MODERNO JHN,RONDON,27990,Paris,04-03-2026,SIN MEDIDAS,DESCONOCIDO,2,1
180,MACETERO DECORATIVO DE GATO AMARILLO,PRINTS PATRO,7990,Paris,04-03-2026,SIN MEDIDAS,DESCONOCIDO,1,0
181,MACETA DECORATIVA GABON MEDIANA,MALLORCA,12490,Paris,04-03-2026,SIN MEDIDAS,DESCONOCIDO,1,0
182,MACETERO FLORIDIS ZURIQUE NEGRO 34CM CON PLATO,FLORIDIS,35990,Paris,04-03-2026,34CM,DESCONOCIDO,1,0
183,MACETERO DE CEMENTO BLANCO/DORADO 14 CM,HOME ESSENTIALS,9990,Paris,04-03-2026,14CM,CEMENTICIO,1,0
184,MACETERO HUAQUEN GRIS XL,AMOBLÉ,199900,Paris,04-03-2026,XL,DESCONOCIDO,1,0
185,MACETERO DE MIMBRE PORTA MACETA RUSTICA RATTAN,DECODECO,16990,Paris,04-03-2026,SIN MEDIDAS,DESCONOCIDO,1,0
186,MACETA COLGANTE MACETERO COLGANTE DE PAJA CESTA PEQUENO,DECODECO,7990,Paris,04-03-2026,SIN MEDIDAS,DESCONOCIDO,1,0
187,MACETERO CESTO MACETA DE YUTE TEJIDA RUSTICA CON ASAS S,FLIPEREX,9900,Paris,04-03-2026,S,DESCONOCIDO,1,0
188,MACETERO CESTO CANASTO MACETA DE MIMBRE TEJIDA PLEGABLE 35CM B,DECODECO,15990,Paris,04-03-2026,35CM,DESCONOCIDO,1,0
189,MACETERO DE BAMBU,BRIC,6990,Paris,04-03-2026,SIN MEDIDAS,NATURAL,1,0
190,MACETERO DE COLGAR,BRIC,18990,Paris,04-03-2026,SIN MEDIDAS,DESCONOCIDO,1,0
191,PORTA MACETAS SOPORTE ELEVADO MULTIFUNCIONAL MODERNO JHN,RONDON,91990,Paris,04-03-2026,SIN MEDIDAS,DESCONOCIDO,1,0
192,MACETERO TERRACOTA CILIND M,DECOGREEN,14990,Paris,04-03-2026,M,DESCONOCIDO,1,0
193,MACETERO PLASTICO REDONDO OVALADO MODERNO CON TEXTURA S,FLIPEREX,9900,Paris,04-03-2026,S,PLASTICO,1,0
194,MACETERO REDONDO,BRIC,31990,Paris,04-03-2026,SIN MEDIDAS,DESCONOCIDO,1,0
195,CANASTOS O MACETEROS DE FIBRAS PARA CANASTOS Y ROPA,BRIC,12990,Paris,04-03-2026,SIN MEDIDAS,DESCONOCIDO,1,0
196,MACETERO MODERNO,PRINTS PATRO,11990,Paris,04-03-2026,SIN MEDIDAS,DESCONOCIDO,1,0
197,MACETERO FLORIDIS ZURIQUE GRIS CLARO 34CM CON PLATO,FLORIDIS,16990,Paris,04-03-2026,34CM,DESCONOCIDO,1,0
198,MACETERO FLORIDIS AMSTERDAM CAFE 28CM DE ALTO,FLORIDIS,28990,Paris,04-03-2026,28CM,DESCONOCIDO,1,0
199,SET 2 MACETEROS TUBULAR DOR,DECOGREEN,21990,Paris,04-03-2026,SIN MEDIDAS,DESCONOCIDO,2,1
200,MACETERO ELEFANTE OUTZEN,OUTZEN,29990,Paris,04-03-2026,SIN MEDIDAS,DESCONOCIDO,1,0
201,MACETERO MACETA CERAMICA ESTILO NORDICO BLANCO BASE CONICA,FLIPEREX,39990,Paris,04-03-2026,SIN MEDIDAS,CERAMICA,1,0
202,MACETERO LUXOR 36X34 CM,MACETEROS RAYUN,32990,Paris,04-03-2026,36X34,DESCONOCIDO,1,0
203,MACETERO PLASTICO ALARGADO PREMIUM BASE CUADRADA CONICA,FLIPEREX,34990,Paris,04-03-2026,SIN MEDIDAS,PLASTICO,1,0
204,MACETERO GRANDE CIRCCA 36 GRAFITO,POTTERY,22990,Paris,04-03-2026,SIN MEDIDAS,DESCONOCIDO,1,0
205,MACETERO WHITE MATE 30X26 CM,MACETEROS RAYUN,32990,Paris,04-03-2026,30X26,DESCONOCIDO,1,0
206,MACETERO FLORIDIS AMSTERDAM GRIS CLARO 44CM DE ALTO,FLORIDIS,34990,Paris,04-03-2026,44CM,DESCONOCIDO,1,0
207,SET 2 MACETEROS PLASTICO REDONDO OVALADO MODERNO TEXTURA M,FLIPEREX,16990,Paris,04-03-2026,M,PLASTICO,2,1
208,MACETERO CESTO CANASTO MACETA DE MIMBRE TEJIDA PLEGABLE,DECODECO,13990,Paris,04-03-2026,SIN MEDIDAS,DESCONOCIDO,1,0
209,SET 2 MACETERO DECORATIVO DISENO CILINDRICO MODERNO JHN,RONDON,27990,Paris,04-03-2026,SIN MEDIDAS,DESCONOCIDO,2,1
210,MACETERO DE MADERA PORTA MACETA COLGANTE JARDIN HOGAR,DECODECO,15990,Paris,04-03-2026,SIN MEDIDAS,NATURAL,1,0
211,MACETERO MACETA GEOMETRICO DISENO NORDICO DE PLASTICO,FLIPEREX,15990,Paris,04-03-2026,SIN MEDIDAS,PLASTICO,1,0
212,MACETERO GRANDE NAZCA 40 PERLA,POTTERY,39990,Paris,04-03-2026,SIN MEDIDAS,DESCONOCIDO,1,0
213,SET 2 MACETERO DECORATIVO DISENO ONDULADO RECIPIENTE JHN,RONDON,27990,Paris,04-03-2026,SIN MEDIDAS,DESCONOCIDO,2,1
214,MACETERO LAUCA 27 GRIS,FORM DESIGN,29900,Paris,04-03-2026,SIN MEDIDAS,DESCONOCIDO,1,0
215,"MACETERO DINAMARCA GRIS 16, (MACETERO CERAMICA)",PLANTME,18990,Paris,04-03-2026,SIN MEDIDAS,CERAMICA,1,0
216,MACETERO DE METAL CANASTO CON DISENOS MACETA BALDE METAL B,DECODECO,7490,Paris,04-03-2026,SIN MEDIDAS,METAL,1,0
217,"MACETERO DINAMARCA GRIS 19, (MACETERO CERAMICA)",PLANTME,26990,Paris,04-03-2026,SIN MEDIDAS,CERAMICA,1,0
218,"MACETA BIODEGRADABLE CURVO NEGRO C/PLATO 16,5X13",DECOGREEN,5990,Paris,04-03-2026,"16,5X13",DESCONOCIDO,1,0
219,MOLDE MACETA MACETERO CIRCULAR PLASTICO RATAN,REYPLAST,13990,Paris,04-03-2026,SIN MEDIDAS,PLASTICO,1,0
220,SET 2 MACETEROS CEM C M+L,DECOGREEN,29990,Paris,04-03-2026,M,DESCONOCIDO,2,1
221,MACETERO 14 CM CAPRI ANTRACITA OUTZEN,OUTZEN,1490,Paris,04-03-2026,14CM,DESCONOCIDO,1,0
222,MACETERO FLORIDIS GENEBRA BLANCO 80CM CON PLATO,FLORIDIS,75990,Paris,04-03-2026,80CM,DESCONOCIDO,1,0
223,MACETERO CESTO CANASTO MACETA DE MIMBRE PEQUENA 26X18CM,OEM,17990,Paris,04-03-2026,26X18,DESCONOCIDO,1,0
224,MACETERO FLORIDIS ZURIQUE GRAFITO 34CM CON PLATO,FLORIDIS,16990,Paris,04-03-2026,34CM,DESCONOCIDO,1,0
225,MACETERO REDONDO COLOR NEGRO,BRIC,21990,Paris,04-03-2026,SIN MEDIDAS,DESCONOCIDO,1,0
226,MACETERO GRANDE SAHARA 33 NEGRO,POTTERY,29990,Paris,04-03-2026,SIN MEDIDAS,DESCONOCIDO,1,0
227,MACETERO FLORIDIS AMSTERDAM GRAFITO 45CM CON PLATO,FLORIDIS,45990,Paris,04-03-2026,45CM,DESCONOCIDO,1,0
228,"MACETERO DINAMARCA NEGRO 24, (MACETERO CERAMICA)",PLANTME,34990,Paris,04-03-2026,SIN MEDIDAS,CERAMICA,1,0
229,SUCULENTAS DE 17 CM CON MACETERO,VADELL,20990,Paris,04-03-2026,17CM,DESCONOCIDO,1,0
230,"MACETERO DINAMARCA NEGRO 16, (MACETERO CERAMICA)",PLANTME,18990,Paris,04-03-2026,SIN MEDIDAS,CERAMICA,1,0
231,MINI SUCULENTAS DECORATIVAS ARTIFICIALES CON MACETERO 3 UNI.,MOBII,6990,Paris,04-03-2026,SIN MEDIDAS,DESCONOCIDO,1,0
232,MACETERO MIMBRE,BRIC,6990,Paris,04-03-2026,SIN MEDIDAS,DESCONOCIDO,1,0
233,MACETERO HOJAS 43 CM,UMBRALE,32189,Paris,04-03-2026,43CM,DESCONOCIDO,1,0
234,MACETA BIODEGRADABLE OLIMPO GRAFITO 34X26,DECOGREEN,11990,Paris,04-03-2026,34X26,DESCONOCIDO,1,0
235,MACETA 15 CM MADAGASCAR ANTRACITA OUTZEN,OUTZEN,1490,Paris,04-03-2026,15CM,DESCONOCIDO,1,0
236,"MACETA LUNA BAJA 26CM, TERRACOTA",DEROMA,16990,Paris,04-03-2026,26CM,DESCONOCIDO,1,0
237,MACETERO FLORIDIS AMSTERDAM BEIGE 44CM DE ALTO,FLORIDIS,34990,Paris,04-03-2026,44CM,DESCONOCIDO,1,0
238,SET 2 MACETERO PEDESTAL MADERA RUSTICO PORTA MACETERO BLANCO,FLIPEREX,29990,Paris,04-03-2026,SIN MEDIDAS,NATURAL,2,1
239,SET 3 MACETERO DECORATIVO ACANALADO ESTILO MINIMALISTA JHN,RONDON,71990,Paris,04-03-2026,SIN MEDIDAS,DESCONOCIDO,3,1
240,MACETERO DE MADERA PORTA MACETA COLGANTE JARDIN HOGAR,DECODECO,15990,Paris,04-03-2026,SIN MEDIDAS,NATURAL,1,0
241,MACETERO MACETA GEOMETRICO DISENO NORDICO DE PLASTICO,FLIPEREX,15990,Paris,04-03-2026,SIN MEDIDAS,PLASTICO,1,0
242,MACETERO GRANDE NAZCA 40 PERLA,POTTERY,39990,Paris,04-03-2026,SIN MEDIDAS,DESCONOCIDO,1,0
243,SET 2 MACETERO DECORATIVO DISENO ONDULADO RECIPIENTE JHN,RONDON,27990,Paris,04-03-2026,SIN MEDIDAS,DESCONOCIDO,2,1
244,MACETERO LAUCA 27 GRIS,FORM DESIGN,29900,Paris,04-03-2026,SIN MEDIDAS,DESCONOCIDO,1,0
245,"MACETERO DINAMARCA GRIS 16, (MACETERO CERAMICA)",PLANTME,18990,Paris,04-03-2026,SIN MEDIDAS,CERAMICA,1,0
246,MACETERO DE METAL CANASTO CON DISENOS MACETA BALDE METAL B,DECODECO,7490,Paris,04-03-2026,SIN MEDIDAS,METAL,1,0
247,"MACETERO DINAMARCA GRIS 19, (MACETERO CERAMICA)",PLANTME,26990,Paris,04-03-2026,SIN MEDIDAS,CERAMICA,1,0
248,"MACETA BIODEGRADABLE CURVO NEGRO C/PLATO 16,5X13",DECOGREEN,5990,Paris,04-03-2026,"16,5X13",DESCONOCIDO,1,0
249,MOLDE MACETA MACETERO CIRCULAR PLASTICO RATAN,REYPLAST,13990,Paris,04-03-2026,SIN MEDIDAS,PLASTICO,1,0
250,SET 2 MACETEROS CEM C M+L,DECOGREEN,29990,Paris,04-03-2026,M,DESCONOCIDO,2,1
251,MACETERO 14 CM CAPRI ANTRACITA OUTZEN,OUTZEN,1490,Paris,04-03-2026,14CM,DESCONOCIDO,1,0
252,MACETERO FLORIDIS GENEBRA BLANCO 80CM CON PLATO,FLORIDIS,75990,Paris,04-03-2026,80CM,DESCONOCIDO,1,0
253,MACETERO CESTO CANASTO MACETA DE MIMBRE PEQUENA 26X18CM,OEM,17990,Paris,04-03-2026,26X18,DESCONOCIDO,1,0
254,MACETERO FLORIDIS ZURIQUE GRAFITO 34CM CON PLATO,FLORIDIS,16990,Paris,04-03-2026,34CM,DESCONOCIDO,1,0
255,MACETERO REDONDO COLOR NEGRO,BRIC,21990,Paris,04-03-2026,SIN MEDIDAS,DESCONOCIDO,1,0
256,MACETERO GRANDE SAHARA 33 NEGRO,POTTERY,29990,Paris,04-03-2026,SIN MEDIDAS,DESCONOCIDO,1,0
257,MACETERO FLORIDIS AMSTERDAM GRAFITO 45CM CON PLATO,FLORIDIS,45990,Paris,04-03-2026,45CM,DESCONOCIDO,1,0
258,"MACETERO DINAMARCA NEGRO 24, (MACETERO CERAMICA)",PLANTME,34990,Paris,04-03-2026,SIN MEDIDAS,CERAMICA,1,0
259,SUCULENTAS DE 17 CM CON MACETERO,VADELL,20990,Paris,04-03-2026,17CM,DESCONOCIDO,1,0
260,"MACETERO DINAMARCA NEGRO 16, (MACETERO CERAMICA)",PLANTME,18990,Paris,04-03-2026,SIN MEDIDAS,CERAMICA,1,0
261,MINI SUCULENTAS DECORATIVAS ARTIFICIALES CON MACETERO 3 UNI.,MOBII,6990,Paris,04-03-2026,SIN MEDIDAS,DESCONOCIDO,1,0
262,MACETERO MIMBRE,BRIC,6990,Paris,04-03-2026,SIN MEDIDAS,DESCONOCIDO,1,0
263,MACETERO HOJAS 43 CM,UMBRALE,32189,Paris,04-03-2026,43CM,DESCONOCIDO,1,0
264,MACETA BIODEGRADABLE OLIMPO GRAFITO 34X26,DECOGREEN,11990,Paris,04-03-2026,34X26,DESCONOCIDO,1,0
265,MACETA 15 CM MADAGASCAR ANTRACITA OUTZEN,OUTZEN,1490,Paris,04-03-2026,15CM,DESCONOCIDO,1,0
266,"MACETA LUNA BAJA 26CM, TERRACOTA",DEROMA,16990,Paris,04-03-2026,26CM,DESCONOCIDO,1,0
267,MACETERO FLORIDIS AMSTERDAM BEIGE 44CM DE ALTO,FLORIDIS,34990,Paris,04-03-2026,44CM,DESCONOCIDO,1,0
268,SET 2 MACETERO PEDESTAL MADERA RUSTICO PORTA MACETERO BLANCO,FLIPEREX,29990,Paris,04-03-2026,SIN MEDIDAS,NATURAL,2,1
269,SET 3 MACETERO DECORATIVO ACANALADO ESTILO MINIMALISTA JHN,RONDON,71990,Paris,04-03-2026,SIN MEDIDAS,DESCONOCIDO,3,1
270,MACETERO MACETA DE CERAMICA ELEGANTE NEGRO LISO BRILLANTE L,FLIPEREX,16990,Paris,04-03-2026,L,CERAMICA,1,0
271,MACETERO COLGANTE,BRIC,14990,Paris,04-03-2026,SIN MEDIDAS,DESCONOCIDO,1,0
272,MACETERO MACETA DE CERAMICA ELEGANTE NEGRO LISO BRILLANTE M,FLIPEREX,12990,Paris,04-03-2026,M,CERAMICA,1,0
273,MACETERO MACETA DE CERAMICA BLANCO LINEAS VERTICALES S,FLIPEREX,6990,Paris,04-03-2026,S,CERAMICA,1,0
274,MACETERO PLASTICO REDONDO OVALADO MODERNO CON TEXTURA L,FLIPEREX,13990,Paris,04-03-2026,L,PLASTICO,1,0
275,MACETERO ROTOMOLDEADO KIRI36 GRIS (36CMX40CM),POTTERY,23990,Paris,04-03-2026,36CM,DESCONOCIDO,1,0
276,MACETERO PLASTICO SEMI ESFERA PREMIUM DISENO A RAYAS S,FLIPEREX,16990,Paris,04-03-2026,S,PLASTICO,1,0
277,SET 2 PORTA MACETERO PEDESTAL MACETA PLANTAS NEGRO DORADO,FLIPEREX,49990,Paris,04-03-2026,SIN MEDIDAS,DESCONOCIDO,2,1
278,SET 3 MACETEROS MACETA DE CERAMICA LIMON LINEAS VERTICALES,FLIPEREX,29800,Paris,04-03-2026,SIN MEDIDAS,CERAMICA,3,1
279,SET 2 MACETERO MACETA DE CERAMICA CON FORMA DE SETA GRIS,FLIPEREX,15990,Paris,04-03-2026,SIN MEDIDAS,CERAMICA,2,1
280,PLANTA ARTIFICIAL CON MACETERO 45 CM RUBBER OUTZEN,OUTZEN,4990,Paris,04-03-2026,45CM,DESCONOCIDO,1,0
281,MACETERO PLASTICO REDONDO BAJO PREMIUM VERDE BASE DORADO,FLIPEREX,14990,Paris,04-03-2026,SIN MEDIDAS,PLASTICO,1,0
282,MACETERO DE METAL CANASTO CON DISENOS MACETA BALDE METALICO,FLIPEREX,5990,Paris,04-03-2026,SIN MEDIDAS,METAL,1,0
283,SET 2 MACETERO MACETA ESTILO ESCANDINAVO MODERNO GRIS,FLIPEREX,19900,Paris,04-03-2026,SIN MEDIDAS,DESCONOCIDO,2,1
284,MACETERO TEJIDO PORTA MACETA RUSTICO FIBRA 44X22CM,DECODECO,15490,Paris,04-03-2026,44X22,DESCONOCIDO,1,0
285,MACETA VASUM 31CM TERRADUO DEROMA,DEROMA,18000,Paris,04-03-2026,31CM,DESCONOCIDO,1,0
286,"MACETA BIODEGRADABLE CURVO GRIS C/PLATO 16,5X13",DECOGREEN,5990,Paris,04-03-2026,"16,5X13",DESCONOCIDO,1,0
287,MACETERO - DISENO MODERNO,PRINTS PATRO,11990,Paris,04-03-2026,SIN MEDIDAS,DESCONOCIDO,1,0
288,SUCULENTA DECORATIVA MACETA ARTDECO,MALLORCA,11990,Paris,04-03-2026,SIN MEDIDAS,DESCONOCIDO,1,0
289,SET 2 MACETA DECORATIVA MULTIFUNCIONAL MINIMALISTA JHN,RONDON,32488,Paris,04-03-2026,SIN MEDIDAS,DESCONOCIDO,2,1
290,MACETERO OCTOGONAL DORADO L,DECOGREEN,25590,Paris,04-03-2026,L,DESCONOCIDO,1,0
291,SET 2 MACETEROS OCTOGON S+M,DECOGREEN,28990,Paris,04-03-2026,S,DESCONOCIDO,2,1
292,MACETEROS REDONDOS SET DE 3,BRIC,16990,Paris,04-03-2026,SIN MEDIDAS,DESCONOCIDO,3,1
293,PORTA MACETERO PEDESTAL SOPORTE DE PLANTAS DESMONTABLE,CRUSEC,15990,Paris,04-03-2026,SIN MEDIDAS,DESCONOCIDO,1,0
294,MACETERO ENLOZADO OLIVA 17X15 DECOGREEN,DECOGREEN,16990,Paris,04-03-2026,17X15,DESCONOCIDO,1,0
295,MACETERO DE VIDRIO CON PLATO,BRIC,8990,Paris,04-03-2026,SIN MEDIDAS,VIDRIO,1,0
296,MACETERO ENLOZADO BLANCO 14X12 DECOGREEN,DECOGREEN,13990,Paris,04-03-2026,14X12,DESCONOCIDO,1,0
297,MACETERO PEDESTAL MADERA RUSTICO PORTA MACETERO GRANDE,FLIPEREX,17990,Paris,04-03-2026,SIN MEDIDAS,NATURAL,1,0
298,MACETERO REDONDO L COLOR CREMA,VADELL HOME,89990,Paris,04-03-2026,L,DESCONOCIDO,1,0
299,MACETERO FLORIDIS GENEBRA CAFE 80CM CON PLATO,FLORIDIS,75990,Paris,04-03-2026,80CM,DESCONOCIDO,1,0
300,MACETERO MACETA DE CERAMICA ELEGANTE NEGRO LISO BRILLANTE L,FLIPEREX,16990,Paris,04-03-2026,L,CERAMICA,1,0
301,MACETERO COLGANTE,BRIC,14990,Paris,04-03-2026,SIN MEDIDAS,DESCONOCIDO,1,0
302,MACETERO MACETA DE CERAMICA ELEGANTE NEGRO LISO BRILLANTE M,FLIPEREX,12990,Paris,04-03-2026,M,CERAMICA,1,0
303,MACETERO MACETA DE CERAMICA BLANCO LINEAS VERTICALES S,FLIPEREX,6990,Paris,04-03-2026,S,CERAMICA,1,0
304,MACETERO PLASTICO REDONDO OVALADO MODERNO CON TEXTURA L,FLIPEREX,13990,Paris,04-03-2026,L,PLASTICO,1,0
305,MACETERO ROTOMOLDEADO KIRI36 GRIS (36CMX40CM),POTTERY,23990,Paris,04-03-2026,36CM,DESCONOCIDO,1,0
306,MACETERO PLASTICO SEMI ESFERA PREMIUM DISENO A RAYAS S,FLIPEREX,16990,Paris,04-03-2026,S,PLASTICO,1,0
307,SET 2 PORTA MACETERO PEDESTAL MACETA PLANTAS NEGRO DORADO,FLIPEREX,49990,Paris,04-03-2026,SIN MEDIDAS,DESCONOCIDO,2,1
308,SET 3 MACETEROS MACETA DE CERAMICA LIMON LINEAS VERTICALES,FLIPEREX,29800,Paris,04-03-2026,SIN MEDIDAS,CERAMICA,3,1
309,SET 2 MACETERO MACETA DE CERAMICA CON FORMA DE SETA GRIS,FLIPEREX,15990,Paris,04-03-2026,SIN MEDIDAS,CERAMICA,2,1
310,PLANTA ARTIFICIAL CON MACETERO 45 CM RUBBER OUTZEN,OUTZEN,4990,Paris,04-03-2026,45CM,DESCONOCIDO,1,0
311,MACETERO PLASTICO REDONDO BAJO PREMIUM VERDE BASE DORADO,FLIPEREX,14990,Paris,04-03-2026,SIN MEDIDAS,PLASTICO,1,0
312,MACETERO DE METAL CANASTO CON DISENOS MACETA BALDE METALICO,FLIPEREX,5990,Paris,04-03-2026,SIN MEDIDAS,METAL,1,0
313,SET 2 MACETERO MACETA ESTILO ESCANDINAVO MODERNO GRIS,FLIPEREX,19900,Paris,04-03-2026,SIN MEDIDAS,DESCONOCIDO,2,1
314,MACETERO TEJIDO PORTA MACETA RUSTICO FIBRA 44X22CM,DECODECO,15490,Paris,04-03-2026,44X22,DESCONOCIDO,1,0
315,MACETA VASUM 31CM TERRADUO DEROMA,DEROMA,18000,Paris,04-03-2026,31CM,DESCONOCIDO,1,0
316,"MACETA BIODEGRADABLE CURVO GRIS C/PLATO 16,5X13",DECOGREEN,5990,Paris,04-03-2026,"16,5X13",DESCONOCIDO,1,0
317,MACETERO - DISENO MODERNO,PRINTS PATRO,11990,Paris,04-03-2026,SIN MEDIDAS,DESCONOCIDO,1,0
318,SUCULENTA DECORATIVA MACETA ARTDECO,MALLORCA,11990,Paris,04-03-2026,SIN MEDIDAS,DESCONOCIDO,1,0
319,SET 2 MACETA DECORATIVA MULTIFUNCIONAL MINIMALISTA JHN,RONDON,32488,Paris,04-03-2026,SIN MEDIDAS,DESCONOCIDO,2,1
320,MACETERO OCTOGONAL DORADO L,DECOGREEN,25590,Paris,04-03-2026,L,DESCONOCIDO,1,0
321,SET 2 MACETEROS OCTOGON S+M,DECOGREEN,28990,Paris,04-03-2026,S,DESCONOCIDO,2,1
322,MACETEROS REDONDOS SET DE 3,BRIC,16990,Paris,04-03-2026,SIN MEDIDAS,DESCONOCIDO,3,1
323,PORTA MACETERO PEDESTAL SOPORTE DE PLANTAS DESMONTABLE,CRUSEC,15990,Paris,04-03-2026,SIN MEDIDAS,DESCONOCIDO,1,0
324,MACETERO ENLOZADO OLIVA 17X15 DECOGREEN,DECOGREEN,16990,Paris,04-03-2026,17X15,DESCONOCIDO,1,0
325,MACETERO DE VIDRIO CON PLATO,BRIC,8990,Paris,04-03-2026,SIN MEDIDAS,VIDRIO,1,0
326,MACETERO ENLOZADO BLANCO 14X12 DECOGREEN,DECOGREEN,13990,Paris,04-03-2026,14X12,DESCONOCIDO,1,0
327,MACETERO PEDESTAL MADERA RUSTICO PORTA MACETERO GRANDE,FLIPEREX,17990,Paris,04-03-2026,SIN MEDIDAS,NATURAL,1,0
328,MACETERO REDONDO L COLOR CREMA,VADELL HOME,89990,Paris,04-03-2026,L,DESCONOCIDO,1,0
329,MACETERO FLORIDIS GENEBRA CAFE 80CM CON PLATO,FLORIDIS,75990,Paris,04-03-2026,80CM,DESCONOCIDO,1,0
330,"MACETERO AUTO RIEGO BEIGE 1,6 LITROS",OU,10990,Paris,04-03-2026,"1,6L",DESCONOCIDO,1,0
331,MACETERO METAL REDONDO,BRIC,7990,Paris,04-03-2026,SIN MEDIDAS,METAL,1,0
332,MACETERO REDONDO 19 CM,BRIC,14990,Paris,04-03-2026,19CM,DESCONOCIDO,1,0
333,MACETERO METAL GRIS,BRIC,6990,Paris,04-03-2026,SIN MEDIDAS,METAL,1,0
334,MACETERO GRANDE ALTRA 60 GRIS,POTTERY,44990,Paris,04-03-2026,SIN MEDIDAS,DESCONOCIDO,1,0
335,PACK X 10 UNIDADES MACETERO PLASTICO AUTORREGANTE 23 CM.,2ALAMOS,29990,Paris,04-03-2026,23CM,PLASTICO,10,1
336,MACETA COLGANTE MACETERO COLGANTE DE PAJA CESTA GRANDE,DECODECO,10990,Paris,04-03-2026,SIN MEDIDAS,DESCONOCIDO,1,0
337,MACETERO GRANDE NAZCA 40 PLATA,POTTERY,39990,Paris,04-03-2026,SIN MEDIDAS,DESCONOCIDO,1,0
338,MACETERO GRANDE JAVI 36 NEGRO,POTTERY,39990,Paris,04-03-2026,SIN MEDIDAS,DESCONOCIDO,1,0
339,SET 2 PORTA MACETERO PEDESTAL MACETA PLANTAS NEGRO DORADO,FLIPEREX,49990,Paris,04-03-2026,SIN MEDIDAS,DESCONOCIDO,2,1
340,SET 2 MACETEROS ENLOZADOS BLANCOS 17X15 Y 20X18,DECOGREEN,34990,Paris,04-03-2026,17X15,DESCONOCIDO,2,1
341,PORTA MACETA MACETERO METAL COLGANTE DORADO DISENO NORDICO,REGALITOLINDO,19990,Paris,04-03-2026,SIN MEDIDAS,METAL,1,0
342,MACETA AUTORIEGO TORNIO 35CM TERRARCILLA,DEROMA,69990,Paris,04-03-2026,35CM,DESCONOCIDO,1,0
343,MACETA VASUM 17CM TERRADUO DEROMA,DEROMA,6000,Paris,04-03-2026,17CM,DESCONOCIDO,1,0
344,SET MACETA C/PLATO BIO CLASICO BLANCO 25X17,DECOGREEN,10990,Paris,04-03-2026,25X17,DESCONOCIDO,1,0
345,"MACETA BIODEGRADABLE CUADRADA BLANCA 13,3X12,4",DECOGREEN,4990,Paris,04-03-2026,"13,3X12,4",DESCONOCIDO,1,0
346,MACETA VICTORIA 37 MALVA CON PLATO,DEROMA,67990,Paris,04-03-2026,SIN MEDIDAS,DESCONOCIDO,1,0
347,MACETA COLGANTE MACETERO COLGANTE DE MIMBRE CESTA 47CM,DECODECO,15990,Paris,04-03-2026,47CM,DESCONOCIDO,1,0
348,JARDINERA GRIS OUTZEN,OUTZEN,24698,Paris,04-03-2026,SIN MEDIDAS,DESCONOCIDO,1,0
349,MACETERO DE METAL CANASTO CON DISENOS MACETA PARA PLANTAS N,DECODECO,5990,Paris,04-03-2026,SIN MEDIDAS,METAL,1,0
350,MACETA DECORATIVA OTONO TERRACOTA,MALLORCA,8490,Paris,04-03-2026,SIN MEDIDAS,DESCONOCIDO,1,0
351,MACETERO NORDICO GRIS OSCURO L 30 CM 40 X 24 X 30,ARBUSTO REAL,19990,Paris,04-03-2026,30CM,DESCONOCIDO,1,0
352,MACETERO DE METAL CANASTO CON DISENOS MACETA BALDE N,DECODECO,7490,Paris,04-03-2026,SIN MEDIDAS,METAL,1,0
353,MACETERO DE CERAMICA PLANTA ARTIFICIAL MODERNO BEIGE,DECODECO,10990,Paris,04-03-2026,SIN MEDIDAS,CERAMICA,1,0
354,MACETERO DE METAL CANASTO CON DISENOS MACETA BALDE B,DECODECO,7490,Paris,04-03-2026,SIN MEDIDAS,METAL,1,0
355,MACETA DECORATIVA MALAUI RECTA,MALLORCA,12490,Paris,04-03-2026,SIN MEDIDAS,DESCONOCIDO,1,0
356,SET 6 MACETERO MINI SUCULENTAS JARDINERIA CULTIVO JHN,RONDON,29988,Paris,04-03-2026,SIN MEDIDAS,DESCONOCIDO,6,1
357,MACETERO DISENO PIXELADO CUBICO,PRINTS PATRO,7990,Paris,04-03-2026,SIN MEDIDAS,DESCONOCIDO,1,0
358,MACETERO MACETA DE CERAMICA ELEGANTE NEGRO LISO BRILLANTE S,FLIPEREX,5990,Paris,04-03-2026,S,CERAMICA,1,0
359,MACETERO GRANDE SOLARE 38 NEGRO,POTTERY,39990,Paris,04-03-2026,SIN MEDIDAS,DESCONOCIDO,1,0
360,"MACETERO AUTO RIEGO BEIGE 1,6 LITROS",OU,10990,Paris,04-03-2026,"1,6L",DESCONOCIDO,1,0
361,MACETERO METAL REDONDO,BRIC,7990,Paris,04-03-2026,SIN MEDIDAS,METAL,1,0
362,MACETERO REDONDO 19 CM,BRIC,14990,Paris,04-03-2026,19CM,DESCONOCIDO,1,0
363,MACETERO METAL GRIS,BRIC,6990,Paris,04-03-2026,SIN MEDIDAS,METAL,1,0
364,MACETERO GRANDE ALTRA 60 GRIS,POTTERY,44990,Paris,04-03-2026,SIN MEDIDAS,DESCONOCIDO,1,0
365,PACK X 10 UNIDADES MACETERO PLASTICO AUTORREGANTE 23 CM.,2ALAMOS,29990,Paris,04-03-2026,23CM,PLASTICO,10,1
366,MACETA COLGANTE MACETERO COLGANTE DE PAJA CESTA GRANDE,DECODECO,10990,Paris,04-03-2026,SIN MEDIDAS,DESCONOCIDO,1,0
367,MACETERO GRANDE NAZCA 40 PLATA,POTTERY,39990,Paris,04-03-2026,SIN MEDIDAS,DESCONOCIDO,1,0
368,MACETERO GRANDE JAVI 36 NEGRO,POTTERY,39990,Paris,04-03-2026,SIN MEDIDAS,DESCONOCIDO,1,0
369,SET 2 PORTA MACETERO PEDESTAL MACETA PLANTAS NEGRO DORADO,FLIPEREX,49990,Paris,04-03-2026,SIN MEDIDAS,DESCONOCIDO,2,1
370,SET 2 MACETEROS ENLOZADOS BLANCOS 17X15 Y 20X18,DECOGREEN,34990,Paris,04-03-2026,17X15,DESCONOCIDO,2,1
371,PORTA MACETA MACETERO METAL COLGANTE DORADO DISENO NORDICO,REGALITOLINDO,19990,Paris,04-03-2026,SIN MEDIDAS,METAL,1,0
372,MACETA AUTORIEGO TORNIO 35CM TERRARCILLA,DEROMA,69990,Paris,04-03-2026,35CM,DESCONOCIDO,1,0
373,MACETA VASUM 17CM TERRADUO DEROMA,DEROMA,6000,Paris,04-03-2026,17CM,DESCONOCIDO,1,0
374,SET MACETA C/PLATO BIO CLASICO BLANCO 25X17,DECOGREEN,10990,Paris,04-03-2026,25X17,DESCONOCIDO,1,0
375,"MACETA BIODEGRADABLE CUADRADA BLANCA 13,3X12,4",DECOGREEN,4990,Paris,04-03-2026,"13,3X12,4",DESCONOCIDO,1,0
376,MACETA VICTORIA 37 MALVA CON PLATO,DEROMA,67990,Paris,04-03-2026,SIN MEDIDAS,DESCONOCIDO,1,0
377,MACETA COLGANTE MACETERO COLGANTE DE MIMBRE CESTA 47CM,DECODECO,15990,Paris,04-03-2026,47CM,DESCONOCIDO,1,0
378,JARDINERA GRIS OUTZEN,OUTZEN,24698,Paris,04-03-2026,SIN MEDIDAS,DESCONOCIDO,1,0
379,MACETERO DE METAL CANASTO CON DISENOS MACETA PARA PLANTAS N,DECODECO,5990,Paris,04-03-2026,SIN MEDIDAS,METAL,1,0
380,MACETA DECORATIVA OTONO TERRACOTA,MALLORCA,8490,Paris,04-03-2026,SIN MEDIDAS,DESCONOCIDO,1,0
381,MACETERO NORDICO GRIS OSCURO L 30 CM 40 X 24 X 30,ARBUSTO REAL,19990,Paris,04-03-2026,30CM,DESCONOCIDO,1,0
382,MACETERO DE METAL CANASTO CON DISENOS MACETA BALDE N,DECODECO,7490,Paris,04-03-2026,SIN MEDIDAS,METAL,1,0
383,MACETERO DE CERAMICA PLANTA ARTIFICIAL MODERNO BEIGE,DECODECO,10990,Paris,04-03-2026,SIN MEDIDAS,CERAMICA,1,0
384,MACETERO DE METAL CANASTO CON DISENOS MACETA BALDE B,DECODECO,7490,Paris,04-03-2026,SIN MEDIDAS,METAL,1,0
385,MACETA DECORATIVA MALAUI RECTA,MALLORCA,12490,Paris,04-03-2026,SIN MEDIDAS,DESCONOCIDO,1,0
386,SET 6 MACETERO MINI SUCULENTAS JARDINERIA CULTIVO JHN,RONDON,29988,Paris,04-03-2026,SIN MEDIDAS,DESCONOCIDO,6,1
387,MACETERO DISENO PIXELADO CUBICO,PRINTS PATRO,7990,Paris,04-03-2026,SIN MEDIDAS,DESCONOCIDO,1,0
388,MACETERO MACETA DE CERAMICA ELEGANTE NEGRO LISO BRILLANTE S,FLIPEREX,5990,Paris,04-03-2026,S,CERAMICA,1,0
389,MACETERO GRANDE SOLARE 38 NEGRO,POTTERY,39990,Paris,04-03-2026,SIN MEDIDAS,DESCONOCIDO,1,0
0,"SPONSORED 6 INCH PLASTIC NURSERY POTS, 16 PACK PLANT POTS FOR SMALL INDOOR OUTDOOR PLANTS, FLOWER POTS WITH DRAINAGE HOLES AND SAUCERS, DECORATIVE SEEDLING STARTER PLANTERS FOR HOUSE PLANTS, BLACK",,36323,Amazon,04-03-2026,SIN MEDIDAS,DESCONOCIDO,1,0
1,"SPONSORED 8 INCH PLANT POTS, 4 PACK PLASTIC PLANTERS FOR INDOOR OUTDOOR WITH DRAINAGE HOLES & SAUCERS, WAFFLE TEXTURE FLOWER POTS FOR INDOOR PLANTS, INDOOR PLANT POTS FOR MONSTERA, FIDDLE LEAF FIG, WHITE",,41044,Amazon,04-03-2026,SIN MEDIDAS,DESCONOCIDO,1,0
2,SPONSORED HUSHEE 1500 PCS PLASTIC PLANTS NURSERY POTS - SEED STARTING AND SEEDLING PLANTERS WITH DRAINAGE HOLES FOR INDOOR OUTDOOR FLOWER TRANSPLANTING,,90703,Amazon,04-03-2026,SIN MEDIDAS,DESCONOCIDO,1500,1
3,"UTOPIA HOME PLANT POTS INDOOR WITH DRAINAGE HOLES - SET OF 5 WHITE PLASTIC FLOWER POTS (7/6.6/6/5.3/4.8 INCH) - MODERN PLANTERS FOR INDOOR PLANTS, ROOM & OFFICE DECOR, GREAT STOCKING STUFFERS",,29472,Amazon,04-03-2026,SIN MEDIDAS,DESCONOCIDO,1,0
4,"INDOOR SELF WATERING PLANTERS WITH DRAINAGE HOLES AND SAUCERS, 8, 7, 6.5, 6, 5.5, 5 INCHES, BLACK, 6 POTS",,36061,Amazon,04-03-2026,SIN MEDIDAS,DESCONOCIDO,1,0
5,"4 INCH PLANT POTS, 6 PACK INDOOR FLOWER POTS, PLANTERS WITH DRAINAGE HOLES AND TRAYS FOR ORCHIDS, VIOLETS, SUCCULENTS, HERBS, AND OTHER PLANTS,COROLFUL",,20981,Amazon,04-03-2026,SIN MEDIDAS,DESCONOCIDO,1,0
6,PLANT POTS INDOOR WITH SAUCERS & DRAINAGE - 6 PACK FLOWER POTS - PLASTIC PLANTERS FOR INDOOR PLANTER - 7.5/6.6/5.8/5.0/4.3/3.5 INCHES SIZES FOR ALL DIFFERENT TYPES OF PLANTS-DARK GREEN,,27561,Amazon,04-03-2026,SIN MEDIDAS,DESCONOCIDO,1,0
7,"INDOOR SELF WATERING PLANTERS WITH DRAINAGE HOLES AND SAUCERS, 8, 7, 6.5, 6, 5.5, 5 INCHES, WHITE, 6 POTS",,35843,Amazon,04-03-2026,SIN MEDIDAS,DESCONOCIDO,1,0
8,"CERAMIC PLANT POTS SET OF 3, 6.75/5.6/4.2 INCH PLANTERS WITH DRAINAGE HOLES AND SAUCER, FLOWER POT OUTDOOR INDOOR, MODERN DECORATIVE PLANTERS FOR HOUSE PLANTS GARDEN PLANTERS SUCCULENT POTS",,36585,Amazon,04-03-2026,SIN MEDIDAS,DESCONOCIDO,1,0
9,"RAOOKIF 100 PACK NURSERY POTS, 4 5 6 INCH NURSERY POT FOR PLANTS, PLASTIC PLANT POTS WITH DRAINAGE HOLES, GARDEN FLOWER POTS FOR TRANSPLANTING, SUCCULENTS, CUTTINGS, SEEDLINGS(4INCH,100PCS)",,22089,Amazon,04-03-2026,SIN MEDIDAS,DESCONOCIDO,100,1
10,"SPONSORED TRIROCKS SET OF 2 PLANTERS WITH STAND LARGE METAL PLANTER FOR INDOOR PLANTS 28 &18"" H PLANT POTS FOR LIVING ROOM CORNER KITCHEN OFFICE GARDEN BALCONY PATIO DECOR(BLACK)",,147849,Amazon,04-03-2026,SIN MEDIDAS,METAL,1,0
11,"SPONSORED 16 PACK 4 INCH PLASTIC PLANTER POTS WITH TRAY, HEAVY DUTY INDOOR OUTDOOR PLANTER POTS WITH 48 DRAINAGE HOLES FOR HERBS, SUCCULENTS, SEEDLINGS, FLOWERS DURABLE AND LIGHTWEIGHT WHITE",,57592,Amazon,04-03-2026,SIN MEDIDAS,DESCONOCIDO,4,1
12,"SPONSORED 50 PACKS NURSERY POTS FOR PLANTS 6 INCH SUCCULENT PLANT POTS SET PLASTIC SEEDLING STARTING POTS WITH DRAINAGE HOLES PLASTIC NURSERY POTS VARIETY PACK FLOWER POTS PLANTER SEED STARTER, BLACK",,39221,Amazon,04-03-2026,SIN MEDIDAS,DESCONOCIDO,1,0
13,"SPONSORED GREENPARA 5-INCH SELF-WATERING PLANT POTS - 10-PACK CLEAR PLASTIC PLANTER WITH DEEP RESERVOIR, DRAINAGE HOLES FOR INDOOR OUTDOOR GARDENS, HERBS, SUCCULENTS, AND FLOWERS",,61955,Amazon,04-03-2026,SIN MEDIDAS,DESCONOCIDO,1,0
14,"COSMOLIVING BY COSMOPOLITAN METAL INDOOR OUTDOOR PLANTER DOME LARGE PLANTER POT WITH REMOVABLE STAND, SET OF 2 PLANTERS 19"", 22""H, GOLD",,135666,Amazon,04-03-2026,SIN MEDIDAS,METAL,1,0
15,"PLANT POTS,12/10/9/8/ INCH LARGE PLASTIC SELF WATERING FLOWER POTS INDOOR OUTDOOR WITH DRAINAGE HOLES, DEEP RESERVOIR,NURSERY PLANTING POT FOR INDOOR OUT DOOR PLANTS",,59180,Amazon,04-03-2026,SIN MEDIDAS,DESCONOCIDO,1,0
16,"PLANT POTS 10/9/8/7.5/7 INCH SELF WATERING POTS, SET OF 5 PLASTIC PLANTERS WITH DRAINAGE HOLES AND SAUCERS,PLASTIC FLOWER POTS,NURSERY PLANTING POT FOR INDOOR OUT DOOR PLANTS(WHITE)",,47066,Amazon,04-03-2026,SIN MEDIDAS,DESCONOCIDO,1,0
17,"LATTICE DESIGN OUTDOOR PLANTER BOX - 14.75"" SQUARE 13"" TALL WHITE PLANT POT - DECORATIVE PLANT POTS FOR FRONT PORCH DECOR - FLOWER POTS OUTDOOR PLANTERS FOR PORCH PATIO OR GARDEN DECOR BY PURE GARDEN",,41708,Amazon,04-03-2026,SIN MEDIDAS,DESCONOCIDO,1,0
18,"SPONSORED 4 PACK 12 INCH RETRO PLANT POTS, VINTAGE STRIPED FLOWER POTS WITH DRAINAGE HOLE & SAUCER, LARGE PLASTIC PLANTERS FOR INDOOR AND OUTDOOR PLANTS, DECORATIVE GARDEN POTS(COPPER)",,68161,Amazon,04-03-2026,SIN MEDIDAS,DESCONOCIDO,12,1
19,"SPONSORED LEWIS&WAYNE LARGE RECTANGULAR BLOCK PLANTER BOX HANDMADE WICKER TALL PLANTERS FOR OUTDOOR PLANTS WITH REMOVABLE LINERS MODERN PLANTER FOR INDOOR OUTDOOR PATIO DECK - BLACK, 30''X12''X16''",,111291,Amazon,04-03-2026,SIN MEDIDAS,DESCONOCIDO,1,0
20,"SPONSORED PLANT POTS, FLOWER POTS FOR INDOOR/OUTDOOR PLANTS, SELF WATERING PLASTIC PLANTERS POTS WITH DRAINAGE HOLES, SAUCER & RESERVOIR, DECORATIVE NURSERY PLANTING POTS(10 INCH SET OF 4)",,61955,Amazon,04-03-2026,SIN MEDIDAS,DESCONOCIDO,1,0
21,"SPONSORED SCKEE CLEAR NURSERY POTS FOR PLANTS WITH LID,30 PACKS 4 INCH PLASTIC SEED STARTING POTS WITH DRAINAGE HOLES PLANT NURSERY POTS SILICONE BASE",,41970,Amazon,04-03-2026,SIN MEDIDAS,DESCONOCIDO,4,1
22,"ANYUMOCZ 60 PCS 1 GALLON FLEXIBLE PLANT NURSERY POTS,THICKENED SOFT PLASTIC SEEDLING POT WITH HOLES,FLOWER PLANT CONTAINER FOR SUCCULENTS,CUTTINGS,TRANSPLANTING,HOME GARDEN(BLACK)",,36629,Amazon,04-03-2026,SIN MEDIDAS,DESCONOCIDO,60,1
23,"300 PACK 4 INCH PLASTIC NURSERY POTS FOR PLANTS, SMALL SEEDLING POTS SUCCULENT POTS FLOWER POTS WITH DRAINAGE HOLES, COME WITH 300PCS PLANT LABELS",,38443,Amazon,04-03-2026,SIN MEDIDAS,DESCONOCIDO,4,1
24,"WINDOW BOX PLANTER, 7 PACK PLASTIC VEGETABLE FLOWER PLANTERS BOXES 17 INCHES RECTANGULAR FLOWER POTS WITH SAUCERS FOR INDOOR OUTDOOR GARDEN, PATIO, HOME DECOR (RED)",,45905,Amazon,04-03-2026,SIN MEDIDAS,DESCONOCIDO,1,0
25,CREATIVE CO-OP LARGE MATTE WHITE EMBOSSED STONEWARE PLANTER,,149359,Amazon,04-03-2026,SIN MEDIDAS,DESCONOCIDO,1,0
26,"SPONSORED 28"" SET OF 2 ARTIFICIAL BOXWOOD TOPIARY BALL BUSH FOR OUTDOOR WITH GROUND SPIKE, UV RESISTANT FAUX GREENERY SHRUBS, FAKE ROSE&GREEN BOXWOOD PLANTS FOR GARDEN, YARD, PORCH, PATIO DECOR",,105120,Amazon,04-03-2026,SIN MEDIDAS,DESCONOCIDO,1,0
27,CERAMIC MODERN GLAZE SUCCULENT PLANTER POT WITH DRAINAGE HOLE AND SAUCER 6 INCH ROUND FLOWER PLANT POT FOR INDOOR OUTDOOR HERB SNAKE PLANTS,,31733,Amazon,04-03-2026,SIN MEDIDAS,DESCONOCIDO,1,0
28,"DEECOO 3 PIECE CERAMIC PLANT POTS INDOOR POTS SET WITH DRAINAGE HOLES, 5.7/4.7/3.5/INCH, MODERN DECORATIVE POTS OUTDOOR PLANTS LILIES, CACTI, SUCCULENTS, SNAKES, AND BAMBOO (BLUE)",,44125,Amazon,04-03-2026,SIN MEDIDAS,DESCONOCIDO,1,0
29,"JERIA 100-PACK 4 INCH PLASTIC PLANT NURSERY POTS COME WITH 100 PCS PLANT LABELS, SEEDLING FLOWER PLANT CONTAINER AND SEED STARTING POTS",,21696,Amazon,04-03-2026,SIN MEDIDAS,DESCONOCIDO,4,1
30,LINZINAR PLANT STAND INDOOR OUTDOOR CORNER 4 TIER METAL PLANT SHELF PATIO PLANT RACK FOR GARDEN CORNER BALCONY LIVING ROOM,,30606,Amazon,04-03-2026,SIN MEDIDAS,METAL,1,0
31,"6 INCH INDOOR PLANTER POTS WITH DRAINAGE HOLE AND TRAY SAUCER,FLOWER POTS FOR INDOOR OUTDOOR GARDEN PLANTS AND FLOWERS, MULTICOLOR, 5 PACKS",,26610,Amazon,04-03-2026,SIN MEDIDAS,DESCONOCIDO,1,0
32,"GEPEGE 6 INCH BEADED CERAMIC PLANTER SET OF 2 WITH DRAINAGE HOLE AND SAUCER FOR PLANTS, INDOOR-OUTDOOR LARGE ROUND SUCCULENT ORCHID FLOWER POT (SMOKED GRAY, INNER-POTS NOT LARGER THAN 5 INCH)",,38244,Amazon,04-03-2026,SIN MEDIDAS,DESCONOCIDO,1,0
33,"WORTH 9 GALLON TALL ROUND PLANTERS SET OF 2-14"" DIA X 21"" H STONE FINISH FLOWER POTS INDOOR DECORATIVE CONTAINER GARDEN PATIO UNBREAKABLE BEIGE",,187541,Amazon,04-03-2026,SIN MEDIDAS,DESCONOCIDO,1,0
34,"6 INCH PLANT POTS, 5 PACK FLOWER POTS OUTDOOR INDOOR, PLANTERS WITH DRAINAGE HOLES AND TRAY SAUCERS(MULTICOLOR)",,35206,Amazon,04-03-2026,SIN MEDIDAS,DESCONOCIDO,1,0
35,"LE TAUCI 10 INCH PLANT POT, CERAMIC POTS FOR PLANTS WITH DRAINAGE HOLE AND RUBBER PLUG, PLANT POTS INDOOR FOR HOME GARDEN PATIO OFFICE, CYLINDER FLOWER PLANTER POT, NEUTRAL GRAY",,87020,Amazon,04-03-2026,SIN MEDIDAS,DESCONOCIDO,1,0
36,"INDOOR SELF WATERING PLANTERS WITH DRAINAGE HOLES AND SAUCERS, 8, 7, 6.5, 6, 5.5, 5 INCHES, GREEN, 6 POTS.",,35930,Amazon,04-03-2026,SIN MEDIDAS,DESCONOCIDO,1,0
37,"10 INCH PLANTER POTS FOR PLANTS, 4 PACK PLASTIC LARGE FLOWER POTS INDOOR OUTDOOR, RESIN PLANT POT WITH DRAINAGE & SAUCER, RETRO DECORATIVE GARDEN POT WITH REMOVABLE TRAYS FOR HOUSE",,42232,Amazon,04-03-2026,SIN MEDIDAS,DESCONOCIDO,1,0
38,"QUARUT 3 PACK 10 INCH PLANT POTS,WHISKEY BARREL PLANTERS WITH DRAINAGE HOLES & SAUCER, PLASTIC DECORATION FLOWER POTS IMITATION WINE BARREL DESIGN, FOR INDOOR & OUTDOOR GARDEN HOME PLANTS (BROWN)",,44727,Amazon,04-03-2026,SIN MEDIDAS,DESCONOCIDO,10,1
39,"5 PACK 10 INCH PLANT POTS FOR INDOOR OUTDOOR,PLASTIC FLOOR PLANTERS WITH DRAINAGE HOLES,LIGHTWEIGHT FLOWER POTS FOR HOME,PATIO & GARDEN(GREY)",,38941,Amazon,04-03-2026,SIN MEDIDAS,DESCONOCIDO,10,1
40,"PLANT POTS 10/9/8/7.5/7 INCH SELF WATERING POTS, SET OF 5 PLASTIC PLANTERS WITH DRAINAGE HOLES AND SAUCERS,PLASTIC FLOWER POTS,NURSERY PLANTING POT FOR INDOOR OUT DOOR PLANTS(GREEN)",,50304,Amazon,04-03-2026,SIN MEDIDAS,DESCONOCIDO,1,0
41,"TUSCAN CERAMIC PLANT POTS, 6.11 INCH VINTAGE PLANTERS WITH DRAINAGE HOLE FOR INDOOR PLANTS, FARMHOUSE GREEN SCROLL VASE & FLOWER POTS, HOME KITCHEN GARDEN DECOR, PLANT LOVER GIFTS",,35572,Amazon,04-03-2026,SIN MEDIDAS,DESCONOCIDO,1,0
42,SMILY FACE PLANTER POT CUTE RESIN FLOWER HEAD PLANTERS FOR INDOOR OUTDOOR UNIQUE SIT ROCKING CHAIR SUCCULENT POTS GIFT IDEAI FOR MOTHER AND APPRECIATION CHRISTMAS WITH DRAINAGE HOLE,,28861,Amazon,04-03-2026,SIN MEDIDAS,DESCONOCIDO,1,0
43,"SET OF 2-10 INCH HANGING PLANTERS FOR INDOOR PLANTS WITH SELF-WATERING INCLUDES HANGING POTS FOR PLANTS, OUTDOOR HANGING PLANT POT WITH DRAINAGE, AND 2 TYPES OF HANGING BASKETS HANGERS (WHITE, 10INCH)",,41254,Amazon,04-03-2026,SIN MEDIDAS,DESCONOCIDO,1,0
44,"LAND GUARD 4-PACK FABRIC GROW BAGS 5 GALLON, THICKENED NONWOVEN GARDEN POTS, GROWING BAGS WITH HANDLES, BLACK",,18021,Amazon,04-03-2026,SIN MEDIDAS,DESCONOCIDO,1,0
45,"12/10/8 INCH SELF WATERING POTS FOR INDOOR PLANTS PLASTIC LARGE PLANT POT FOR OUTDOOR PLANTS, WATER LEVEL WINDOW & SPACIOUS RESERVOIR FLOWER POTS DECORATIVE PLANTER WITH DRAINAGE AND TRAY (BLACK)",,50802,Amazon,04-03-2026,SIN MEDIDAS,DESCONOCIDO,1,0
46,"8/10/12 INCH SELF WATERING POTS FOR INDOOR/OUTDOOR PLANTS - LARGE PLASTIC PLANTER WITH DRAINAGE HOLES, WATER LEVEL INDICATOR & DEEP RESERVOIR, MODERN DECORATIVE FLOWER POTS (WHITE)",,52599,Amazon,04-03-2026,SIN MEDIDAS,DESCONOCIDO,1,0
47,"LATTICE DESIGN OUTDOOR PLANTER BOX - 14.75"" SQUARE 13"" TALL BLACK PLANT POT - DECORATIVE PLANT POTS FOR FRONT PORCH DECOR - FLOWER POTS OUTDOOR PLANTERS FOR PORCH PATIO OR GARDEN DECOR BY PURE GARDEN",,51980,Amazon,04-03-2026,SIN MEDIDAS,DESCONOCIDO,1,0
48,"5-PACK PLANT POTS WITH DRAINAGE FOR WINTER CARE 7/6.5/6/5.5/5 INCH, SELF WATERING POTS FOR INDOOR PLANTS, PLANTERS FOR INDOOR OUTDOOR PLANTS, PLASTIC FLOWER POT, PLANTER FOR INDOOR OUTDOOR (BLACK)",,54092,Amazon,04-03-2026,SIN MEDIDAS,DESCONOCIDO,1,0
49,"12"" 10"" 9"" 8"" SELF WATERING POTS WITH WATER LEVEL INDICATOR, LARGE PLASTIC PLANTERS SET WITH MESH DRAINAGE HOLE AND REMOVABLE SAUCER RESERVOIR, BIG FLOWER POT FOR INDOOR OUTDOOR PLANTS (GREEN)",,59677,Amazon,04-03-2026,SIN MEDIDAS,DESCONOCIDO,1,0
50,"LE TAUCI CERAMIC PLANT POTS, 5.1 + 6.4 INCH FOOTED POTS FOR PLANTS, MODERN FLOWER POTS FOR HOME AND OFFICE, INDOOR PLANTERS WITH DRAINAGE, REACTIVE GLAZE WHITE",,42694,Amazon,04-03-2026,SIN MEDIDAS,DESCONOCIDO,1,0
51,"QUARUT PLANT POTS SET OF 4 PACK 12 INCH,LARGE WHISKEY BARREL PLANTERS WITH DRAINAGE HOLES & SAUCER.PLASTIC FLOWER POTS IMITATION WINE BARREL DESIGN, FOR INDOOR & OUTDOOR GARDEN HOME PLANTS (BROWN)",,80012,Amazon,04-03-2026,SIN MEDIDAS,DESCONOCIDO,12,1
52,"LE TAUCI 12 INCH POTS FOR PLANTS, CERAMIC PLANT POTS WITH DRAINAGE HOLES AND SAUCERS, ELEGANT AND DURABLE LARGE PLANT POT, PERFECT FOR HOME & OFFICE DECOR, WHITE",,118289,Amazon,04-03-2026,SIN MEDIDAS,DESCONOCIDO,1,0
53,"ADJUSTABLE PLANT STAND INDOOR,BAMBOO MID CENTURY MODERN PLANTS STANDS, STABLE PLANT HOLDER,FIT 8 9 10 11 12 INCH POTS (POT & PLANT NOT INCLUDED)",,29403,Amazon,04-03-2026,SIN MEDIDAS,DESCONOCIDO,1,0
54,"PLASTIC-PLANT-FLOWER-PLANTERS-10 INCH WITH DRAINAGE HOLE & SAUCER, 3 PACKS LIGHTWEIGHT SMALL RESIN FLOWER POT INDOOR OUTDOOR, RETRO ANTIQUE IMITATION DECORATIVE GARDEN CONTAINERS SETS FOR HOUSEPLANTS",,40443,Amazon,04-03-2026,SIN MEDIDAS,DESCONOCIDO,1,0
55,"LIFEMASTER ECO FRIENDLY PLANT POT SET -5-PACK HOME DECOR FLOWER INDOOR AND OUTDOOR PLASTIC POTS WITH DRAINAGE HOLES, ASSORTED SIZES (7"", 6.6"", 6"", 5.3"", 4.8"") - STACKABLE GARDEN VERSATILE PLANTERS",,24733,Amazon,04-03-2026,SIN MEDIDAS,DESCONOCIDO,1,0
56,"ABSTRACT FACE PLANTERS POTS HEAD,UNIQUE HEAD PLANTER FOR INDOOR PLANTS,FUNNY FACE FLOWER POT,COLORFUL PLANT POTS FOR OUTDOOR GARDEN DECOR AND HOME ART DECORATION(CLASSIC)",,45993,Amazon,04-03-2026,SIN MEDIDAS,DESCONOCIDO,1,0
57,"30 PACKS CLEAR NURSERY POTS FOR PLANTS, 3.5/4/5 INCH HIGH TRANSPARENCY PLASTIC SEEDLING PLANT POT WITH DRAINAGE HOLES, INCLUDES 20 LABELS",,20631,Amazon,04-03-2026,20L,DESCONOCIDO,1,0
58,"6 INCH FLOWER POTS, 5 PACK PLANT POTS WITH DRAINAGE HOLES AND SAUCERS FOR INDOOR PLANTS, PLASTIC PLANTERS WITH WATER RIPPLE FOR SMALL GARDEN HOUSE PLANTS, NURSERY POTS FOR SUCCULENT, WHITE",,56719,Amazon,04-03-2026,SIN MEDIDAS,DESCONOCIDO,1,0
59,"PLASTIC PLANT POTS 10/9/8/7.5/7 INCH SET OF 5, FLOWER PLANTERS WITH DRAINAGE HOLES AND SAUCERS, PLASTIC POTS FOR INDOOR OUTDOOR PLANTS, LIVINGROOM GARDEN DECOR (WHITE)",,46281,Amazon,04-03-2026,SIN MEDIDAS,DESCONOCIDO,1,0
60,"WORTH GARDEN PLASTIC URN PLANTERS FOR OUTDOOR PLANTS, TREE 22'' TALL 2 PACK ROUND CLASSIC RESIN FLOWER POTS INDOOR BEIGE TRADITIONAL FRONT PORCH 15 IN DIA. LARGE IMITATION STONE DECORATIVE PATIO DECK",,183770,Amazon,04-03-2026,SIN MEDIDAS,DESCONOCIDO,1,0
61,"THE HC COMPANIES 8 INCH ROUND PLASTIC SUCCULENT CAPRI BOWL 8""X8""X3"" IN FAUX CONCRETE COLOR WITH COPPER BAND",,26033,Amazon,04-03-2026,SIN MEDIDAS,DESCONOCIDO,1,0
62,"CUTE CERAMIC SUCCULENT GARDEN POTS, PLANTER WITH DRAINAGE AND ATTACHED SAUCER, SET OF 5 -PLANTS NOT INCLUDED (ROUND)",,62828,Amazon,04-03-2026,SIN MEDIDAS,DESCONOCIDO,1,0
63,"VECELO METAL PLANT STANDS SET OF 5, MULTIPLE HEAVY DUTY FLOWER POT STAND, ROUND PLANT HOLDER, BLACK",,0,Amazon,04-03-2026,SIN MEDIDAS,METAL,1,0
64,"8 INCH PLANT POTS, 4 PACK PLASTIC PLANTERS FOR INDOOR OUTDOOR WITH DRAINAGE HOLES & SAUCERS, WAFFLE TEXTURE FLOWER POTS FOR INDOOR PLANTS, INDOOR PLANT POTS FOR MONSTERA, FIDDLE LEAF FIG, BLACK",,62828,Amazon,04-03-2026,SIN MEDIDAS,DESCONOCIDO,1,0
65,"QCQHDU 8 INCH PLANT POT, 2 PACK PLANTERS FOR INDOOR PLANTS WITH DRAINAGE HOLES & SAUCER, OUTDOOR FLOWER POTS HOME GARDEN MODERN DECOR",,33662,Amazon,04-03-2026,SIN MEDIDAS,DESCONOCIDO,1,0
66,"AZERPIAN PLANT STAND 5 TIER INDOOR METAL FLOWER SHELF FOR MULTIPLE PLANTS CORNER TALL FLOWER HOLDERS FOR PATIO GARDEN LIVING ROOM BALCONY BEDROOM, BLACK (5 TIER-BLACK)",,52381,Amazon,04-03-2026,SIN MEDIDAS,METAL,1,0
67,FACE PLANTER/FLOWER POT FOR INDOOR OUTDOOR PLANTS RESIN SUCCULENT PLANTER WITH DRAINAGE HOLE CUTE LADY FACE PLANT POTS,,31976,Amazon,04-03-2026,SIN MEDIDAS,DESCONOCIDO,1,0
68,"AUGSHY NURSERY POT, 110 PCS 4"" PLASTIC PLANTS POT,SEED STARTING POTS, INDOOR OUTDOOR SEEDING POTS",,21618,Amazon,04-03-2026,SIN MEDIDAS,DESCONOCIDO,110,1
69,"ORCELER 6 INCH TERRACOTTA & CLAY POTS FOR PLANTS WITH SAUCER, MEDIUM TERRA COTTA PLANT POTS WITH DRAINAGE HOLE, FLOWERPOT WITH TRAY, TERRACOTTA POT FOR INDOOR OUTDOOR PLANT - PACK OF 4 PLANTERS",,40329,Amazon,04-03-2026,SIN MEDIDAS,DESCONOCIDO,1,0
70,"PLASTIC PLANT 8 INCH, 4 PACK WITH DRAINAGE HOLES & SAUCERS, WATER WAVE DECORATIVE PLANT POTS FOR INDOOR OUTDOOR PLANTS, PATIO, GARDEN, HOME DECOR (MULTICOLOR)",,39054,Amazon,04-03-2026,SIN MEDIDAS,DESCONOCIDO,1,0
71,"ORIGINAL EARTHLINGS SITTING SMALL PLANT POT - 4 INCH CUTE PLANT POT - SUCCULENT & CACTUS CHRISTMAS PLANTERS, REMOVABLE DRAINAGE PLUG, CUTE DECOR PLANT GIFTS FOR PLANT LOVERS, TEACHER GIFTS",,60175,Amazon,04-03-2026,SIN MEDIDAS,DESCONOCIDO,1,0
72,"PLANT POTS 8 INCH, 6 PACK PLASTIC FLOWER POTS FOR INDOOR & OUTDOOR PLANTS, PLANTERS WITH DRAINAGE HOLES AND SAUCER, GARDEN POT FOR PLANTS (MULTICOLOR)",,47573,Amazon,04-03-2026,SIN MEDIDAS,DESCONOCIDO,1,0
73,"ARNIS PLANTS POTS WITH STAND, SET OF 2 P LANTERS, UNIQUE MID CENTURY DECORATIVE METAL FLOWER POTS WITH DRAINAGE, 8.25 & 10.5 INCH, WHITE AND GOLD",,92300,Amazon,04-03-2026,SIN MEDIDAS,METAL,1,0
74,"CLASSIC HOME AND GARDEN VOGUE PLANTER POTS W/POTTERY QUALITY FINISH - MODERN INDOOR & OUTDOOR FLOWER POTS - UV-RESISTANT PORCH PLANTERS - DECORATIVE POT FOR FLOWERS & HERBS (8"" WILLOW GREEN)",,29646,Amazon,04-03-2026,SIN MEDIDAS,DESCONOCIDO,1,0
75,"GARDIFE 20 PACK 4 INCH PLANT POTS, PLANTERS FOR INDOOR PLANTS, FLOWER POTS, COLOR",,59337,Amazon,04-03-2026,SIN MEDIDAS,DESCONOCIDO,4,1
76,"10 INCH 4 PACK PLANT POTS, PLASTIC FLOWER POT FOR INDOOR & OUTDOOR WITH DRAINAGE HOLES & SAUCER, PLAID PATTERN PLANTERS GARDEN POTS FOR HERBS",,43087,Amazon,04-03-2026,SIN MEDIDAS,DESCONOCIDO,1,0
77,"FAITHLAND 6-PACK 6-INCH PLASTIC PLANT POTS WITH SAUCERS | THICKENED PP MATERIAL, MODERN WAVE TEXTURE, ENHANCED DRAINAGE FOR INDOOR/OUTDOOR GARDEN PLANTS | MULTICOLOR VALUE SET",,33251,Amazon,04-03-2026,SIN MEDIDAS,DESCONOCIDO,6,1
78,"28 PACK 4 INCH SMALL PLANT POTS, PLASTIC PLANTERS WITH DRAINAGE HOLES AND SAUCERS FOR FLOWERS PLANTS, SUCCULENTS, SEED STARTING POTS, WHITE",,29097,Amazon,04-03-2026,SIN MEDIDAS,DESCONOCIDO,4,1
79,"LIFEMASTER PLANT POTS WITH MULTI DRAINAGE HOLES - 5 PIECES VERSATILE, STURDY PLASTIC, STACKABLE DESIGN HOME DECOR FLOWER POTS FOR INDOOR AND OUTDOOR GARDENING - BLACK",,25458,Amazon,04-03-2026,SIN MEDIDAS,DESCONOCIDO,1,0
80,"4 INCH PLANT POTS WITH DRAINAGE HOLES, 6 PACK PLASTIC INDOOR FLOWER POTS, SUCCULENT POTS FOR ORCHIDS, VIOLETS, SUCCULENTS, HERBS, AND OTHER SMALL PLANT, 6 COLORS",,50610,Amazon,04-03-2026,SIN MEDIDAS,DESCONOCIDO,1,0
81,"CADANI 5 PACK METAL PLANT STANDS FOR OUTDOOR INDOOR, ANTI-RUST IRON FLOWER POT STAND, HEAVY DUTY PLANT POT STAND FOR MULTIPLE PLANT, DECORATION RACKS FOR HOME, PATIO & GARDEN",,36576,Amazon,04-03-2026,SIN MEDIDAS,METAL,1,0
82,"OUTDOOR PLANTER 2-PACK - 16X18-INCH URN PLANTERS - PLASTIC PLANT POTS FOR INDOOR, OUTDOOR, OR FRONT PORCH DECOR - FLOWER POTS BY PURE GARDEN (BLACK)",,131974,Amazon,04-03-2026,16X18,DESCONOCIDO,1,0
83,"GROTHEORY 100 PACK 1 GALLON NURSERY POTS, 6.7 INCH PLASTIC POTS FOR PLANTS, PLASTIC FLOWER POTS, PLANT POT, SEEDLING POTS FOR POTTING, SEED, SUCCULENT, PLANTING POTS WITH PLANT LABELS",,61388,Amazon,04-03-2026,SIN MEDIDAS,DESCONOCIDO,1,0
84,"CERAMIC-PLANTERS-FOR-INDOOR-PLANTS WITH SAUCER, 6 INCH VINTAGE ICE CRACK GLAZE PLANT POTS WITH DRAINAGE HOLES, DECORATIVE FLOWER POTS FOR OUTDOOR GARDEN HOME DECOR, TUSCAN POT FOR PLANT",,44291,Amazon,04-03-2026,SIN MEDIDAS,DESCONOCIDO,1,0
85,"INDOOR PLANT POTS FOR LAZY PEOPLE, 5PACK WHITE PLASTIC SELF WATERING PLANTER POTS FOR HOUSEPLANTS,SUCCULENT, AFRICAN VIOLETS,SNAKE PLANTS, FLOWERS AND CACTUS(7/6.5/6/5.5/5 INCH)",,27761,Amazon,04-03-2026,SIN MEDIDAS,DESCONOCIDO,1,0
86,"RAISED GARDEN BED WITH LEGS PLASTIC ELEVATED PLANTERS FOR OUTDOOR PLANTS BOX KITS FOR GARDEN PATIO DECK BALCONY WITH DRAINAGE HOLES TO PLANTING FLOWERS,VEGETABLES,TOMATO AND HERBS",,0,Amazon,04-03-2026,SIN MEDIDAS,DESCONOCIDO,1,0
87,"VANCASSO CERAMIC PLANT POTS, 4.25+5.25+6.25 INCH PLANTER POT WITH DRAINAGE HOLE, FLOWER POTS FOR INDOOR OUTDOOR PLANTS, SET OF 3, WHITE",,60978,Amazon,04-03-2026,SIN MEDIDAS,DESCONOCIDO,1,0
88,"D'VINE DEV 8 INCH PLASTIC PLANTER POTS FOR PLANT POT WITH DRAINAGE HOLE AND SEAMLESS SAUCERS, BLACK COLOR, 74-X-B-1",,34316,Amazon,04-03-2026,SIN MEDIDAS,DESCONOCIDO,1,0
89,"100 PACKS 4 INCH NURSERY POTS, 4 5 6 INCHES PLASTIC NURSERY POTS FOR PLANTS WITH DRAINAGE HOLES, SEED STARTING GARDEN POTS OF FLOWER PLANT CONTAINER FOR SUCCULENTS, TRANSPLANTING (100, 4 INCH)",,21845,Amazon,04-03-2026,SIN MEDIDAS,DESCONOCIDO,4,1
90,"DEEP DREAM 6 INCH PLANT POTS- CERAMIC PLANTER POT WITH DRAINAGE HOLE AND SAUCER, ROUND FLOWER POT FOR INDOOR OUTDOOR SUCCULENT, SNAKE PLANTS AND CACTUS, BLUE",,32859,Amazon,04-03-2026,SIN MEDIDAS,DESCONOCIDO,1,0
91,"VANCASSO 3-PACK CERAMIC PLANT POTS, 3.7/4.8/6.2 INCH INDOOR PLANTERS WITH SAUCERS & DRAINAGE HOLE PLANTER POTS FOR INDOOR PLANTS AND FLOWER, WHITE",,63177,Amazon,04-03-2026,SIN MEDIDAS,DESCONOCIDO,1,0
92,"4 PACK 10 INCH PLANT POTS, RETRO PATTERN PLANTERS WITH DRAINAGE HOLES AND SAUCER, STURDY PLASTIC GARDEN FLOWER POTS FOR INDOOR & OUTDOOR PLANTS",,47843,Amazon,04-03-2026,SIN MEDIDAS,DESCONOCIDO,10,1
93,"CLASSIC HOME AND GARDEN ROSIE MODERN PLANTER W/DRAINAGE - CONTEMPORARY PLANTER BOWLS - SHALLOW ROUND VASES FOR SMALL PLANTS - VERSATILE INDOOR & OUTDOOR POTS (10"" PATINA COPPER)",,33330,Amazon,04-03-2026,SIN MEDIDAS,DESCONOCIDO,1,0
94,"WORTH GARDEN 22"" TALL PLANTERS SET OF 2 - PLASTIC WHITE SQUARE PLANT POTS WITH DRAINAGE HOLE - MODERN LARGE TAPERED MATTE WAVY TREE FLOWER POT FOR INDOOR OUTDOOR PORCH DECK",,147500,Amazon,04-03-2026,SIN MEDIDAS,DESCONOCIDO,1,0
95,"LE TAUCI PLANT POTS, 4.1+5.1+6.5 INCH, SET OF 3, CERAMIC PLANTERS WITH DRAINAGE HOLE AND SAUCER, INDOOR FLOWER POT WITH HOLE MESH PAD, GIFTS FOR MOM, REACTIVE GLAZE BEIGE",,51744,Amazon,04-03-2026,SIN MEDIDAS,DESCONOCIDO,1,0
96,"4.7 INCH PLANT POTS INDOOR OUTDOOR, 8 PACK COLORFUL PLANT FLOWER POTS WITH DRAINAGE HOLES AND SAUCERS PLASTIC PLANTERS NURSERY POTS FOR GARDEN PLANTS FLOWERS SUCCULENTS",,21941,Amazon,04-03-2026,SIN MEDIDAS,DESCONOCIDO,1,0
97,"SET OF 2 LARGE TALL PLANTER FOR INDOOR OR OUTDOOR 24"" FLOWER POTS TAPERED TALL PLANTERS WITH TRAY FOR PORCH, PATIO, BACKYARD, LARGE PLANTERS FOR OUTDOOR INDOOR PLANTS(BLACK)",,143102,Amazon,04-03-2026,2L,DESCONOCIDO,1,0
98,"MELPHOE 2 PACK SELF WATERING HANGING PLANTERS INDOOR FLOWER POTS, 6.5 INCH OUTDOOR HANGING BASKET, PLANT HANGER WITH 3HOOKS DRAINAGE HOLES FOR GARDEN HOME (EMERALD)",,33356,Amazon,04-03-2026,SIN MEDIDAS,DESCONOCIDO,1,0
99,"VINTAGE FLOWER POTS FOR INDOOR PLANT, ROUND CERAMIC PLANT POTS WITH DRAINAGE HOLES AND SAUCERS, 6.7/5.2/3.9 INCHES RETRO FLOWER PLANTERS SET OF 3 (MORNING GLORY)",,65446,Amazon,04-03-2026,SIN MEDIDAS,DESCONOCIDO,1,0
100,"100 PCS PLANT NURSERY POTS, 4 INCH SMALL PLANT SEEDLING POTS WITH LABELS PLASTIC PLANT FLOWER POTS WITH DRAINAGE HOLES INDOOR OUTDOOR FOR SUCCULENT CUTTING TRANSPLANTING",,22133,Amazon,04-03-2026,SIN MEDIDAS,DESCONOCIDO,100,1
101,"PLANT POTS INDOOR 7/6.5/6/5.5/5 INCH SELF WATERING PLANTERS FOR INDOOR PLANTS WITH DRAINAGE HOLE, PLASTIC FLOWER POTS FOR SUCCULENTS, AFRICAN VIOLET (GREEN)",,28774,Amazon,04-03-2026,SIN MEDIDAS,DESCONOCIDO,1,0
102,"TON SIN GREY FLOWER POTS,TEXTURE PLANTER FOR INDOOR PLANTS SET OF 3 CERAMIC FLOWER POTS WITH SAUCER,CUTE GARDEN POTS SUCCULENT POTS(3 PACK,GREY",,36716,Amazon,04-03-2026,SIN MEDIDAS,DESCONOCIDO,1,0
103,"8 PCS PLANT POTS,3.8"" FLOWER POTS,GARDENING GIFTS,PLASTIC POT FOR PLANTS,NURSERY SUCCULENT POT PLANTERS FOR INDOOR PLANTS,SMALL FLOWER POTS,CUTE PLANT POTS",,17725,Amazon,04-03-2026,SIN MEDIDAS,DESCONOCIDO,8,1
104,"8/7/6 INCH PLANT POTS, 3 SET CYLINDER FLOWER POTS FOR OUTDOOR INDOOR PLANTS, DECORATIVE PLASTIC PLANTERS WITH DRAINAGE HOLES AND SAUCERS FOR GARDEN HOUSE PLANTS, BLACK",,59285,Amazon,04-03-2026,SIN MEDIDAS,DESCONOCIDO,1,0
105,"FGSTYLE 10 INCH PLANTS POT,4 PACK FLOWER POTS,PLANTERS POT WITH DRAINAGE HOLE & SAUCER,MODERN PLANTERS FOR INDOOR OUTDOOR PLANTS,DECORATIVE RESIN GARDEN POTS FOR OUTDOOR INDOOR HOME PLANTS (BEIGE)",,43183,Amazon,04-03-2026,SIN MEDIDAS,DESCONOCIDO,1,0
106,"KANTE 14 INCH DIA ROUND CONCRETE PLANTER, INDOOR OUTDOOR LARGE PLANT POT WITH DRAINAGE HOLE AND RUBBER PLUG FOR HOME PATIO GARDEN, PURE WHITE",,116030,Amazon,04-03-2026,SIN MEDIDAS,DESCONOCIDO,1,0
107,"TIERED BUBBLE CERAMIC PLANT POT, CREAMY WHITE 6 INCH CERAMIC PLANTER WITH DRAINAGE HOLES, FLOWER POT WITH MESH PAD, RUBBER PLUGS, PLANTE POTS FOR INDOOR PLANTS OUTDOOR, MODERN DECOR",,30118,Amazon,04-03-2026,SIN MEDIDAS,DESCONOCIDO,1,0
108,INMERUN PLANT POTS INDOOR PLASTIC FLOWER POTS OUTDOOR 5 INCH SET OF 6 PACK WITH DRAINAGE HOLES AND SAUCERS FOR GARDEN POTS (5 IN 6 PCS),,27753,Amazon,04-03-2026,SIN MEDIDAS,DESCONOCIDO,6,1
109,"6/5/4 INCH FLOWER POTS, SET OF 3 CYLINDER PLANT POTS FOR SMALL INDOOR OUTDOOR PLANTS, PLASTIC PLANTERS WITH DRAINAGE HOLES AND SAUCERS FOR GARDEN SUCCULENT NURSERY HOUSE PLANTS, BLACK",,24794,Amazon,04-03-2026,SIN MEDIDAS,DESCONOCIDO,1,0
110,"WOUSIWER 16 PACK 6 INCH PLASTIC PLANTERS FOR INDOOR FLOWER POTS, HEAVY DUTY AND STYLISH 6 INCH PLANT POTS FOR INDOOR PLANTS WITH DRAINAGE HOLES AND TRAY FOR PLANTS, FLOWERS, WHITE",,39352,Amazon,04-03-2026,SIN MEDIDAS,DESCONOCIDO,6,1
111,"VANAVAZON 6 INCH SELF WATERING PLANTER POTS FOR INDOOR PLANTS, 3 PACK AFRICAN VIOLET POTS WITH WICK ROPE-GREY",,30232,Amazon,04-03-2026,SIN MEDIDAS,DESCONOCIDO,1,0
112,"ARNIS MODERN PLANT POTS, SET OF 2 LARGE PLANTERS WITH STAND, DECORATIVE PLANTERS, METAL POTS WITH DRAINAGE HOLES FOR LIVING ROOM, OFFICE, GARDEN OR BALCONY, 8.25 &10.5 INCH, DIRT",,97274,Amazon,04-03-2026,2L,METAL,1,0
113,"4 INCH SMALL POTS FOR PLANTS, 6 PACK WAFFLE TEXTURE SMALL PLANT POTS FOR SUCCULENTS, PLASTIC PLANTER WITH DRAINAGE HOLES AND SAUCERS FOR INDOOR OUTDOOR PLANTS, FLOWERS, HERBS, SEEDLINGS, COLORFUL",,51483,Amazon,04-03-2026,SIN MEDIDAS,DESCONOCIDO,1,0
114,"ROOT & VESSEL MAJESTIC MID-CENTURY MODERN LOW PROFILE CYLINDER POT, MATTE BLACK, 6.5""",,25196,Amazon,04-03-2026,SIN MEDIDAS,DESCONOCIDO,1,0
115,"LIQING GARDEN DECOR - PLANTER FOR OUTDOOR PLANTS - OUTDOOR DECOR PLANTERS FOR FLOWERS AND VEGETABLES - PREMIUM STYLISH PATIO, BALCONY, PORCH (XXL1)",,81905,Amazon,04-03-2026,SIN MEDIDAS,DESCONOCIDO,1,0
116,"24 PACK 3 INCH TERRACOTTA POTS, MINI CLAY POTS WITH DRAINAGE HOLES,CACTUS FLOWER NURSERY TERRA COTTA POT FOR INDOOR/OUTDOOR SUCCULENT PLANTS, CRAFTS, WEDDING FAVOR",,43707,Amazon,04-03-2026,SIN MEDIDAS,DESCONOCIDO,3,1
117,"12"" 10"" 9"" 8"" SELF WATERING POTS WITH WATER LEVEL INDICATOR, LARGE PLASTIC PLANTERS SET WITH MESH DRAINAGE HOLE AND REMOVABLE SAUCER RESERVOIR, BIG FLOWER POT FOR INDOOR OUTDOOR PLANTS - WHITE",,55514,Amazon,04-03-2026,SIN MEDIDAS,DESCONOCIDO,1,0
118,"WORTH GARDEN 20"" TALL PLANTERS SET OF 2 - LARGE WHITE TAPERED PLASTIC FLOWER POTS FOR INDOOR & OUTDOOR USE - MODERN PLANT CONTAINERS WITH DRAINAGE HOLES - IDEAL FOR FRONT PORCH, PATIO, BALCONY",,117190,Amazon,04-03-2026,SIN MEDIDAS,DESCONOCIDO,1,0
119,"DOCRIN CERAMIC PLANT POTS SET OF 2 (6.6""+5.5""), HIGH-FIRED CLAY INDOOR PLANTERS WITH DRAINAGE HOLES & SAUCER, HONEYCOMB MODERN HOME DECOR FOR ALL HOUSE PLANTS",,43051,Amazon,04-03-2026,SIN MEDIDAS,DESCONOCIDO,1,0
120,"10-INCH-PLANT-POTS-INDOOR-OUTDOOR, 4 PACK WHISKEY BARREL PLANTERS WITH DRAINAGE HOLES & SAUCER, PLASTIC FLOWER POTS IMITATION WINE BARREL DESIGN, DECORATIVE GARDEN POTS FOR PLANTS",,42790,Amazon,04-03-2026,SIN MEDIDAS,DESCONOCIDO,1,0
121,"TON SIN PINK GOLD CERAMIC FLOWER POTS, 4""+5""+6"" INCH SMALL GLAZED SUCCULENT PLANTERS WITH DRAINAGE HOLE,MODERN INDOOR DECORATIVE PLANT POTS SET OF 3,GARDEN POTS WITH SAUCER",,41996,Amazon,04-03-2026,SIN MEDIDAS,DESCONOCIDO,1,0
122,"24/21/12 INCH LARGE PLASTIC PLANTER, LIGHTWEIGHT CERAMIC-LOOK TALL PLANTERS WITH DRAIN HOLE & SAUCERS, TALL PLASTIC PLANTERS FOR PORCH, GARDEN, PATIO, BALCONY(GLAZE BEIGE)",,156489,Amazon,04-03-2026,SIN MEDIDAS,DESCONOCIDO,1,0
123,"SMALL SUCCULENT POTS WITH DRAINAGE, INDOOR/OUTDOOR CERAMIC ANIMAL PLANTER, CUTE CACTUS/BONSAI SMALL FLOWER POTS FOR HOME DECOR AND OFFICE DESK DECORATION, A SET OF 4 PIECES IS SUITABLE AS A GIFT",,42345,Amazon,04-03-2026,SIN MEDIDAS,DESCONOCIDO,1,0
124,"GEPEGE WHITE INDOOR POTS FOR PLANTS, CERAMIC PLANTER WITH DRAINAGE HOLE, 6.0 INCH+5.0 INCH+4.0 INCH. SUCCULENT ORCHID FLOWER POT - RAINBOW PEARL GLAZE",,37388,Amazon,04-03-2026,SIN MEDIDAS,DESCONOCIDO,1,0
125,"FLOWER POTS, VINTAGE CERAMIC PLANTERS FOR INDOOR PLANTS, 6.29'' PLANT POTS WITH DRAINAGE, FRENCH COUNTRY LAVENDER VASE & PLANTERS, ANTIQUE HOME ROOM DECOR, GARDENING & HOUSEWARMING GIFTS",,53560,Amazon,04-03-2026,SIN MEDIDAS,DESCONOCIDO,1,0
126,"PLASTIC-PLANT-FLOWER-PLANTERS-16 INCH WITH DRAINAGE HOLE & SAUCER, 3 PACKS LIGHTWEIGHT SMALL RESIN FLOWER POT INDOOR OUTDOOR, RETRO ANTIQUE IMITATION DECORATIVE GARDEN CONTAINERS SETS FOR HOUSEPLANTS",,107163,Amazon,04-03-2026,SIN MEDIDAS,DESCONOCIDO,1,0
127,"LE TAUCI SUCCULENT PLANTERS, 6.5+8 INCH CERAMIC INDOOR PLANT POT WITH DRAINAGE HOLE, SHALLOW ROUND SUCCULENT POTS, SET OF 2, REACTIVE GLAZE WHITE",,49152,Amazon,04-03-2026,SIN MEDIDAS,DESCONOCIDO,1,0
128,"OJYUDD 8 PACK 4 INCH SELF WATERING PLASTIC PLANTER WITH INNER POT WHITE FLOWER PLANT POT,MODERN DECORATIVE FLOWER POT FOR ALL HOUSE PLANTS,FLOWERS,HERBS,AFRICAN VIOLETS",,22019,Amazon,04-03-2026,SIN MEDIDAS,DESCONOCIDO,4,1
129,"YBX 8 INCH + 6 INCH CERAMIC PLANT POTS, SUCCULENT FLOWER POTS WITH DRAINAGE HOLES, TERRACOTTA PLANTERS FOR INDOOR PLANTS, WHITE&TERRACOTTA (GARDEN)",,46770,Amazon,04-03-2026,SIN MEDIDAS,DESCONOCIDO,1,0
130,"12/10/9 INCH LARGE FLOWER POTS, 3 SET BIG PLANT POTS FOR OUTDOOR INDOOR PLANTS WITH WATER RIPPLES, WIDE PLASTIC PLANTERS WITH DRAINAGE HOLES AND SAUCERS FOR GARDEN HOUSE PLANTS, SPECKLED WHITE",,51753,Amazon,04-03-2026,SIN MEDIDAS,DESCONOCIDO,1,0
131,"HOMENOTE POTS FOR PLANTS, 15 PACK 6 INCH PLASTIC PLANTERS WITH MULTIPLE DRAINAGE HOLES AND TRAYS,PLANT POTS FOR ALL HOME GARDEN FLOWERS SUCCULENTS (WHITE)",,39395,Amazon,04-03-2026,SIN MEDIDAS,DESCONOCIDO,6,1
132,"TRIROCKS SET OF 3 LARGE PLANTERS WITH STAND GOLD PLANTER FOR INDOOR PLANTS 29 &22 &12"" TALL MORDEN METAL PLANT POTS FOR LIVING ROOM CORNER KITCHEN OFFICE GARDEN BALCONY PATIO DECOR",,175166,Amazon,04-03-2026,3L,METAL,1,0
133,"CERAMIC POTS FOR PLANTS SET OF 3 SIZES - 6, 5, 4 INCH DIAMETER PLANT POTS WITH DRAINAGE HOLES - CERAMIC PLANTERS FOR INDOOR PLANTS - DECORATIVE FLOWER POT - PLANT POT WITH DRAINAGE - INDOOR PLANTER",,68937,Amazon,04-03-2026,SIN MEDIDAS,DESCONOCIDO,1,0
134,"SELF WATERING PLANTERS POTS FOR INDOOR PLANTS, 7 PACK 4+8+17 INCH PLASTIC WINDOW BOXES PLANTERS HERB PLANTER, RECTANGLE RECTANGULAR PLANTER WINDOWSILL PLANTERS WITH DRAINAGE AND SAUCER",,50497,Amazon,04-03-2026,SIN MEDIDAS,DESCONOCIDO,4,1
135,"CERAMIC PLANT POTS, 4.9 INCH FLOWER POTS WITH DRAINAGE HOLE & SAUCER, COLORFUL PLANTER POTS FOR HOUSEPLANTS, SUCCULENT, CATUS, HOME DECOR, SET OF 4, VIBRANT COLORS",,47599,Amazon,04-03-2026,SIN MEDIDAS,DESCONOCIDO,1,0
136,"NINIPAPA HANGING SWING CHAIR PLANTER POT SMILE FACE PLANT POT FOR INDOOR OUTDOOR PLANTS CUTE HEAD FLOWER POTS FOR SUCCULENT STRING OF PEARLS UNIQUE GIFT ON MOTHER'S DAY, BIRTHDAY, CHRISTMAS",,58464,Amazon,04-03-2026,S,DESCONOCIDO,1,0
137,"HOURLEEY STRAWBERRY PLANTER, 5 TIER STACKABLE GADEN TOWER FOR FLOWERS, VEGETABLES, GROW YOUR OWN HERB GARDEN VERTICAL OASIS OF VEGETABLES AND SUCCULENTS",,69958,Amazon,04-03-2026,SIN MEDIDAS,DESCONOCIDO,1,0
138,"MACRAME PLANT HANGER INDOOR SET OF 2 WITH 4 HOOKS, INDOOR OUTDOOR HANGING PLANTER FOR PLANTS HOLDER WITH DECORATIVE WOOD BEADS & NO TASSELS, BOHO HOME DECOR, 35 INCH IVORY (POTS NOT INCLUDED)",,20343,Amazon,04-03-2026,SIN MEDIDAS,DESCONOCIDO,1,0
139,"4 INCH PLASTIC PLANT POTS WITH DRAINAGE HOLES AND TRAYS - 8 PACK SMALL NURSERY POTS FOR INDOOR & OUTDOOR HOUSE PLANTS AND FLOWERS, SEEDLING STARTER PLANTERS, MATTE BLACK",,19881,Amazon,04-03-2026,SIN MEDIDAS,DESCONOCIDO,1,0
140,"LE TAUCI CERAMIC PLANT POTS, 4.3+5.3+6.8 INCH, SET OF 3, PLANTERS WITH DRAINAGE HOLE AND SAUCER, INDOOR FLOWER POT WITH HOLE MESH PAD, GIFTS FOR MOM, REACTIVE GLAZE BEIGE",,51988,Amazon,04-03-2026,SIN MEDIDAS,DESCONOCIDO,1,0
141,"CERAMIC PLANT POTS WITH DRAINAGE HOLES AND SAUCERS, ROUND FLOWER POTS FOR INDOOR PLANT, 3.9/5.2/6.7 INCHES SMALL FLOWER PLANTERS SET OF 3",,40661,Amazon,04-03-2026,SIN MEDIDAS,DESCONOCIDO,1,0
142,"7/6.5/6/5.5/5/4.5/4 INCH PLANT POTS FOR INDOOR OUTDOOR PLANTS, 7 PACK THICK FLOWER POTS WITH DRAINAGE HOLES AND SAUCERS, MODERN WAVE TEXTURE PLASTIC PLANTER POTS FOR NURSERY, SUCCULENT, BLACK",,58464,Amazon,04-03-2026,SIN MEDIDAS,DESCONOCIDO,1,0
143,"SET OF 3 DECORATIVE PLANTER POTS WITH WOODEN LEGS - BAMBOO & PINE - INDOOR & OUTDOOR MODERN PLANT POT - DECORATIVE POTS FOR PLANTS & HOME DECOR PLANTERS - 22"", 26"", 30"", WHITE",,161996,Amazon,04-03-2026,SIN MEDIDAS,DESCONOCIDO,1,0
144,"PLANT POT WITH STANDS SET OF 2, MID CENTURY PLANTERS FOR INDOOR PLANTS MODERN DECORATIVE FLOWER POTS FOR BALCONY, OFFICE, LIVING ROOM OR GARDEN WITH DRAINAGE PLUG, 12 INCH & 10 INCH",,156367,Amazon,04-03-2026,SIN MEDIDAS,DESCONOCIDO,1,0
145,"6 INCH CERAMIC PLANTER POTS WITH DRAINAGE HOLE AND SAUCERS FOR INDOOR PLANTS, GARDEN POTS FOR SUCCULENT, ORCHID, AND FLOWER - SET OF 2",,43313,Amazon,04-03-2026,SIN MEDIDAS,DESCONOCIDO,1,0
146,"SET OF 3 BAMBOO POT PLANTER WITH STAND - MODERN WOODEN PLANTERS WITH STAND FOR INDOOR/OUTDOOR, STYLISH HALLWAY HOME DECOR & GARDEN- STANDING RAISED FLOOR POT FOR DISPLAY -11/13/15"", BROWN",,175864,Amazon,04-03-2026,SIN MEDIDAS,DESCONOCIDO,1,0
147,"PLANT POTS, 12 PACK 6 INCH MODERN PLASTIC PLANTERS WITH DRAINAGE HOLES AND SAUCERS FOR INDOOR OUTDOOR PLANTS AND FLOWERS, WHITE",,34700,Amazon,04-03-2026,SIN MEDIDAS,DESCONOCIDO,6,1
148,"LE TAUCI 12 INCH POTS FOR PLANTS WITH ACACIA WOOD STAND, CERAMIC LARGE PLANTERS FOR INDOOR PLANTS, INDOOR PLANTERS FOR OFFICE LIVING ROOM, CYLINDER POTS WITH DRAINAGE HOLE AND PLUG, WHITE",,191023,Amazon,04-03-2026,SIN MEDIDAS,DESCONOCIDO,1,0
149,"24-21-11 INCH TALL PLANTERS SET OF 3, INDOOR OUTDOOR BLUE GLOSSY ROUND PLANTER WITH DRAINAGE HOLE AND SAUCER, LARGE DECORATIVE PLANT POTS FOR HOME GARDEN PORCH",,176867,Amazon,04-03-2026,SIN MEDIDAS,DESCONOCIDO,1,0
150,"PLANTER WITH STAND GOLD METAL PLANT POT WITH STAND - 12 INCH UNIQUE MODERN FLOWER POTS INDOOR WITH GOLD PLANT STAND WITH DRAINAGE, 2 PACK",,109964,Amazon,04-03-2026,SIN MEDIDAS,METAL,1,0
151,"10 PACK 5 INCH PLANT POTS WITH DRAINAGE AND SAUCERS, WHITE PLASTIC FLOWER POTS FOR INDOOR AND OUTDOOR PLANTS, STACKABLE NURSERY PLANTERS FOR HOUSEPLANTS AND HERBS, WHITE",,57592,Amazon,04-03-2026,SIN MEDIDAS,DESCONOCIDO,5,1
152,"FACE PLANTER POTS, RESIN FACE PLANTER FOR INDOOR/OUTDOOR PLANTS,HEAD PLANTER WITH DRAINAGE HOLE/REMOVABLE SAUCER,GIRL HOLDING COFFE (COFFEE, SKIN)",,31139,Amazon,04-03-2026,SIN MEDIDAS,DESCONOCIDO,1,0
153,"DECO 79 METAL INDOOR OUTDOOR PLANTER LARGE PLANTER POT WITH REMOVABLE STAND, SET OF 3 PLANTERS 18"", 14"", 12""H, BLACK",,85929,Amazon,04-03-2026,SIN MEDIDAS,METAL,1,0
154,"T4U 4 INCH PLANT POTS 18-PACK, SMALL FLOWER POTS WITH SAUCER AND DRAINAGE HOLE, DURABLE PLASTIC POTS, NURSERY SMALL FLOWER POT BULK FOR PLANTS, SUCCULENT, VIOLET, DECORATIVE (18 PACK 4"" POT, WHITE)",,54973,Amazon,04-03-2026,SIN MEDIDAS,DESCONOCIDO,4,1
155,"10 INCH FLOWER POTS PLANTERS FOR INDOOR OUTDOOR PLANTS, 3 PACK PLASTIC LARGE PLANT POTS WITH DRAINAGE HOLE & TRAY, MODERN DECORATIVE GARDEN POT WITH SAUCER, PLANT CONTAINER FOR HOUSE",,39343,Amazon,04-03-2026,SIN MEDIDAS,DESCONOCIDO,1,0
156,"PLANT POTS 8 INCH SET OF 4, FLOWER POTS WITH MULTI MESH DRAINAGE HOLES, PLANTERS FOR INDOOR OUTDOOR GARDEN PLANTS AND FLOWERS",,45312,Amazon,04-03-2026,SIN MEDIDAS,DESCONOCIDO,1,0
157,"3 INCH TERRACOTTA POTS - 22PACK CLAY FLOWER POTS WITH DRAINAGE HOLE, SUCCULENT NURSERY POT/CACTUS PLANT POT. GREAT FOR PLANTS, CRAFTS, WEDDING FAVORN, DIY PRODUCTION",,38793,Amazon,04-03-2026,SIN MEDIDAS,DESCONOCIDO,1,0
158,"16 PACK 4 INCH PLASTIC PLANTER POTS WITH TRAY, HEAVY DUTY INDOOR OUTDOOR PLANTER POTS WITH 48 DRAINAGE HOLES FOR HERBS, SUCCULENTS, SEEDLINGS, FLOWERS DURABLE AND LIGHTWEIGHT WHITE",,57592,Amazon,04-03-2026,SIN MEDIDAS,DESCONOCIDO,4,1
159,"7.5/6.5/5.5/4.9/4.2/3.5 INCH PLANT POTS WITH SAUCERS & DRAIN HOLES - INDOOR/OUTDOOR FLOWER POTS FOR SUCCULENTS, HERBS, CACTUS - MODERN LIGHTWEIGHT DURABLE PLANTER SET, BLUE",,32186,Amazon,04-03-2026,SIN MEDIDAS,DESCONOCIDO,1,0
160,"KUBVICI 2 PACK 8 INCH PLANTERS FOR INDOOR PLANTS, PLASTIC FLOWER POTS PLANT POTS INDOOR WITH DRAINAGE SAUCER FOR OUTDOOR GARDEN HOME PLANT, WHITE 8""",,33950,Amazon,04-03-2026,SIN MEDIDAS,DESCONOCIDO,8,1
161,"GARDIFE 7/6.5/6/5.5/5/4.5/4 INCH PLANT POTS, 7 PACK FLOWER POTS INDOOR OUTDOOR, PLANTERS WITH DRAINAGE HOLES AND TRAY SAUCERS (BLACK)",,58464,Amazon,04-03-2026,SIN MEDIDAS,DESCONOCIDO,1,0
162,"WOUSIWER 10 INCH SELF WATERING PLANTERS, 2 PACK LARGE PLASTIC PLANT POTS WITH DEEP RESERVIOR AND HIGH DRAINAGE HOLES FOR INDOOR OUTDOOR PLANTS AND FLOWERS, WHITE",,44004,Amazon,04-03-2026,SIN MEDIDAS,DESCONOCIDO,1,0
163,"10 INCH PLANTERS PLANT POTS INDOOR OUTDOOR, 4 PACK PLASTIC FLOWER POT FOR INDOOR PLANTS WITH DRAINAGE HOLES & TRAYS, RESIN DECORATIVE CONTAINER SETS WITH SAUCER FOR HOUSE GARDEN COPPER",,42389,Amazon,04-03-2026,SIN MEDIDAS,DESCONOCIDO,1,0
164,"12INCH LARGE PLANT POT, MODERN PLASTIC PLANTER WITH HIGH DRIANGE HOLES AND SAUCER FOR INDOOR OUTDOOR GARDEN PLANTS AND FLOWERS, WHITE",,49153,Amazon,04-03-2026,SIN MEDIDAS,DESCONOCIDO,1,0
165,"LE TAUCI CERAMIC PLANT POTS WITH DRAINAGE HOLES, SET OF 3, 8+6.7+5.5 INCH STRIPE GARDEN PLANTER POTS FOR OUTDOOR INDOOR PLANTS FLOWER, ROUND SUCCULENT ORCHID FLOWER POT, REACTIVE GLAZE BLACK",,76992,Amazon,04-03-2026,SIN MEDIDAS,DESCONOCIDO,1,0
166,"BUYMAX PLANT POTS INDOOR -5 INCH CERAMIC FLOWER POT WITH DRAINAGE HOLE AND CERAMIC TRAY - GARDENING HOME DESKTOP OFFICE WINDOWSILL DECORATION GIFT, SET OF 4-PLANTS NOT INCLUDED (PATINA)",,49327,Amazon,04-03-2026,SIN MEDIDAS,DESCONOCIDO,1,0
167,"USOCIK 4 PACK 10 INCH RETRO PLANT POTS, VINTAGE STRIPED FLOWER POTS WITH DRAINAGE HOLE & SAUCER, LARGE PLASTIC PLANTERS FOR INDOOR AND OUTDOOR PLANTS, DECORATIVE GARDEN POTS(COPPER)",,41612,Amazon,04-03-2026,SIN MEDIDAS,DESCONOCIDO,10,1
168,"12 INCH LARGE SELF WATERING POTS, PLASTIC PLANTERS WITH 60OZ REMOVABLE DEEP RESERVOIR AND MULTI MESH DRAINAGE HOLES FOR INDOOR OUTDOOR GARDEN PLANTS AND FLOWERS, BLACK",,46892,Amazon,04-03-2026,SIN MEDIDAS,DESCONOCIDO,1,0
169,"ABSTRACT FACE PLANTER POTS FOR PLANTS,HAND-PAINTED COLORFUL FLOWER POTS WITH DRAINAGE, INDOOR OUTDOOR GARDEN DECOR GIFT(MODERN,SMALL)",,65638,Amazon,04-03-2026,SIN MEDIDAS,DESCONOCIDO,1,0
170,"KANTE 11.6"" DIA ROUND CONCRETE PLANTER, OUTDOOR INDOOR LARGE PLANT POTS CONTAINERS WITH DRAINAGE HOLE AND RUBBER PLUG FOR HOME GARDEN PATIO, NATURAL CONCRETE",,113342,Amazon,04-03-2026,SIN MEDIDAS,DESCONOCIDO,1,0
171,"THE HC COMPANIES 20 INCH ECLIPSE ROUND PLANTER POTS WITH DRAINAGE HOLES & ATTACHED SAUCER, LIGHTWEIGHT UV-RESISTANT PLASTIC INDOOR OUTDOOR PLANTERS, 2-PACK FLOWER POTS FOR GARDEN & HOME DECOR, PERIDOT",,186276,Amazon,04-03-2026,SIN MEDIDAS,DESCONOCIDO,1,0
172,"VINTAGE CERAMIC ICE CRACK FLOWER POT WITH DRAINAGE HOLES, COUNTRY RUSTIC PLANTERS FOR INDOOR AND OUTDOOR,TUSCAN DECOR,HOME,LIVING ROOM, GARDEN DECOR, GARDENING GIFT (COUNTRY)",,35843,Amazon,04-03-2026,SIN MEDIDAS,DESCONOCIDO,1,0
173,"6 INCH PLANT POTS, CERAMIC PLANTER POT WITH DRAINAGE HOLE & SAUCER, INDOOR/OUTDOOR CYLINDER ROUND PLANTER POT, GREEN & BEIGE",,40861,Amazon,04-03-2026,SIN MEDIDAS,DESCONOCIDO,1,0
174,2 PCS SPRING CUTE PLANT POTS 5'' COLORFUL FLOWERS PLANTERS WITH DRAINAGE HOLE VINTAGE RETRO MUSHROOM PLANTER SMALL FUN PLANTERS FOR INDOOR PLANTS SUCCULENT CACTUS GARDEN OUTDOOR HOME DECOR,,41769,Amazon,04-03-2026,SIN MEDIDAS,DESCONOCIDO,2,1
175,"(3 PACK) 10 INCH PLANT POT WITH DRAINAGE AND SAUCERS, 10/9/8 INCH PLASTIC PLANT POTS FOR INDOOR PLANTS, MODERN ROUND PLANTER SET FOR FLOWERS, HERBS, GARDEN DECOR (WHITE-BROWN)",,48611,Amazon,04-03-2026,SIN MEDIDAS,DESCONOCIDO,1,0
176,"PLANT POTS 10/9/8/7.5/7 INCH FLOWER POTS WITH MULTI MESH DRAINAGE HOLES, PLANTERS FOR INDOOR OUTDOOR GARDEN PLANTS AND FLOWERS. (WHITE)",,45390,Amazon,04-03-2026,SIN MEDIDAS,DESCONOCIDO,1,0
177,EFISPSS FLOWER PLANTER -5 INCH CERAMIC PLANT POTS WITH DRAINAGE HOLE AND CERAMIC TRAY - GARDENING HOME DESKTOP OFFICE WINDOWSILL DECORATION GIFT SET OF 4 - PLANTS NOT INCLUDED,,49240,Amazon,04-03-2026,SIN MEDIDAS,DESCONOCIDO,1,0
178,"SUPKING PLANT POTS WITH DRAINAGE SAUCERS 7.5/6.7/6/5/4/3.5 INCH SET OF 6,PLASTIC FLOWER POTS PLANTERS WITH MULTI MESH DRAINAGE HOLES MULTICOLOR NURSERY PLANTING POT FOR INDOOR OUTDOOR GARDEN PLANTS",,31017,Amazon,04-03-2026,SIN MEDIDAS,DESCONOCIDO,1,0
179,"PLANTER-POTS-FOR-PLANTS-INDOOR-OUTDOOR, 4 PACK 10 INCH PLASTIC FLOWER POTS WITH SAUCER & DRAINAGE HOLES, MODERN GARDEN PLANTERS FOR PLANTING MEDIUM LARGE PLANTS,DECORATIVE RESIN GARDEN POTS",,41778,Amazon,04-03-2026,SIN MEDIDAS,DESCONOCIDO,10,1
180,"OCTAGON CERAMIC PLANT POTS - INDOOR WHITE FLOWER PLANTER SET WITH DRAINAGE HOLES, 6.7/5.5/4.7 INCH, MODERN DECORATIVE PLANTER OUTDOOR FOR SUCCULENTS SNAKES AND HERB",,39246,Amazon,04-03-2026,SIN MEDIDAS,DESCONOCIDO,1,0
181,"4 INCH PLASTIC PLANT POTS 6 PACK, SMALL FLOWER POTS WITH DRAINAGE HOLES AND TRAY, THICKENED INDOOR PLANTERS SEEDLINGS NURSERY POTS, AFRICAN VIOLET, SUCCULENT AND ALL HOUSE PLANTS, BLACK",,19322,Amazon,04-03-2026,SIN MEDIDAS,DESCONOCIDO,1,0
182,"JERIA 16-PACK 4"" PLASTIC FLOWER PLANT POTS THICKENED SEEDLINGS NURSERY POTS, FLOWER PLANT CONTAINER SEED STARTING POTS WITH PALLET (WHITE)",,21443,Amazon,04-03-2026,SIN MEDIDAS,DESCONOCIDO,4,1
183,"HAYDER PLANT POTS 6 INCH SET OF 6, SELF WATERING FLOWER POTS INDOOR OUTDOOR, SELF WATERING PLANTERS WITH DRAINAGE HOLE & CLEAR SAUCER RESERVOIR",,38313,Amazon,04-03-2026,SIN MEDIDAS,DESCONOCIDO,1,0
184,"TOPOLA HAPPY FACE PLANTER, 5.2 INCHES PLASTIC PLANT POT, SELF WATERING PLANT POT WITH DRAINAGE HOLES FOR INDOOR OUTDOOR, SUCCULENT POT, FUNNY FLOWER POT, DARK GREEN",,27211,Amazon,04-03-2026,SIN MEDIDAS,DESCONOCIDO,1,0
185,"FASMOV 7 PACK 17 INCHES FLOWER WINDOW BOX PLASTIC VEGETABLE PLANTERS WITH TRAYS VEGETABLES GROWING CONTAINER GARDEN FLOWER PLANT POT WITH 7 PCS PLANT LABELS FOR BALCONY, PATIO, GARDEN, BLACK",,52067,Amazon,04-03-2026,SIN MEDIDAS,DESCONOCIDO,17,1
186,"4 PACK 8 INCH FLOWER POTS FOR OUTDOOR INDOOR, PLASTIC PLANT POTS WITH DRAINAGE HOLE & SAUCER, LIGHTWEIGHT SMALL RESIN FLOWER POT, IMITATION MAGNOLIA POTS FOR GARDEN HOUSE PLANTERS(GRAY)",,35302,Amazon,04-03-2026,SIN MEDIDAS,DESCONOCIDO,8,1
187,"HAAWOOKY 12 PCS SELF WATERING PLASTIC PLANTER,4 INCH PLASTIC FLOWER PLANT POT WITH INNER POT,SELF WATERING PLANTER WHITE FLOWER POT FOR HERBS,FLOWERS,ALL HOUSE PLANTS,SUCCULENTS",,27674,Amazon,04-03-2026,SIN MEDIDAS,DESCONOCIDO,12,1
188,"LAERJIN CERAMIC PLANT POTS 4"" & 5.5"" & 7"" PLANT POTS INDOOR WITH DRAINAGE, SET OF 3 CERAMIC POTS FOR PLANTS, OUTDOOR FLOWER POT WITH DRAINAGE HOLES AND SAUCERS",,40154,Amazon,04-03-2026,SIN MEDIDAS,DESCONOCIDO,1,0
189,"DESKTOP GLASS PLANTER VASE HOLDER, METAL CAT PLANT TERRARIUM STAND FOR PLANTS CREATIVE DECORATIONS FOR HOME PATIO LAWN GARDEN",,26269,Amazon,04-03-2026,SIN MEDIDAS,METAL,1,0
190,"MUELLER M-RESIN HEAVY DUTY TALL PLANTERS FOR OUTDOOR PLANTS, INDOOR GRANDE PLANT POTS, BOXES, TREES, FLOWER POTS, 2-PIECE SET, 24"", MODERN DESIGN, BUILT-IN DRAINAGE, FRONT PORCH DECOR, WHITE",,130089,Amazon,04-03-2026,M,DESCONOCIDO,1,0
191,"4 INCH SELF WATERING POTS FOR INDOOR OUTDOOR PLANTS, 6 PACK PLASTIC FLOWER PLANTERS WITH DRAINAGE HOLES AND REMOVABLE SAUCERS, PLANT POTS WITH WICKING ROPE, MODERN DECOR, BLACK BROWN",,21208,Amazon,04-03-2026,SIN MEDIDAS,DESCONOCIDO,1,0
192,"SQOWL 6 INCH PLANT POT - CERAMIC PLANTER POT WITH DRAINAGE HOLE AND SAUCER, SUCCULENT POT ROUND FLOWER POT FOR INDOOR PLANTS OUTDOOR, BLUE",,32387,Amazon,04-03-2026,SIN MEDIDAS,DESCONOCIDO,1,0
193,"FAITHLAND 8-INCH MODERN CYLINDER PLANTER, THICK-WALLED PLASTIC PLANT POT WITH DRAINAGE HOLES AND DETACHABLE SAUCER, MATTE WHITE, IDEAL FOR INDOOR & OUTDOOR PLANTS FLOWERS",,35564,Amazon,04-03-2026,SIN MEDIDAS,DESCONOCIDO,1,0
194,"BUYMAX PLANT POTS INDOOR -6 INCH CERAMIC FLOWER POT WITH DRAINAGE HOLE AND CERAMIC TRAY - GARDENING HOME DESKTOP OFFICE WINDOWSILL DECORATION GIFT, SET OF 2(WHITE)",,42188,Amazon,04-03-2026,SIN MEDIDAS,DESCONOCIDO,1,0
195,"12/10/9 LARGE MODERN PLANT POTS, PLASTIC PLANTERS WITH DRAINAGE HOLES AND SAUCERS FOR INDOOR OUTDOOR PLANTS FLOWERS, BLACK WITH GREEN SPECKLES",,54633,Amazon,04-03-2026,9L,DESCONOCIDO,1,0
196,"CERAMIC PLANT POTS WITH DRAINAGE HOLES AND SAUCERS, ROUND BLUE FLOWER POTS FOR INDOOR PLANT, DIAMETER 3.3/4.3/5.5 INCHES SMALL MINI FLOWER PLANTERS SET OF 3",,29516,Amazon,04-03-2026,SIN MEDIDAS,DESCONOCIDO,1,0
197,"6 INCH SELF WATERING POTS FOR INDOOR PLANTS (5-PACK) - SMALL PLASTIC PLANTERS WITH WATER WINDOW, DRAINAGE HOLES & TRAYS, INDOOR OUTDOOR FLOWER POTS FOR HERBS, SUCCULENTS, HOME GARDEN DECOR (BLACK)",,33400,Amazon,04-03-2026,SIN MEDIDAS,DESCONOCIDO,1,0
198,"GARDIFE PLANT POTS 7/6.5/6/5.5/5 INCH SELF WATERING PLANTERS WITH DRAINAGE HOLE, PLASTIC FLOWER POTS, NURSERY PLANTING POT FOR ALL HOUSE PLANTS, AFRICAN VIOLET, FLOWERS, AND CACTUS,WHITE",,33085,Amazon,04-03-2026,SIN MEDIDAS,DESCONOCIDO,1,0
199,"EKIRLIN 7 INCH NATURAL TRAVERTINE TEXTURES PLANT POT, RESIN OUTDOOR PLANTER WITH DRAINAGE HOLE, REMOVABLE RUBBER STOPPER AND NON-SLIP SOFT PAD,WEATHERPROOF DECORATIVE POT FOR INDOOR/GARDEN PLANTS",,68937,Amazon,04-03-2026,SIN MEDIDAS,DESCONOCIDO,1,0
200,"10/9/8 INCH MEDIUM PLANT POTS, 3 PACK MODERN DECORATIVE PLASTIC PLANTERS WITH DRAINAGE HOLES AND SAUCERS, FLOWER POTS FOR INDOOR OUTDOOR PLANTS, BLACK",,42258,Amazon,04-03-2026,SIN MEDIDAS,DESCONOCIDO,1,0
201,"10 INCH PLASTIC-FLOWER-POT-FOR-INDOOR-PLANTS, 4 PACK LARGE OUTDOOR PLANTER POT WITH DRAINAGE HOLES & SAUCERS, RESIN DECORATIVE GARDEN POTS PLANTERS",,42328,Amazon,04-03-2026,SIN MEDIDAS,DESCONOCIDO,1,0
202,"D'VINE DEV 6 INCH 6.5 INCH 8 INCH, SET OF 3 PLASTIC PLANTER POTS FOR PLANTS WITH DRAINAGE HOLE AND SEAMLESS SAUCERS, WHITE COLOR, MEDIUM, 74-V-A-3",,34927,Amazon,04-03-2026,SIN MEDIDAS,DESCONOCIDO,1,0
203,"6 PACK 7 INCH INDOOR PLANT POTS WITH DRAINAGE HOLES, OUTDOOR PLASTIC DECORATIVE FLOWER POTS, GARDEN PLANTERS WITH TRAY SAUCERS FOR ORCHIDS, VIOLETS, SUCCULENTS, HERBS, AND OTHER PLANTS",,32919,Amazon,04-03-2026,SIN MEDIDAS,DESCONOCIDO,7,1
204,"D'VINE DEV 6 INCH 6.5 INCH 8 INCH, SET OF 3 PLASTIC PLANTER POTS FOR PLANTS WITH DRAINAGE HOLE AND SEAMLESS SAUCERS, WHITE COLOR, MEDIUM, 74-V-A-3",,34927,Amazon,04-03-2026,SIN MEDIDAS,DESCONOCIDO,1,0
205,"6 PACK 7 INCH INDOOR PLANT POTS WITH DRAINAGE HOLES, OUTDOOR PLASTIC DECORATIVE FLOWER POTS, GARDEN PLANTERS WITH TRAY SAUCERS FOR ORCHIDS, VIOLETS, SUCCULENTS, HERBS, AND OTHER PLANTS",,32919,Amazon,04-03-2026,SIN MEDIDAS,DESCONOCIDO,7,1
206,"PLANT POTS WITH DRAINAGE HOLES AND SAUCERS - 7, 6.5, 6, 5, 4 INCH PLASTIC PLANTERS FOR INDOOR OUTDOOR PLANTS, MODERN MATTE FINISH, LIGHTWEIGHT & DURABLE(WHITE",,32989,Amazon,04-03-2026,SIN MEDIDAS,DESCONOCIDO,1,0
207,"FLOWER POTS, 8.3/7.1/5.9/4.3 INCH NURSERY PLANT POT WITH DRAINAGE HOLES AND HOLE MESH PAD AND SAUCERS TRAY FOR INDOOR GARDEN PLANTS, SUCCULENT, ORCHID AND CACTUS",,36079,Amazon,04-03-2026,SIN MEDIDAS,DESCONOCIDO,1,0
208,"EFISPSS PLANT POTS, 4+5+6 INCH POTS FOR INDOOR PLANTS,CERAMIC PLANTER POT WITH DRAINAGE HOLE,FLOWER POTS FOR SUCCULENT CACTUS,SET OF 3 - RAINBOW PEARL GLAZE",,37126,Amazon,04-03-2026,SIN MEDIDAS,DESCONOCIDO,1,0
209,"TON SIN PLANT POTS,WHITE 6 INCH FLOWER POTS FOR PLANTS,CERAMIC PLANTER WITH DRAINAGE HOLES,INDOOR PLANTER POTS WITH SAUCER,OUTDOOR GARDEN POTS (WHITE, 4 PACK)",,64129,Amazon,04-03-2026,SIN MEDIDAS,DESCONOCIDO,1,0
210,"STARRY NIGHT FLORAL PLANTER, UNIQUE AND INTERESTING ABSTRACT ART FLOWER POTS, VIBRANT COLORS, PERFECT FOR HOME/GARDEN ARTISTIC DECORATION (FLOWERS)",,45286,Amazon,04-03-2026,SIN MEDIDAS,DESCONOCIDO,1,0
211,"QUARUT 10 INCH FLOWER POTS PLANTERS FOR OUTDOOR INDOOR, 3 PACK PLASTIC PLANT POTS WITH DRAINAGE HOLE & TRAY, MODERN DECORATIVE GARDEN POT WITH SAUCER, PLANTERS FOR HOUSE (GRAY)",,43505,Amazon,04-03-2026,SIN MEDIDAS,DESCONOCIDO,1,0
212,"TON SIN FLOWER POTS,5.5 INCH BLACK CERAMIC PLANTER WITH DRAINAGE HOLE,INDOOR CYLINDER PLANT POTS WITH SAUCER,CACTUS SUCCULENT OUTDOOR GARDEN POTS SET OF 4",,53385,Amazon,04-03-2026,SIN MEDIDAS,DESCONOCIDO,1,0
213,"6 INCH SELF WATERING POTS FOR INDOOR OUTDOOR PLANTS, 6 PACK FLOWER PLANT POTS WITH DRAINAGE HOLES AND CLEAR RESERVOIRS, VISIBLE WATER LEVEL, PLASTIC PLANTERS WITH WICKING ROPE, GREEN",,32753,Amazon,04-03-2026,SIN MEDIDAS,DESCONOCIDO,1,0
214,NINIPAPA SELF WATERING PLANT POT 4 INCH CUTE SMILE FACE PLANTER POT FOR INDOOR OUTDOOR PLANTS WITH DRAINAGE HOLE UNIQUE FLOWER POTS FOR SUCCULENT/HERBS/VIOLETS,,34673,Amazon,04-03-2026,SIN MEDIDAS,DESCONOCIDO,1,0
215,"HAAWOOKY 24 PACK COLORFUL FLOWER POTS SQUARE PLASTIC PLANT POTS SUCCULENT PLANTER NURSERY POTS WITH SAUCERS FOR YOUR ROOM,GARDEN OFFICE AND BALCONY DECOR",,16818,Amazon,04-03-2026,SIN MEDIDAS,DESCONOCIDO,1,0
216,"PLANT POTS 12/10/9 INCH SET OF 3, SELF WATERING FLOWER POTS INDOOR OUTDOOR, PLANTERS WITH DRAINAGE HOLE SAUCER RESERVOIR, GREEN",,49903,Amazon,04-03-2026,SIN MEDIDAS,DESCONOCIDO,1,0
217,"FLOWER POTS 12 INCH SET OF 2, PLANT POTS POTS FOR INDOOR PLANTS, PLANTERS FOR OUTDOOR PLANTS 12 INCH POTS FOR PLANTS WITH DRAINAGE AND SAUCERS, SPECKLED BLACK",,60297,Amazon,04-03-2026,SIN MEDIDAS,DESCONOCIDO,1,0
218,"BUYMAX SET OF 2 ORCHID POTS WITH HOLES & SAUCERS FOR ORCHID ROOT HEALTH, 5 INCH&6 INCH CERAMIC POTS FOR PLANTS (PATINA)",,34525,Amazon,04-03-2026,SIN MEDIDAS,DESCONOCIDO,1,0
219,"4 PACK 8 INCH PLANT POT, PLASTIC POTS FOR PLANTS INDOOR, ROUND PLANTERS FOR OUTDOOR PLANTS WITH DRAINAGE HOLES & TRAYS, DECORATIVE FLOWER POTS GARDEN CONTAINERS SETS FOR HOUSEPLANTS (BLACK COPPER)",,37135,Amazon,04-03-2026,SIN MEDIDAS,DESCONOCIDO,8,1
220,"BAYN BICYCLE PLANTER STAND, METAL FLOWER POT CART HOLDER WITH 3 PLANT BUCKET OUTDOOR DECORATIVE FOR PATIO, DECK, GARDEN OR LAWN",,77472,Amazon,04-03-2026,SIN MEDIDAS,METAL,1,0
221,"QCQHDU 2 PACK SELF WATERING POTS, 7.2 INCH FLOWER POTS WITH DRAINAGE HOLES AND WATER FILLING PORT, GARDEN PLANTER FOR INDOOR OUTDOOR PLANTS (KLEIN BLUE)",,38165,Amazon,04-03-2026,SIN MEDIDAS,DESCONOCIDO,1,0
222,"SUNGMOR 6.3 INCH CEMENT PLANT POT FOR PLANTS, SUCCULENT PLANTER WITH EMBOSSED DESIGN, VINTAGE CONCRETE FLOWERPOTS WITH DRAINAGE HOLE, DECORATIVE ORCHID HOUSEPLANT POT INDOOR OUTDOOR PLANT CONTAINER",,77664,Amazon,04-03-2026,SIN MEDIDAS,DESCONOCIDO,1,0
223,"PLANT POTS 17.5/14.8/12.2 INCH SET OF 3, FLOWER POTS WITH DRAINAGE HOLES, LARGE PLANTERS FOR INDOOR OUTDOOR GARDEN PLANTS AND FLOWERS. (LIGHT BEIGE)",,255492,Amazon,04-03-2026,SIN MEDIDAS,DESCONOCIDO,1,0
224,"PACK OF 2 FLOWER POTS, PLASTIC PLANT POTS WITH DRAINAGE HOLES, 8 INCH MODERN GLOSSY FINISHING PLANTER FOR INDOOR OUTDOOR PLANTS (BLUE GLAZE, 2 PACK)",,59337,Amazon,04-03-2026,SIN MEDIDAS,DESCONOCIDO,1,0
225,"CERAMIC PLANT POTS, 8.1 + 6 INCH PLANTERS FOR INDOOR PLANTS, MODERN FLOWER POT FOR PLANT WITH DRAINAGE, MEDIUM CYLINDER FLOWER POTS FOR INDOOR/OUTDOOR, HOUSE PLANTS, MATTE GREEN",,57504,Amazon,04-03-2026,SIN MEDIDAS,DESCONOCIDO,1,0
226,"8/7/6 INCH PLANT POTS, 3 PACK FLOWER POTS FOR OUTDOOR INDOOR GARDEN PLANTS, LARGE PLANTERS WITH MULTI MESH DRAINAGE HOLES AND SAUCER (WHITE, 8""+7""+6"")",,31217,Amazon,04-03-2026,SIN MEDIDAS,DESCONOCIDO,1,0
227,"NIHOW 5.7 INCH PLANT POT, CERAMIC POTS FOR PLANTS WITH DRAINAGE HOLE AND SAUCER, PLANT POTS INDOOR FOR HOME GARDEN PATIO OFFICE, CYLINDER PLANTERS FOR INDOOR PLANTS, CHARCOAL GRAY",,63701,Amazon,04-03-2026,SIN MEDIDAS,DESCONOCIDO,1,0
228,"FACE FLOWER POTS HEAD PLANTER, CUTE RESIN PLANTERS FOR INDOOR OUTDOOR PLANTS, MACETAS PARA PLANTAS UNIQUE HEAD PLANT POT",,0,Amazon,04-03-2026,SIN MEDIDAS,DESCONOCIDO,1,0
229,"THE HC COMPANIES SEVILLA FLOWER PLANTERS - DURABLE OUTDOOR & INDOOR PLANTER - ROUND LIGHTWEIGHT SELF WATERING PLANT POTS FOR HERBS & MORE (9"" PAINTED BLACK, PACK OF 1)",,0,Amazon,04-03-2026,SIN MEDIDAS,DESCONOCIDO,1,0
230,"SUCCULENT CERAMIC POTS, 3.8 INCH SMALL PLANT POTS WITH DRAINAGE HOLE & SAUCER, FLOWER PLANTER POT FOR HOUSE PLANTS CACTI, HOME DECOR, SET OF 4, ASSORTED COLORS",,35380,Amazon,04-03-2026,SIN MEDIDAS,DESCONOCIDO,1,0
231,"MINTWOOD DESIGN 11 X 11 INCHES COTTON ROPE BASKET FOR FLOWER POT AND INDOOR FLOOR PLANTERS, DECORATIVE ROUND WOVEN PLANT POT BASKET, PLANTER COVERS, SMALL DOG TOY STORAGE BASKETS, BLACK",,33164,Amazon,04-03-2026,11X11,DESCONOCIDO,1,0
232,"5 PACK CYLINDRICAL FLOWER POTS WITH 7/6.5/6/5/4 INCH, MODERN SMALL PLASTIC PLANT POTS WITH DRAINAGE HOLES & SAUCERS, ROUND PLANTER POTS FOR OUTDOOR, INDOOR & OFFICE DECOR (WHITE BROWN)",,33103,Amazon,04-03-2026,SIN MEDIDAS,DESCONOCIDO,1,0
233,4 INCH PLANT POTS 10 PCS SMALL FLOWER POTS FOR INDOOR PLANT POTS SUCCULENT POTS SMALL PLANT POTS WITH DRAINAGE PLANTERS FOR INDOOR PLANTS NURSERY POTS PLASTIC POTS FOR PLANTS HERB PLANTER 5 COLORS,,19034,Amazon,04-03-2026,SIN MEDIDAS,DESCONOCIDO,10,1
234,"4 PACK 8 INCH HANGING PLANTER POTS,SELF-WATERING ROUND HANGING BASKET WITH WATER TRAY METAL CHAIN,SUCCULENT FLOWER PLANT POT CONTAINER FOR INDOOR OUTDOOR GARDEN BALCONY WALL DECOR,WHITE",,28347,Amazon,04-03-2026,SIN MEDIDAS,METAL,8,1
235,"12"" 10"" 9"" LARGE SELF WATERING PLANT POTS, 3 PACK FLOWER POTS PLANTERS WITH MULTI MESH DRAINAGE HOLES FOR INDOOR OUTDOOR GARDEN PLANTS AND FLOWERS",,53140,Amazon,04-03-2026,SIN MEDIDAS,DESCONOCIDO,1,0
236,"CONCRETE RATTAN-STYLE PLANT BASKET PLANTER, 5"" OUTDOOR INDOOR PLANT POTS WITH DRAINAGE HOLE, BOHO FLOWER POT FOR SUCCULENTS, HERBS, MODERN FARMHOUSE DECOR, IDEAL GIFT FOR PLANT LOVERS",,51483,Amazon,04-03-2026,SIN MEDIDAS,DESCONOCIDO,1,0
237,"SELF-WATERING-POTS-FOR-INDOOR-PLANTS, 8 INCH FLOWER POTS FOR INDOOR PLANTS, 3 PACKS PLASTIC PLANTERS WITH DRAINAGE HOLES AND SAUCERS",,54101,Amazon,04-03-2026,SIN MEDIDAS,DESCONOCIDO,1,0
238,"5 PCS PLANT POTS, 7.5/6.5/5.7/4.9/4.1 INCH POTS FOR PLANTS, FLOWER POT INDOOR MODERN DECORATIVE PLANT POT, PLANT POTS INDOOR WITH DRAINAGE AND SAUCER FOR ALL HOUSE PLANTS, SPRAY SPOTS",,30231,Amazon,04-03-2026,SIN MEDIDAS,DESCONOCIDO,5,1
239,WORTH GARDEN PLASTIC ROUND 8 INCH PLANTERS FOR INDOOR PLANTS SET OF 6 OUTDOOR RESIN FLOWER POTS COLORFUL WITH DRAINAGE HOLE RUBBER PLUG RETRO APPEARANCE HOME CHRISTMAS DECORATIVE CONTAINERS MULTICOLOR,,68937,Amazon,04-03-2026,SIN MEDIDAS,DESCONOCIDO,1,0
240,"MID-CENTURY METAL FLOWERPOT WITH STANDS, STYLISH MODERN FLOOR-STANDING FLOWERPOT,SUITABLE FOR ORCHID, ALOE INDOOR OUTDOOR DECORATION 10'' WIDE 20'' HIGH (LARGE, GOLD)",,69766,Amazon,04-03-2026,SIN MEDIDAS,METAL,1,0
241,"20 PACK 6 INCH PLANT POTS, THICKENED PLASTIC FLOWER POTS WITH 20 PCS WATER COLLECTING TRAYS, 20 SOIL BLOCK MESH PADS, RED",,32937,Amazon,04-03-2026,SIN MEDIDAS,DESCONOCIDO,6,1
242,"6 PACK MANDALA SUCCULENT PLANT POT WITH BAMBOO TRAYS, CERAMIC MULTICOLORED SUCCULENT CONTAINER PLANTER POT FOR SMALL PLANT",,65446,Amazon,04-03-2026,SIN MEDIDAS,DESCONOCIDO,1,0
243,"THE HC COMPANIES 10 INCH CARIBBEAN PLANTER POTS WITH DRAINAGE & PLUG, ROLLED RIM PLASTIC PLANTERS FOR INDOOR & OUTDOOR PLANTS, 2-PACK DECORATIVE FLOWER POTS FOR GARDEN, OFFICE & HOME DECOR, BLACK",,49946,Amazon,04-03-2026,SIN MEDIDAS,DESCONOCIDO,1,0
244,FMURY TRANSPARENT VASES GLASS DESIGN DECORATIVE GOLD FLOWER VASE LIVING ROOM MARIAGE MACETEROS HOME ORNAMENT(LARGE),,1043785,Amazon,04-03-2026,SIN MEDIDAS,DESCONOCIDO,1,0
245,"THE HC COMPANIES 24"" ECLIPSE PLASTIC WINDOW BOX 7.76""X24""X6.57"" IN BLACK COLOR",,48655,Amazon,04-03-2026,SIN MEDIDAS,DESCONOCIDO,1,0
246,"SELF WATERING POTS FOR INDOOR PLANTS, 5 PACK 6/4.1/3.2 INCH FLOWER POT MODERN DECORATIVE PLASTIC PLANTER WITH EXTRA LARGE WATER STORAGE FOR ALL HOUSE PLANTS, FLOWERS, HERBS(WHITE)",,33862,Amazon,04-03-2026,SIN MEDIDAS,DESCONOCIDO,6,1
247,MACETERO CISNE DECOR DE MAGNESIO,,25030,Amazon,04-03-2026,SIN MEDIDAS,DESCONOCIDO,1,0
248,"SELF WATERING POTS FOR INDOOR PLANTS, WITH VISIBLE RESERVOIR, 6 INCH PLANT POT WITH WICK ROPE PLANTER POT FOR INDOOR OUTDOOR PLANTS (FROSTED BRICK RED)",,35442,Amazon,04-03-2026,SIN MEDIDAS,DESCONOCIDO,1,0
249,MACETERO CISNE DECOR DE MAGNESIO,,29917,Amazon,04-03-2026,SIN MEDIDAS,DESCONOCIDO,1,0
250,"6.7 + 5.5 INCH CERAMIC PLANT POTS,PLANTERS WITH DRAINAGE AND SAUCER,INDOOR POTS FOR PLANTS,MODERN FLOWER POTS FOR HOME AND OFFICE(GRAY + WHITE)",,40259,Amazon,04-03-2026,SIN MEDIDAS,DESCONOCIDO,1,0
251,CERAMIC PLANT POTS INDOOR-OUTDOOR: 6 INCH EMBOSSED PLANTERS WITH DRAINAGE HOLE & SAUCER - MODERN DECORATIVE FLOWER POTS FOR HOME GARDEN PATIO OFFICE DECOR,,43846,Amazon,04-03-2026,SIN MEDIDAS,DESCONOCIDO,1,0
