,Producto,Marca,Precio,Tienda,Fecha,Medidas,Material,Cantidad,Venta agrupada
0,MACETERO S COLOMBA OUTZEN,OUTZEN,14990,Easy,18-02-2026,S,DESCONOCIDO,1,0
1,MACETERO 33 CM PIEDRA TAUPE REYPLAST,REYPLAST,9990,Easy,18-02-2026,33CM,DESCONOCIDO,1,0
2,MACETERO 14 CM BOHO NATURAL OUTZEN,OUTZEN,3493,Easy,18-02-2026,14CM,DESCONOCIDO,1,0
3,MACETERO 33 CM RUSTIC ROUND PLANTER IV JAPI,JAPI,19990,Easy,18-02-2026,33CM,DESCONOCIDO,1,0
4,MACETERO 11.5 CM HANOVER MOSTAZA JAPI,JAPI,2598,Easy,18-02-2026,11.5CM,DESCONOCIDO,1,0
5,MACETA PERRO DORMIDO 18X45X25 CM,OUTZEN,13993,Easy,18-02-2026,18X45X25,DESCONOCIDO,1,0
6,MACETA 34.5 CM FIBER CLAY CLOUD,OUTZEN,16990,Easy,18-02-2026,34.5CM,CEMENTICIO,1,0
7,MACETA BILLIE BLANCO 44.45 CM,OUTZEN,8393,Easy,18-02-2026,44.45CM,DESCONOCIDO,1,0
8,MACETERO 18 CM PIEDRA BLANCO REYPLAST,REYPLAST,2990,Easy,18-02-2026,18CM,DESCONOCIDO,1,0
9,MACETERO ENLOZADO BLANCO 14X12X12 CM,DECOGREEN,6990,Easy,18-02-2026,14X12X12,DESCONOCIDO,1,0
10,MACETERO 33 CM PIEDRA BLANCO REYPLAST,REYPLAST,9990,Easy,18-02-2026,33CM,DESCONOCIDO,1,0
11,MACETERO HAZEL MARRON OUTZEN,OUTZEN,6993,Easy,18-02-2026,SIN MEDIDAS,DESCONOCIDO,1,0
12,MACETERO S BASIC JADE OUTZEN,OUTZEN,4893,Easy,18-02-2026,S,DESCONOCIDO,1,0
13,MACETERO ESTILO PIEDRA AZUL ACERO 17X16.7X17 CM,REYPLAST,2990,Easy,18-02-2026,17X16.7X17,METAL,1,0
14,MACETERO N10 TAUPE 28 CM,REYPLAST,3990,Easy,18-02-2026,28CM,DESCONOCIDO,1,0
15,MACETERO 18 CM CAPRI ANTRACITA OUTZEN,OUTZEN,2093,Easy,18-02-2026,18CM,DESCONOCIDO,1,0
16,MACETERO M COLOMBA OUTZEN,OUTZEN,24990,Easy,18-02-2026,M,DESCONOCIDO,1,0
17,MACETERO L BASIC BLANCO OUTZEN,OUTZEN,10493,Easy,18-02-2026,L,DESCONOCIDO,1,0
18,MACETERO 18 CM ESTILO PIEDRA GREEN TERRA,REYPLAST,2990,Easy,18-02-2026,18CM,DESCONOCIDO,1,0
19,MACETA OLEANDER VERDE 15 CM,OUTZEN,2990,Easy,18-02-2026,15CM,DESCONOCIDO,1,0
20,MACETA OLEANDER ECRUE 15 CM,OUTZEN,2990,Easy,18-02-2026,15CM,DESCONOCIDO,1,0
21,MACETA BASE MADERA VERDE 21 CM,GENERICO,6993,Easy,18-02-2026,21CM,NATURAL,1,0
22,MACETERO DURA KOTTA Ndeg 10 ROSA TERRA 22.4X28.4 CM,REYPLAST,3990,Easy,18-02-2026,22.4X28.4,DESCONOCIDO,1,0
23,MACETERO PERRO OUTZEN,OUTZEN,20993,Easy,18-02-2026,SIN MEDIDAS,DESCONOCIDO,1,0
24,MACETA CERAMICA ALINE XL GLOSSY AZUL,OUTZEN,13993,Easy,18-02-2026,XL,CERAMICA,1,0
25,MACETERO 28 CM BOHO NATURAL OUTZEN,OUTZEN,10493,Easy,18-02-2026,28CM,DESCONOCIDO,1,0
26,MACETA VERDE 16 CM,OUTZEN,6993,Easy,18-02-2026,16CM,DESCONOCIDO,1,0
27,MACETA BASE MADERA OCRE 21 CM,OUTZEN,6993,Easy,18-02-2026,21CM,NATURAL,1,0
28,MACETA BILLIE BLANCO 28.6 CM,OUTZEN,2793,Easy,18-02-2026,28.6CM,DESCONOCIDO,1,0
29,MACETERO 57 CM RUSTIC ROUND PLANTER VI JAPI.,JAPI,49990,Easy,18-02-2026,57CM,DESCONOCIDO,1,0
30,MACETA BILLIE GRIS 28.6 CM,OUTZEN,2793,Easy,18-02-2026,28.6CM,DESCONOCIDO,1,0
31,MACETA 29 CM FIBER CLAY PUMPKIN,OUTZEN,12990,Easy,18-02-2026,29CM,CEMENTICIO,1,0
32,MACETERO ENLOZADO BLANCO 20X18X18 CM,DECOGREEN,12990,Easy,18-02-2026,20X18X18,DESCONOCIDO,1,0
33,MACETERO 24 CM BUDA OUTZEN,OUTZEN,17493,Easy,18-02-2026,24CM,DESCONOCIDO,1,0
34,MACETERO 20 CM S CANASTO NATURAL OUTZEN,OUTZEN,4193,Easy,18-02-2026,20CM,DESCONOCIDO,1,0
35,MACETA LORCA 21 CM,OUTZEN,6993,Easy,18-02-2026,21CM,DESCONOCIDO,1,0
36,MACETERO ENLOZADO MOSTAZA 17X15X15 CM,DECOGREEN,9990,Easy,18-02-2026,17X15X15,DESCONOCIDO,1,0
37,MACETERO HAZEL GRIS CLARO OUTZEN,OUTZEN,6993,Easy,18-02-2026,SIN MEDIDAS,DESCONOCIDO,1,0
38,MACETERO L CILINDRO CEMENTO DECOGREEN,DECOGREEN,9990,Easy,18-02-2026,L,CEMENTICIO,1,0
39,MACETERO CON PLATO BIODEGRADABLE BAMBOO CUADRADO BLANCO 12.4X13.3X13.3 CM,DECOGREEN,3990,Easy,18-02-2026,12.4X13.3X13.3,DESCONOCIDO,1,0
40,MACETERO ENLOZADO MOSTAZA 14X12X12 CM,DECOGREEN,6990,Easy,18-02-2026,14X12X12,DESCONOCIDO,1,0
41,MACETERO 16.8 CM HANOVER MOSTAZA JAPI,JAPI,5098,Easy,18-02-2026,16.8CM,DESCONOCIDO,1,0
42,MACETA BOCAYA 36 CM,OUTZEN,25193,Easy,18-02-2026,36CM,DESCONOCIDO,1,0
43,MACETERO 24 CM ACTUAL NEGRO,DECOGREEN,6990,Easy,18-02-2026,24CM,DESCONOCIDO,1,0
44,MACETA BILLIE GRIS 44.45 CM,OUTZEN,8393,Easy,18-02-2026,44.45CM,DESCONOCIDO,1,0
45,MACETA HUDSON ANTIQUE BASALT 33.02 CM,OUTZEN,6993,Easy,18-02-2026,33.02CM,DESCONOCIDO,1,0
46,MACETERO ENLOZADO BLANCO 3 PIEZAS,DECOGREEN,41990,Easy,18-02-2026,SIN MEDIDAS,DESCONOCIDO,1,0
47,MACETA BILLIE BLANCO 38.6 CM,OUTZEN,6293,Easy,18-02-2026,38.6CM,DESCONOCIDO,1,0
48,MACETERO CILINDRO GRAFITO CON PLATO DORADO L 18X18 CM,DECOGREEN,7794,Easy,18-02-2026,18X18,DESCONOCIDO,1,0
49,MACETA STRIPES AZUL 20 CM,OUTZEN,6993,Easy,18-02-2026,20CM,DESCONOCIDO,1,0
50,MACETERO CILINDRO VERDE MUSGO CON PLATO DORADO M 15X15 CM,DECOGREEN,6990,Easy,18-02-2026,15X15,DESCONOCIDO,1,0
51,MACETA EMBOSS PERFIL BLANCO 17 CM,OUTZEN,4893,Easy,18-02-2026,17CM,DESCONOCIDO,1,0
52,MACETERO CANASTO 32 CM BRAHMA CAFE,DECOGREEN,13990,Easy,18-02-2026,32CM,DESCONOCIDO,1,0
53,MACETERO 57 CM ESSENTIAL PLANTER I JAPI,JAPI,49990,Easy,18-02-2026,57CM,DESCONOCIDO,1,0
54,MACETA BARRIL ARCE 20.6 CM,OUTZEN,2793,Easy,18-02-2026,20.6CM,DESCONOCIDO,1,0
55,MACETERO 16 CM PIEDRA TAUPE REYPLAST.,REYPLAST,2990,Easy,18-02-2026,16CM,DESCONOCIDO,1,0
56,MACETA HERA 22X30 CM,OUTZEN,13993,Easy,18-02-2026,22X30,DESCONOCIDO,1,0
57,MACETA OLEANDER RUSTED 15 CM,OUTZEN,2990,Easy,18-02-2026,15CM,DESCONOCIDO,1,0
58,MACETA TALLA L CANASTO BASE BUKAN OUTZEN,OUTZEN,17493,Easy,18-02-2026,L,DESCONOCIDO,1,0
59,MACETA TORTUGA 11X23X15.3 CM,OUTZEN,5593,Easy,18-02-2026,11X23X15.3,DESCONOCIDO,1,0
60,MACETA AZUL 16 CM,OUTZEN,6993,Easy,18-02-2026,16CM,DESCONOCIDO,1,0
61,MACETA BOCAYA BEIGE 46 CM,OUTZEN,35693,Easy,18-02-2026,46CM,DESCONOCIDO,1,0
62,PORTA MACETA RATAN 32 CM,OUTZEN,13993,Easy,18-02-2026,32CM,NATURAL,1,0
63,MACETERO 14 CM CAPRI ANTRACITA OUTZEN,OUTZEN,1043,Easy,18-02-2026,14CM,DESCONOCIDO,1,0
64,MACETERO CILINDRO TERRACOTA 3 PIEZAS DECOGREEN,DECOGREEN,29990,Easy,18-02-2026,SIN MEDIDAS,DESCONOCIDO,1,0
65,MACETERO 45 CM RUSTIC ROUND PLANTER II JAPI,JAPI,39990,Easy,18-02-2026,45CM,DESCONOCIDO,1,0
66,MACETA CERAMICA XL ALINE GLOSSY BLANCO,OUTZEN,13993,Easy,18-02-2026,XL,CERAMICA,1,0
67,MACETERO M BASIC BLANCO OUTZEN,OUTZEN,8393,Easy,18-02-2026,M,DESCONOCIDO,1,0
68,MACETERO ENLOZADO AZUL 20X18X18 CM,DECOGREEN,12990,Easy,18-02-2026,20X18X18,DESCONOCIDO,1,0
69,SET MACETERO ENLOZADO AZUL S+M,DECOGREEN,25990,Easy,18-02-2026,S,DESCONOCIDO,1,0
70,MACETERO L BASIC JADE OUTZEN,OUTZEN,10493,Easy,18-02-2026,L,DESCONOCIDO,1,0
71,MACETA D1 AJOLOTE 12 CM,OUTZEN,3743,Easy,18-02-2026,12CM,DESCONOCIDO,1,0
72,MACETERO CILINDRO VERDE MUSGO CON PLATO DORADO S 13X13 CM,DECOGREEN,4990,Easy,18-02-2026,13X13,DESCONOCIDO,1,0
73,TIERRA PARA MACETERO 6 LITROS NATURAL,ARMONY,1890,Easy,18-02-2026,6L,DESCONOCIDO,1,0
74,MACETA L BLUE ASSO 29 CM,OUTZEN,6993,Easy,18-02-2026,29CM,DESCONOCIDO,1,0
75,MACETA OLEANDER ECRU 19 CM,OUTZEN,4990,Easy,18-02-2026,19CM,DESCONOCIDO,1,0
76,MACETERO 16 CM CAPRI BLANCO,OUTZEN,1393,Easy,18-02-2026,16CM,DESCONOCIDO,1,0
77,MACETERO L BASIC GRIS,OUTZEN,10493,Easy,18-02-2026,L,DESCONOCIDO,1,0
78,MACETERO 16 CM CAPRI ANTRACITA OUTZEN,OUTZEN,1393,Easy,18-02-2026,16CM,DESCONOCIDO,1,0
79,MACETA TALLA S CANASTO BASE BUKAN OUTZEN,OUTZEN,10493,Easy,18-02-2026,S,DESCONOCIDO,1,0
80,MACETERO ENLOZADO MOSTAZA 20X18X18 CM,DECOGREEN,12990,Easy,18-02-2026,20X18X18,DESCONOCIDO,1,0
81,MACETA RUSTIC ROUND 33 CM CHARCOAL,JAPI,19990,Easy,18-02-2026,33CM,DESCONOCIDO,1,0
82,MACETERO CON PLATO BIODEGRADABLE BAMBOO CUADRADO AMARILLO 12.4X13.3X13.3 CM,DECOGREEN,3990,Easy,18-02-2026,12.4X13.3X13.3,DESCONOCIDO,1,0
83,SOPORTE MACETA NEGRO OUTZEN,OUTZEN,13993,Easy,18-02-2026,SIN MEDIDAS,DESCONOCIDO,1,0
84,MACETA CANASTO RING 36 CM,OUTZEN,10493,Easy,18-02-2026,36CM,DESCONOCIDO,1,0
85,MACETA AGAVE 12X14 CM,OUTZEN,3493,Easy,18-02-2026,12X14,DESCONOCIDO,1,0
86,MACETA BOCAYA BEIGE 36 CM,OUTZEN,25193,Easy,18-02-2026,36CM,DESCONOCIDO,1,0
87,MACETERO METALICO BLANCO 12X24X10 CM,DECOGREEN,4194,Easy,18-02-2026,12X24X10,METAL,1,0
88,MACETERO N6 TAUPE 17 CM,REYPLAST,990,Easy,18-02-2026,17CM,DESCONOCIDO,1,0
89,PLATO MACETERO 18 CM RATAN MARRON REYPLAST,REYPLAST,690,Easy,18-02-2026,18CM,NATURAL,1,0
90,MACETERO 33 CM RUSTIC ROUND PLANTER I JAPI,JAPI,19990,Easy,18-02-2026,33CM,DESCONOCIDO,1,0
91,MACETERO PEDESTAL GRIS DECOGREEN,DECOGREEN,53990,Easy,18-02-2026,SIN MEDIDAS,DESCONOCIDO,1,0
92,MACETA RUSTIC CASK 44 CM CHARCOAL,JAPI,44990,Easy,18-02-2026,44CM,DESCONOCIDO,1,0
93,MACETA AUTORREGANTE STONE BEIGE 28 CM,OUTZEN,20993,Easy,18-02-2026,28CM,DESCONOCIDO,1,0
94,MACETA BASE MADERA GRIS 21 CM,GENERICO,6993,Easy,18-02-2026,21CM,NATURAL,1,0
95,MACETA MURCIA 50 CM,OUTZEN,20993,Easy,18-02-2026,50CM,DESCONOCIDO,1,0
96,MACETA PORTER COTTON 16.6 CM,OUTZEN,2793,Easy,18-02-2026,16.6CM,DESCONOCIDO,1,0
97,MACETA OLEANDER NEGRO 19 CM,OUTZEN,4990,Easy,18-02-2026,19CM,DESCONOCIDO,1,0
98,SOPORTE MACETA DOBLE NEGRO OUTZEN,OUTZEN,13993,Easy,18-02-2026,SIN MEDIDAS,DESCONOCIDO,1,0
99,MACETERO 33 CM RATAN MARRON REYPLAST,REYPLAST,8980,Easy,18-02-2026,33CM,NATURAL,1,0
100,PORTA MACETA COLGANTE 15 CM ROOTS,OUTZEN,2793,Easy,18-02-2026,15CM,DESCONOCIDO,1,0
101,MACETA BOCAYA BEIGE 28 CM,OUTZEN,18193,Easy,18-02-2026,28CM,DESCONOCIDO,1,0
102,MACETERO 20 CM BOHO NATURAL OUTZEN,OUTZEN,6993,Easy,18-02-2026,20CM,DESCONOCIDO,1,0
103,MACETA FACE 37X37X33 CM,OUTZEN,20993,Easy,18-02-2026,37X37X33,DESCONOCIDO,1,0
104,MACETA OLEANDER BLUE 15 CM,OUTZEN,2990,Easy,18-02-2026,15CM,DESCONOCIDO,1,0
105,MACETA BILLIE GRIS 38.6 CM,OUTZEN,6293,Easy,18-02-2026,38.6CM,DESCONOCIDO,1,0
106,MACETERO CANASTO 20 CM RAMA NATURAL,DECOGREEN,5990,Easy,18-02-2026,20CM,DESCONOCIDO,1,0
107,MACETERO 25 CM RATAN MARRON REYPLAST,REYPLAST,4980,Easy,18-02-2026,25CM,NATURAL,1,0
108,MACETA 21 CM MADAGASCAR VERDE SECO OUTZEN,OUTZEN,1743,Easy,18-02-2026,21CM,DESCONOCIDO,1,0
109,MACETERO CILINDRO GRAFITO CON PLATO DORADO M 15X15 CM,DECOGREEN,6594,Easy,18-02-2026,15X15,DESCONOCIDO,1,0
110,MACETERO 14 CM CAPRI TAUPE OUTZEN,ARTEVASI,1043,Easy,18-02-2026,14CM,DESCONOCIDO,1,0
111,MACETERO 32.5 CM XL CANASTO NATURAL OUTZEN,OUTZEN,8393,Easy,18-02-2026,32.5CM,DESCONOCIDO,1,0
112,MACETERO 20 CM CAPRI BLANCO OUTZEN,OUTZEN,2793,Easy,18-02-2026,20CM,DESCONOCIDO,1,0
113,MACETERO ENLOZADO BLANCO 17X15X15 CM,DECOGREEN,9990,Easy,18-02-2026,17X15X15,DESCONOCIDO,1,0
114,MACETERO CON PLATO CILINDRO CEMENTO 13X13X13 CM,DECOGREEN,5990,Easy,18-02-2026,13X13X13,CEMENTICIO,1,0
115,MACETERO BIODEGRADABLE BAMBOO BLANCO 24X24X18 CM,DECOGREEN,6990,Easy,18-02-2026,24X24X18,DESCONOCIDO,1,0
116,MACETA COATI MOSTAZA 15.8 CM,OUTZEN,3493,Easy,18-02-2026,15.8CM,DESCONOCIDO,1,0
117,MACETA AUTORREGANTE STONE BEIGE 33 CM,OUTZEN,27993,Easy,18-02-2026,33CM,DESCONOCIDO,1,0
118,MACETERO CILINDRO CEMENTO CON PEDESTAL BAMBOO 25X19 CM,DECOGREEN,5394,Easy,18-02-2026,25X19,CEMENTICIO,1,0
119,MACETA BILLIE VERDE 28.6 CM,OUTZEN,2793,Easy,18-02-2026,28.6CM,DESCONOCIDO,1,0
120,MACETERO TRANSPARENTE 12 CM + 1L SUSTRATO MIX ORQUIDEAS 1L,,7990,Mercado Libre,18-02-2026,12CM,DESCONOCIDO,1,0
121,CRUZ MACETERO MACETA CON PEDESTAL AJUSTABLE NEGRO 24 - 36 CM,,12373,Mercado Libre,18-02-2026,36CM,DESCONOCIDO,1,0
122,PORTA MACETERO DE FIERRO BASE CUADRADA MACETA DECORATIVO,,12900,Mercado Libre,18-02-2026,SIN MEDIDAS,METAL,1,0
123,MACETERO CUADRADO 58CM DE PLASTICO KD9942,,25983,Mercado Libre,18-02-2026,58CM,PLASTICO,1,0
124,SET 3 MACETEROS MACETA DE CERAMICA BLANCO CON LINEAS,,19900,Mercado Libre,18-02-2026,SIN MEDIDAS,CERAMICA,3,1
125,"DE 3 MACETEROS CON PLATO, 5 MODELOS MARCA HOMEY BLANCO MARIPOSA",,9590,Mercado Libre,18-02-2026,SIN MEDIDAS,DESCONOCIDO,3,1
126,PACK 20 MACETEROS PLASTICO REDONDO 8.5CM CHICOS JARDINERAS,,9990,Mercado Libre,18-02-2026,8.5CM,PLASTICO,20,1
127,"PACK 2, MACETERO DE CERAMICA MODELOS VARIADOS ANIMALES",,5025,Mercado Libre,18-02-2026,SIN MEDIDAS,CERAMICA,2,1
128,MACETA VACA DECORATIVA PARA JARDIN Y HOGAR,,11782,Mercado Libre,18-02-2026,SIN MEDIDAS,DESCONOCIDO,1,0
129,4 JUEGOS SOPORTE PARA MACETAS SOPORTES MACETERO INTERIOR,,62940,Mercado Libre,18-02-2026,SIN MEDIDAS,DESCONOCIDO,1,0
130,MACETA CUADRADA NDEG30 CON PLATO TERRACOTA,,6990,Mercado Libre,18-02-2026,SIN MEDIDAS,DESCONOCIDO,1,0
131,80 MACETEROS DE PLASTICO PARA VIVERO 14X13 TERRACOTA,,13269,Mercado Libre,18-02-2026,14X13,PLASTICO,80,1
132,MACETERO COLGANTE 24X15 CM GRIS CASA VIVA,,6830,Mercado Libre,18-02-2026,24X15,DESCONOCIDO,1,0
133,SOPORTE PORTA MACETA MACETERO DE BASE METAL CON RUEDAS NEGRO SOPORTE CON RUEDAS,,3666,Mercado Libre,18-02-2026,SIN MEDIDAS,METAL,1,0
134,MACETERO REDONDO MEDIANO 33CM BOCA EXTERIOR PLASTICO DURO MARRON MEDIANO M,,6200,Mercado Libre,18-02-2026,33CM,PLASTICO,1,0
135,6 SISTEMAS DE SOPORTE DE TOMATES DURADEROS PARA PLANTAS SANA,,35434,Mercado Libre,18-02-2026,SIN MEDIDAS,DESCONOCIDO,1,0
136,3 JUEGOS COLGADOR MACETAS CHLOROPHYTUM MACIZOS FLORES AIRE,,43581,Mercado Libre,18-02-2026,SIN MEDIDAS,DESCONOCIDO,1,0
137,MACETERO NORDICO GRIS OSCURO L 40 CM 40 X 24 X 30 GRIS CLARO,,19793,Mercado Libre,18-02-2026,40CM,DESCONOCIDO,1,0
138,"SOPORTE DE MADERA PARA PLANTAS, SOPORTE PARA MACETAS, MESA",,76944,Mercado Libre,18-02-2026,SIN MEDIDAS,NATURAL,1,0
139,MACETAS DE DECORACION DE CERAMICAS CREATIVO ESTILO BOHEMIO,,6000,Mercado Libre,18-02-2026,SIN MEDIDAS,DESCONOCIDO,1,0
140,"MACETA PARA ORQUIDEAS CON AGUJEROS, 5 UNIDADES R",,9552,Mercado Libre,18-02-2026,SIN MEDIDAS,DESCONOCIDO,5,1
141,MACETERO DECORATIVO CON PEDESTAL METAL DORADO INTERIOR NEGRO MACETERO,,17980,Mercado Libre,18-02-2026,SIN MEDIDAS,METAL,1,0
142,// LINDO MACETERO CON FORMA DE PERRO CON FORMA DE ANIMAL,,19622,Mercado Libre,18-02-2026,SIN MEDIDAS,DESCONOCIDO,1,0
143,MACETERERO PLASTICO CUADRADO 20 CM JARDIN AIRE LIBRE,,4990,Mercado Libre,18-02-2026,20CM,PLASTICO,1,0
144,"100 MACETEROS 10X8 TERRACOTA,MACETAS DE PLASTICO PARA VIVERO",,9980,Mercado Libre,18-02-2026,10X8,PLASTICO,100,1
145,SET ORGANIZADOR 3 PEDESTAL PORTA MACETERO DESMONTABLE NEGRO NEGRO,,17782,Mercado Libre,18-02-2026,SIN MEDIDAS,DESCONOCIDO,1,0
146,MACETERO ORQUIDEAS TRANSPARENTE MACETA + SUSTRATO PREMIUM 2L BLANCO MACETERO PARA ORQUIDEAS,,9990,Mercado Libre,18-02-2026,2L,DESCONOCIDO,1,0
147,4 PIEZAS MACETAS COLGANTES OVALADAS DE HIERRO PARA BALCON,,40236,Mercado Libre,18-02-2026,SIN MEDIDAS,METAL,1,0
148,MACETEROS DE GREDA TERRARIO. PACK 3 UNID. JARDIN DEL CARMEN. COLOR TERRACOTA,,19980,Mercado Libre,18-02-2026,SIN MEDIDAS,CERAMICA,3,1
149,"DE 2 MACETEROS GEOMETRICOS, PLASTICO RESISTENTE. BLANCO-NEGRO",,5831,Mercado Libre,18-02-2026,SIN MEDIDAS,PLASTICO,2,1
150,MACETERO PLASTICO REDONDO 50 CM GRANDE / MACETA NEGRO,,12990,Mercado Libre,18-02-2026,50CM,PLASTICO,1,0
151,"PACK DE 4 MACETEROS DE ANIMALITOS PARA SUCULENTAS, SURTIDOS. BLANCO",,9990,Mercado Libre,18-02-2026,SIN MEDIDAS,DESCONOCIDO,4,1
152,PORTA MACETERO PEDESTAL MACETA PLANTAS NEGRO DORADO,,18905,Mercado Libre,18-02-2026,SIN MEDIDAS,DESCONOCIDO,1,0
153,PACK 10 MACETEROS TRANSPARENTES PLASTICO FLEXIBLE ORQUIDEA TRANSPARENTE REDONDO LISO,,6990,Mercado Libre,18-02-2026,SIN MEDIDAS,PLASTICO,10,1
154,PLATO PARA MACETEROS GRANDES DIAMETRO 50 CM RESISTENTES,,23028,Mercado Libre,18-02-2026,50CM,DESCONOCIDO,1,0
155,MACETAS PARA ORQUIDEAS EN UY,,8349,Mercado Libre,18-02-2026,SIN MEDIDAS,DESCONOCIDO,1,0
156,JARDINERAS MACETERO DE MADERA RECTANGULAR GRANDE CON BORDE DE MADERA,,37990,Mercado Libre,18-02-2026,SIN MEDIDAS,NATURAL,1,0
157,PEDESTAL PARA 3 PLANTAS / PORTA MACETEROS METALICO - NORPLAT BLANCO LISA,,19980,Mercado Libre,18-02-2026,SIN MEDIDAS,METAL,1,0
158,PACK 5 DE MACETAS DE FIELTRO PARA CULTIVO PARA PATATA/TOMATE,,16311,Mercado Libre,18-02-2026,SIN MEDIDAS,DESCONOCIDO,5,1
159,MACETAS COLGANTES EN HIERRO CON SOPORTE PARA BALCONES,,35469,Mercado Libre,18-02-2026,SIN MEDIDAS,METAL,1,0
160,MACETERO 38CM CONICO DE PLASTICO KD9951W,,9900,Mercado Libre,18-02-2026,38CM,PLASTICO,1,0
161,GANCHOS PARA COLGAR PLANTAS DE HIERRO FORJADO DE 8 PAQUETE,,46654,Mercado Libre,18-02-2026,SIN MEDIDAS,METAL,1,0
162,MACETERO CESTA TEJIDO BEIGE HOGAR 26X22CM FLORES PLANTA BEIGE,,10900,Mercado Libre,18-02-2026,26X22,DESCONOCIDO,1,0
163,PACK 20 MACETEROS PLASTICO REDONDO 17CM COLONIAL VIC V-17,,17990,Mercado Libre,18-02-2026,17CM,PLASTICO,20,1
164,ESTANTE JARDINERA HUERTO METALICO PLANTA 3 NIVELES METAL NEGRO MACETERO,,18981,Mercado Libre,18-02-2026,SIN MEDIDAS,METAL,1,0
165,SOPORTE PARA FLORES ESTANTE TRIANGULAR DE PIE PARA MACETAS,,6663,Mercado Libre,18-02-2026,SIN MEDIDAS,DESCONOCIDO,1,0
166,2 PIEZAS CESTA COLGANTE FLORES ARTIFICIALES ESCITORIO,,35785,Mercado Libre,18-02-2026,SIN MEDIDAS,DESCONOCIDO,1,0
167,"LINDO MACETERO PARA PERROS, MOLDE DE SILICONA FUNDIDO EN RES",,3792,Mercado Libre,18-02-2026,SIN MEDIDAS,DESCONOCIDO,1,0
168,MACETERO REDONDO ESTILO RATAN MACETA JARDINERIA PLANTAS,,11969,Mercado Libre,18-02-2026,SIN MEDIDAS,NATURAL,1,0
169,EXHIBICION MACETERO DE BAMBU CON 9 REPISAS,,49980,Mercado Libre,18-02-2026,SIN MEDIDAS,NATURAL,1,0
170,"MACETA DE FLOR, JARDINERA RUSTICA, CUBETA DE 12 PULGADAS",,17418,Mercado Libre,18-02-2026,12PULGADAS,DESCONOCIDO,1,0
171,"MOLDES DE SILICONA PARA MACETAS, 4 PIEZAS, MOLDE DE YESO",,3169,Mercado Libre,18-02-2026,SIN MEDIDAS,DESCONOCIDO,1,0
172,MACETERO 38CM GRAFIATO CONICO KD9951,,8500,Mercado Libre,18-02-2026,38CM,DESCONOCIDO,1,0
173,MACETA TEJIDA YUTE CON PATAS MADERA DECORATIVO PARA PLANTAS COLOR BEIGE,,9490,Mercado Libre,18-02-2026,SIN MEDIDAS,NATURAL,1,0
174,MACETA MACETERO PLASTICO REDONDO ESTILO RATAN 33X30 CM RATAN MARCA REYPLAST,,11990,Mercado Libre,18-02-2026,33X30,PLASTICO,1,0
175,PORTA MACETERO PEDESTAL MACETA PLANTAS NEGRO DORADO GRANDE,,14918,Mercado Libre,18-02-2026,SIN MEDIDAS,DESCONOCIDO,1,0
176,MACETERO WORTH REDONDO GRANDE 44X39 CM PLASTICO BLANCO CON D,,130807,Mercado Libre,18-02-2026,44X39,PLASTICO,1,0
177,2 MACETEROS BARRIL SIMULACION MADERA 4L C/ AGUJERO 22.8X17CM,,13800,Mercado Libre,18-02-2026,22.8X17,NATURAL,2,1
178,PACK 20 PLATO MACETEROS REDONDO 6CM CHICOS JARDINERAS,,5990,Mercado Libre,18-02-2026,6CM,DESCONOCIDO,20,1
179,MACETAS MOVILES DE IMITACION PARA USO EXTERIOR,,26251,Mercado Libre,18-02-2026,SIN MEDIDAS,DESCONOCIDO,1,0
180,WORTH GARDEN 8 MACETAS REDONDAS DE PLASTICO PARA PLANTAS,,57330,Mercado Libre,18-02-2026,SIN MEDIDAS,PLASTICO,8,1
181,"MYGIFT MACETERO CUAD. PARA SUCULENTAS CERAMICA BLANCA 6,3 CM",,82098,Mercado Libre,18-02-2026,"6,3CM",CERAMICA,1,0
182,"MACETA INTELIGENTE, DISPOSITIVO PARA EL HOGAR",,122633,Mercado Libre,18-02-2026,SIN MEDIDAS,DESCONOCIDO,1,0
183,2 PIEZAS SOPORTE PARA BONSAI MACETERO COLGADOR CON ARO,,18147,Mercado Libre,18-02-2026,SIN MEDIDAS,DESCONOCIDO,1,0
184,MACETA COLGANTE DE ACRILICO TRANSPARENTE PARED 26CM,,14990,Mercado Libre,18-02-2026,26CM,PLASTICO,1,0
185,"MACETAS INTELIGENTES PARA MASCOTAS, MACETA AI, MACETAS",,80359,Mercado Libre,18-02-2026,SIN MEDIDAS,DESCONOCIDO,1,0
186,SET DE 3 SOPORTES PARA MACETERO CON DOBLE GANCHO DESMONTABLE,,31790,Mercado Libre,18-02-2026,SIN MEDIDAS,DESCONOCIDO,3,1
187,2 NIVELES MACETERO MACETA RETIRABLE CON PEDESTAL NEGRO 73 CM,,27096,Mercado Libre,18-02-2026,73CM,DESCONOCIDO,1,0
188,SET 3 MACETEROS MACETA DE CERAMICA BLANCOS CON PLATO BLANCO MACETERO DE CERAMICA,,14840,Mercado Libre,18-02-2026,SIN MEDIDAS,CERAMICA,3,1
189,PAQUETE DE 100 MACETAS FLEXIBLES CON AGUJEROS DE DRENAJE,,16505,Mercado Libre,18-02-2026,SIN MEDIDAS,DESCONOCIDO,100,1
190,MACETERO REDONDO PEQUENO 29CM BOCA EXTERIOR PLASTICO DURO MARRON PEQUENO S,,5600,Mercado Libre,18-02-2026,29CM,PLASTICO,1,0
191,MACETERO INTELIGENTE DRYADES Z230 LED 17W AUTORRIEGO INTERIO,,52677,Mercado Libre,18-02-2026,230L,DESCONOCIDO,1,0
192,MACETERO 46CM GRAFIATO CONICO KD9952,,13900,Mercado Libre,18-02-2026,46CM,DESCONOCIDO,1,0
193,"PORTA MACETA DE MADERA CON RUEDAS, BASE CIRCULAR, 2 UNIDADES MARRON CIRCULAR",,13400,Mercado Libre,18-02-2026,SIN MEDIDAS,NATURAL,2,1
194,PACK 5 MACETERO FLORAL REDONDO PLANTA PLASTICO 35CM VIC,,19940,Mercado Libre,18-02-2026,35CM,PLASTICO,5,1
195,SET DE 3 BOLSAS PARA MACETAS COLGANTES DE RED,,40754,Mercado Libre,18-02-2026,SIN MEDIDAS,DESCONOCIDO,3,1
196,MACETERO ORQUIDEAS TRANSPARENTE MEDIANO - MACETA BLANCO MACETERO ORQUIDEA TRANSPARENTE Y RANURADA,,7490,Mercado Libre,18-02-2026,SIN MEDIDAS,DESCONOCIDO,1,0
197,"PACK DE 2 MACETEROS PARA SUCULENTAS, DISENO DE ANIMALITOS MOD-2 GATO",,6990,Mercado Libre,18-02-2026,SIN MEDIDAS,DESCONOCIDO,2,1
198,MACETERO CUADRADO DE PLASTICO KD9943,,39000,Mercado Libre,18-02-2026,SIN MEDIDAS,PLASTICO,1,0
199,MACETEROS DE GREDA 15X15. PACK 3 UNID. JARDIN DEL CARMEN. COLOR TERRACOTA,,19980,Mercado Libre,18-02-2026,15X15,CERAMICA,3,1
200,"MACETA EUROPEA CON FORMA DE ADORNO, DE DIAMETRO 43 CM",,89007,Mercado Libre,18-02-2026,43CM,DESCONOCIDO,1,0
201,ESTRUCTURA PARA PLANTAS TREPADORAS EXTERIOR ESTRUCTURA DE SO,,54214,Mercado Libre,18-02-2026,SIN MEDIDAS,DESCONOCIDO,1,0
202,MACETERO TRANSPARENTE 14 CM + 1L SUSTRATO MIX ORQUIDEAS,,9990,Mercado Libre,18-02-2026,14CM,DESCONOCIDO,1,0
203,10UND/ MACETEROS BIODEGRADABLES CAFE,,3800,Mercado Libre,18-02-2026,SIN MEDIDAS,DESCONOCIDO,10,1
204,SET 3 MACETEROS DE MADERA TIPO BARRIL PARA JARDIN TERRAZA,,17091,Mercado Libre,18-02-2026,SIN MEDIDAS,NATURAL,3,1
205,PACK 10 MACETEROS PLASTICO REDONDO 21CM 21VIC,,14490,Mercado Libre,18-02-2026,21CM,PLASTICO,10,1
206,PACK DE 3 MACETEROS DE PERRITOS EN CERAMICA COLOR VARIADOS VARIADOS PERRITOS,,7495,Mercado Libre,18-02-2026,SIN MEDIDAS,CERAMICA,3,1
207,2PCS ESTANTE PARA MACETAS SOPORTE DE PLANTAS HUERTO 22CM,,12547,Mercado Libre,18-02-2026,22CM,DESCONOCIDO,2,1
208,PEDESTAL PARA 3 PLANTAS / PORTA MACETEROS METALICO - NORPLAT NEGRO LISA,,29980,Mercado Libre,18-02-2026,SIN MEDIDAS,METAL,1,0
209,MACETERO MACETA ACABADO CEMENTO RELIEVE HOJAS BLANCO L,,7682,Mercado Libre,18-02-2026,L,CEMENTICIO,1,0
210,MACETERO PLASTICO REDONDO GRANDE 42 CM,,8350,Mercado Libre,18-02-2026,42CM,PLASTICO,1,0
211,MYGIFT MACETERO DE METAL EN TONO COBRE DE 6 PULGADAS CON A,,53178,Mercado Libre,18-02-2026,6PULGADAS,METAL,1,0
212,MACETERO BUZZY TERRACOTA MINI MACETAS PARA CULTIVO KIT DE HI,,38366,Mercado Libre,18-02-2026,SIN MEDIDAS,DESCONOCIDO,1,0
213,PORTA MACETERO PEDESTAL MACETA PLANTAS BLANCO DORADO MEDIANO,,18040,Mercado Libre,18-02-2026,SIN MEDIDAS,DESCONOCIDO,1,0
214,2 SOPORTES DE BASE DE MACETA DE METAL CON RUEDAS,,8985,Mercado Libre,18-02-2026,SIN MEDIDAS,METAL,2,1
215,SET 3 MACETEROS MACETA DE CERAMICA GRIS CON LINEAS,,17951,Mercado Libre,18-02-2026,SIN MEDIDAS,CERAMICA,3,1
216,SET 3 MACETEROS PARA CACTUS PLANTAS PEQUENAS IMPRESO 3D,,9471,Mercado Libre,18-02-2026,SIN MEDIDAS,DESCONOCIDO,3,1
217,"MYGIFT MACETERO PEQUENO MODERNO DE CERAMICA BLANCA, MACETERO",,69464,Mercado Libre,18-02-2026,SIN MEDIDAS,CERAMICA,1,0
218,MACETERO 60CM GRAFIATO CONICO KD9953W,,27506,Mercado Libre,18-02-2026,60CM,DESCONOCIDO,1,0
219,MACETA BLANDA DE 15X15CM MACETA FACIL DE PLANTULAS 100PCS TERRACOTA,,16508,Mercado Libre,18-02-2026,15X15,DESCONOCIDO,100,1
220,"PACK DE 3 MACETAS CON PLANTAS ARTIFICIALES COLGANTES, HOMEY VERDE",,11842,Mercado Libre,18-02-2026,SIN MEDIDAS,DESCONOCIDO,3,1
221,PACK 3X MACETERO PARA ORQUIDEAS NIDO PRISMA S FRGROUP GRIS PACK 3X NIDO,,15990,Mercado Libre,18-02-2026,S,DESCONOCIDO,3,1
222,ELEVADORES PARA PLANTAS AXCOIX ALTURA AJUSTABLE 7.5-12 X2,,81571,Mercado Libre,18-02-2026,12X2,DESCONOCIDO,1,0
223,MACETA MACETERO REDONDO ESTILO PIEDRA 33X30 CM MARCA REYPLAST,,11990,Mercado Libre,18-02-2026,33X30,DESCONOCIDO,1,0
224,9 PCS MACETAS DE PLASTICO CON SEPARADOR DE AGUA TRICOLOR,,14990,Mercado Libre,18-02-2026,SIN MEDIDAS,PLASTICO,9,1
225,MACETERO PLASTICO DISENO EFECTO BARRIL DE MADERA MACETA L,,15291,Mercado Libre,18-02-2026,L,PLASTICO,1,0
226,PACK 5 MACETEROS PLASTICO REDONDO 16CM NDEG15 LISO,,6990,Mercado Libre,18-02-2026,16CM,PLASTICO,5,1
227,"SOPORTE PARA MACETAS CON RUEDAS, 2 MADERA PARA MACETERO",,34732,Mercado Libre,18-02-2026,SIN MEDIDAS,NATURAL,1,0
228,"80 MACETEROS 14X13 TERRACOTA,MACETAS DE PLASTICO PARA VIVERO",,13289,Mercado Libre,18-02-2026,14X13,PLASTICO,80,1
229,3 PIEZAS SOPORTE PARA MACETAS COLGANTES DE HIERRO RESISTENTE,,33195,Mercado Libre,18-02-2026,SIN MEDIDAS,METAL,1,0
230,PAQUETE DE 5 SOPORTES METALICOS PARA PLANTAS EXTERIORES E IN,,34837,Mercado Libre,18-02-2026,SIN MEDIDAS,DESCONOCIDO,5,1
231,SET 6 MOLDES PARA JARDINERAS PEQUENAS MOLDES PARA PLANTAS,,7797,Mercado Libre,18-02-2026,SIN MEDIDAS,DESCONOCIDO,6,1
232,MACETAS INTERIORES Y EXTERIORES CON DISENO INTEGRADO DE,,35996,Mercado Libre,18-02-2026,SIN MEDIDAS,DESCONOCIDO,1,0
233,MACETERO NEGRO AMSTERDAM 55CM ALTO CON PLATO,FLORIDIS,49990,Sodimac,18-02-2026,55CM,DESCONOCIDO,1,0
234,SOPORTE PARA MACETAS ESTANTE DE MACETAS PARA PLANTAS 8 NIVEL,TNAKIEX,32990,Sodimac,18-02-2026,SIN MEDIDAS,DESCONOCIDO,1,0
235,MACETERO LOOK BARRIL,JUST HOME COLLECTION,,Sodimac,18-02-2026,SIN MEDIDAS,DESCONOCIDO,1,0
236,SET 3 MACETEROS DE FIBRA TALL TAUPE GRIS,JUST HOME COLLECTION,119990,Sodimac,18-02-2026,SIN MEDIDAS,DESCONOCIDO,3,1
237,MACETERO DE PLASTICO 27X38 CM GRANITO,JUST HOME COLLECTION,27990,Sodimac,18-02-2026,27X38,PLASTICO,1,0
238,MACETERO BEIGE AMSTERDAM 65 CM ALTO CON PLATO,FLORIDIS,35990,Sodimac,18-02-2026,65CM,DESCONOCIDO,1,0
239,MACETERO NEGRO AMSTERDAM 44CM ALTO CON PLATO,FLORIDIS,27990,Sodimac,18-02-2026,44CM,DESCONOCIDO,1,0
240,MACETERO SIENA DE PLASTICO 40X40 CM ARENA,JUST HOME COLLECTION,9990,Sodimac,18-02-2026,40X40,PLASTICO,1,0
241,SET ORGANIZADOR 3 PEDESTAL PORTA MACETERO DESMONTABLE METAL,ANYHOGAR,21990,Sodimac,18-02-2026,SIN MEDIDAS,METAL,1,0
242,MACETERO DE CERAMICA NIHI,JUST HOME COLLECTION,,Sodimac,18-02-2026,SIN MEDIDAS,CERAMICA,1,0
243,MACETERO RUSTICO DE ARCILLA TERRACOTA,CASA BONITA,,Sodimac,18-02-2026,SIN MEDIDAS,CERAMICA,1,0
244,ESTANTE PLANTAS 75X54 CM GREEN,JUST HOME COLLECTION,29990,Sodimac,18-02-2026,75X54,DESCONOCIDO,1,0
245,MACETERO DE PLASTICO 50X45 CM CHOCOLATE,VITALY,9990,Sodimac,18-02-2026,50X45,PLASTICO,1,0
246,MACETERO DE MADERA TIPO BARRIL,CASA BONITA,,Sodimac,18-02-2026,SIN MEDIDAS,NATURAL,1,0
247,SET 3 MACETEROS DE MADERA TIPO BARRIL,CASA BONITA,36990,Sodimac,18-02-2026,SIN MEDIDAS,NATURAL,3,1
248,MACETERO DE FIBRA TALL,JUST HOME COLLECTION,,Sodimac,18-02-2026,SIN MEDIDAS,DESCONOCIDO,1,0
249,MACETERO DE PLASTICO 30 CM PLATA,JUST HOME COLLECTION,7990,Sodimac,18-02-2026,30CM,PLASTICO,1,0
250,EXHIBICION MACETERO DE BAMBU CON 9 REPISAS,U BUY,26990,Sodimac,18-02-2026,SIN MEDIDAS,NATURAL,1,0
251,SET 4 TAMANOS DE MACETEROS DENVER COLOR BEIGE,JUST HOME COLLECTION,20990,Sodimac,18-02-2026,SIN MEDIDAS,DESCONOCIDO,4,1
252,MACETERO DE CERAMICA 13X11 CM COLORES SURTIDOS,JUST HOME COLLECTION,2990,Sodimac,18-02-2026,13X11,CERAMICA,1,0
253,MACETERO GRAFIATO DE PLASTICO 34X48 CM GRANITO,JUST HOME COLLECTION,42990,Sodimac,18-02-2026,34X48,PLASTICO,1,0
254,MACETERO SIENA DE PLASTICO 40X40 CM TAUPE,JUST HOME COLLECTION,9990,Sodimac,18-02-2026,40X40,PLASTICO,1,0
255,MACETERO DE MIMBRE PORTA MACETA RUSTICA TRENZAS,OEM,14990,Sodimac,18-02-2026,SIN MEDIDAS,DESCONOCIDO,1,0
256,MACETERO MIKONOS,JUST HOME COLLECTION,,Sodimac,18-02-2026,SIN MEDIDAS,DESCONOCIDO,1,0
257,MACETERO ROTOMOLDEADO MUNA DE POLIETILENO 55X53 CM ARENA,DECO POTTERY,72990,Sodimac,18-02-2026,55X53,PLASTICO,1,0
258,MACETERO FIBRA LINE,JUST HOME COLLECTION,,Sodimac,18-02-2026,SIN MEDIDAS,DESCONOCIDO,1,0
259,MACETERO GRIS EFECTO MARMOL AMSTERDAM 65CM ALTO CON PLATO,FLORIDIS,27990,Sodimac,18-02-2026,65CM,DESCONOCIDO,1,0
260,MACETERO NEGRO GENEBRA 57CM ALTO CON PLATO,FLORIDIS,36990,Sodimac,18-02-2026,57CM,DESCONOCIDO,1,0
261,MACETERO DE POLIETILENO 43X65 CM GRANITO,JUST HOME COLLECTION,52990,Sodimac,18-02-2026,43X65,PLASTICO,1,0
262,MACETERO SIENA DE PLASTICO 40X40 CM BLANCO,JUST HOME COLLECTION,9990,Sodimac,18-02-2026,40X40,PLASTICO,1,0
263,SOPORTE PARA PLANTAS COLGANTES 2 GANCHOS DE PARED DE HIERRO,MUNDO MAGIA,7990,Sodimac,18-02-2026,SIN MEDIDAS,METAL,1,0
264,MACETERO DE CERAMICA EMA,JUST HOME COLLECTION,,Sodimac,18-02-2026,SIN MEDIDAS,CERAMICA,1,0
265,MACETERO DE CERAMICA KURA,JUST HOME COLLECTION,,Sodimac,18-02-2026,SIN MEDIDAS,CERAMICA,1,0
266,MACETERO ROTOMOLDEO DE POLIPROPILENO 55X53 CM NEGRO,POTTERY,79990,Sodimac,18-02-2026,55X53,DESCONOCIDO,1,0
267,MACETA MACETERO PEDESTAL DECORATIVO GRANDE,GENERICO,19990,Sodimac,18-02-2026,SIN MEDIDAS,DESCONOCIDO,1,0
268,MACETERO DE CERAMICA,SK,,Sodimac,18-02-2026,SIN MEDIDAS,CERAMICA,1,0
269,CANASTO DECORATIVO HIERBA MARINA 43X40 CM HOGAR,JUST HOME COLLECTION,28990,Sodimac,18-02-2026,43X40,DESCONOCIDO,1,0
270,JARDIN VERTICAL HUERTO URBANO BALCON TERRAZA MURAL EXTERIOR DE GEOTEXTIL 18 BOLSILLOS,GENERICO,6900,Sodimac,18-02-2026,SIN MEDIDAS,DESCONOCIDO,1,0
271,MACETERO DE GREDA 13X13 CM COLORES SURTIDOS,JUST HOME COLLECTION,2990,Sodimac,18-02-2026,13X13,CERAMICA,1,0
272,MACETERO CEMENTO MODELO MARAGOGI 30CM ALTO,GENERICO,17990,Sodimac,18-02-2026,30CM,CEMENTICIO,1,0
273,SET 3 MACETEROS DE FIBRA STRI GREY GRIS,JUST HOME COLLECTION,96990,Sodimac,18-02-2026,SIN MEDIDAS,DESCONOCIDO,3,1
274,SOPORTE DE 5 NIVELES PARA MACETAS PLANTAS DECORATIVO NEGRO,CRUSEC,28990,Sodimac,18-02-2026,SIN MEDIDAS,DESCONOCIDO,1,0
275,MACETERO REDONDO DE ARCILLA TERRACOTA,JUST HOME COLLECTION,,Sodimac,18-02-2026,SIN MEDIDAS,CERAMICA,1,0
276,MACETERO DE PLASTICO 43X65 CM ARENA,JUST HOME COLLECTION,52990,Sodimac,18-02-2026,43X65,PLASTICO,1,0
277,MACETERO SIENA DE PLASTICO 40X40 CM PLATA,JUST HOME COLLECTION,9990,Sodimac,18-02-2026,40X40,PLASTICO,1,0
278,JARDINERA MACETERO RECTANGULAR PLANTAS URBAN,SUNNYYARD,24990,Sodimac,18-02-2026,SIN MEDIDAS,DESCONOCIDO,1,0
279,MACETERO DE PLASTICO 28 CM,CASA BONITA,4090,Sodimac,18-02-2026,28CM,PLASTICO,1,0
280,JARDINERA EXTERIOR DE BARANDILLA PARA BALCON 50X20X12 CM,CRUSEC,15990,Sodimac,18-02-2026,50X20X12,DESCONOCIDO,1,0
281,SET 2 MACETEROS DE FIBRA CON PATAS BLANCO,JUST HOME COLLECTION,62990,Sodimac,18-02-2026,SIN MEDIDAS,DESCONOCIDO,2,1
282,MACETERO NEGRO EFECTO MARMOL AMSTERDAM 44CM ALTO CON PLATO,FLORIDIS,27990,Sodimac,18-02-2026,44CM,DESCONOCIDO,1,0
283,MACETERO BLANCO GENEBRA 80CM ALTO CON PLATO,FLORIDIS,55990,Sodimac,18-02-2026,80CM,DESCONOCIDO,1,0
284,MACETERO REDONDO DE PLASTICO 32X30 CM TAUPE,REYPLAST,10990,Sodimac,18-02-2026,32X30,PLASTICO,1,0
285,MACETERO DE CERAMICA HIMBA,JUST HOME COLLECTION,,Sodimac,18-02-2026,SIN MEDIDAS,CERAMICA,1,0
286,SET ORGANIZADOR PEDESTAL PORTA MACETERO DESMONTABLE METAL,KINDA NICE,13990,Sodimac,18-02-2026,SIN MEDIDAS,METAL,1,0
287,MACETERO DE CERAMICA 13X13 CM DISENOS SURTIDOS,JUST HOME COLLECTION,2990,Sodimac,18-02-2026,13X13,CERAMICA,1,0
288,MACETERO CAFE EFECTO MARMOL AMSTERDAM 28CM ALTO CON PLATO,FLORIDIS,14990,Sodimac,18-02-2026,28CM,DESCONOCIDO,1,0
289,MACETERO DE PLASTICO 27X38 CM ARENA,JUST HOME COLLECTION,27990,Sodimac,18-02-2026,27X38,PLASTICO,1,0
290,PACK 2 MACETAS DE VIDRIO COLGANTE TRANSPARENTE PARED 13CM,CRUSEC,10990,Sodimac,18-02-2026,13CM,VIDRIO,2,1
291,MACETERO AUTORREGANTE SET 4 UNIDADES,KUANGYE,13990,Sodimac,18-02-2026,SIN MEDIDAS,DESCONOCIDO,4,1
292,MACETERO REDONDO DE PLASTICO 17.2X17 CM TAUPE,REYPLAST,3190,Sodimac,18-02-2026,17.2X17,PLASTICO,1,0
293,MACETERO FLORIDIS CAFE EFECTO MARMOL GENEBRA 57CM ALTO CON PLATO,GENERICO,25990,Sodimac,18-02-2026,57CM,DESCONOCIDO,1,0
294,MACETERO DE CERAMICA NUI,JUST HOME COLLECTION,,Sodimac,18-02-2026,SIN MEDIDAS,CERAMICA,1,0
295,MACETERO DE FIBRA CON PATAS,JUST HOME COLLECTION,,Sodimac,18-02-2026,SIN MEDIDAS,DESCONOCIDO,1,0
296,6 PCS MACETAS DE PLASTICO CON SEPARADOR DE AGUA TRICOLOR,TNAKIEX,11990,Sodimac,18-02-2026,SIN MEDIDAS,PLASTICO,6,1
297,MACETERO ONDULADO DE PLASTICO 38X26 CM ARENA,JUST HOME COLLECTION,21990,Sodimac,18-02-2026,38X26,PLASTICO,1,0
298,PORTAMACETERO COLGANTE 87 CM URBANO INDUSTRIAL DECORATIVO,JUST HOME COLLECTION,5000,Sodimac,18-02-2026,87CM,DESCONOCIDO,1,0
299,PARAGUAS GRANDE DE TOTORA PARA JARDIN Y EXTERIORES,TOTORARTE,13390,Sodimac,18-02-2026,SIN MEDIDAS,DESCONOCIDO,1,0
300,MACETERO GRAFITO AMSTERDAM 44CM ALTO CON PLATO,FLORIDIS,27990,Sodimac,18-02-2026,44CM,DESCONOCIDO,1,0
301,MACETERO REDONDO DE PLASTICO 24.4X23 CM TAUPE,REYPLAST,7490,Sodimac,18-02-2026,24.4X23,PLASTICO,1,0
302,MACETERO TANTA 34 (FIBRA DE CEMENTO),PLANT ME,49990,Sodimac,18-02-2026,SIN MEDIDAS,CEMENTICIO,1,0
303,SET 3 MACETEROS DE CERAMICA NIHI VERDE JADE,JUST HOME COLLECTION,50990,Sodimac,18-02-2026,SIN MEDIDAS,CERAMICA,3,1
304,CERCO METALICO DECORATIVO JARDIN DELIMITADOR 42X47 CM,POTTERY,6490,Sodimac,18-02-2026,42X47,METAL,1,0
305,MACETERO STRI DE FIBRA DE VIDRIO 50X39 CM GRIS,JUST HOME COLLECTION,47990,Sodimac,18-02-2026,50X39,VIDRIO,1,0
306,MACETERO RUSTICO DE ARCILLA,CASA BONITA,,Sodimac,18-02-2026,SIN MEDIDAS,CERAMICA,1,0
307,MACETERO DE FIBRA STRI,JUST HOME COLLECTION,,Sodimac,18-02-2026,SIN MEDIDAS,DESCONOCIDO,1,0
308,JUEGO DE 2 MACETAS METALICAS VINTAGE - ACABADO RUSTICO PARA BALCON,GENERICO,7990,Sodimac,18-02-2026,SIN MEDIDAS,DESCONOCIDO,2,1
309,MACETERO BEIGE EFECTO PIEDRA BOWL 13CM ALTO CON PLATO,FLORIDIS,16990,Sodimac,18-02-2026,13CM,DESCONOCIDO,1,0
310,SET 3 MACETEROS DE CEAMICA KURA TABACO DORADO,JUST HOME COLLECTION,32990,Sodimac,18-02-2026,SIN MEDIDAS,DESCONOCIDO,3,1
311,PORTAMACETERO COLGANTE PARA MACETAS 65 CM,JUST HOME COLLECTION,5000,Sodimac,18-02-2026,65CM,DESCONOCIDO,1,0
312,MACETERO NEGRO AMSTERDAM 45CM ALTO CON PLATO,FLORIDIS,37990,Sodimac,18-02-2026,45CM,DESCONOCIDO,1,0
313,FUENTE SOLAR RAYADO PARA JARDIN,GENERICO,10000,Sodimac,18-02-2026,SIN MEDIDAS,DESCONOCIDO,1,0
314,MACETERO BLANCO AMSTERDAM 28CM ALTO CON PLATO,FLORIDIS,14990,Sodimac,18-02-2026,28CM,DESCONOCIDO,1,0
315,MACETEROS AUTORREGANTE SET 4 UNIDADES,KUANGYE,13990,Sodimac,18-02-2026,SIN MEDIDAS,DESCONOCIDO,4,1
316,PARAGUAS PROTECTOR PARA PLANTAS TOTORA CHICO JARDIN,TOTORARTE,11390,Sodimac,18-02-2026,SIN MEDIDAS,DESCONOCIDO,1,0
317,MACETERO DE CERAMICA 13X12 CM BLANCO; TERRACOTA,JUST HOME COLLECTION,2990,Sodimac,18-02-2026,13X12,CERAMICA,1,0
318,CANASTO DECORATIVO TEJIDO FIBRA 55X35X30 CM,JUST HOME COLLECTION,29990,Sodimac,18-02-2026,55X35X30,DESCONOCIDO,1,0
319,MACETERO UMEA DE CERAMICA 18X17 CM CAPUCCINO,SK,9490,Sodimac,18-02-2026,18X17,CERAMICA,1,0
320,MACETERO DE GREDA 14X14 CM COLORES SURTIDOS,JUST HOME COLLECTION,2990,Sodimac,18-02-2026,14X14,CERAMICA,1,0
321,"RACK HUERTO 49X20X13,5 CM",ERGO,32990,Sodimac,18-02-2026,"49X20X13,5",DESCONOCIDO,1,0
322,SET DE 3 MACETEROS CERAMICA COLOR NEGRO,JUST HOME COLLECTION,50390,Sodimac,18-02-2026,SIN MEDIDAS,CERAMICA,3,1
323,MACETERO MARRON AMSTERDAM 55CM ALTO CON PLATO,FLORIDIS,49990,Sodimac,18-02-2026,55CM,DESCONOCIDO,1,0
324,MACETERO NEGRO BOWL 19CM ALTO CON PLATO,FLORIDIS,22990,Sodimac,18-02-2026,19CM,DESCONOCIDO,1,0
325,6 PCS MOLDES DE MACETAS DE PLASTICO CON JARDINERA PALLET,TNAKIEX,11990,Sodimac,18-02-2026,SIN MEDIDAS,PLASTICO,6,1
326,MACETERO MARRON FLORENCIA 32CM ALTO CON PLATO,FLORIDIS,29990,Sodimac,18-02-2026,32CM,DESCONOCIDO,1,0
327,PORTA MACETERO PEDESTAL MACETA PLANTAS BLANCO DORADO MEDIANO,GENERICO,18990,Sodimac,18-02-2026,SIN MEDIDAS,DESCONOCIDO,1,0
328,MACETERO PORTA MACETA BANDEJA PARA MACETA CON RUEDAS 40CM,OEM,21990,Sodimac,18-02-2026,40CM,DESCONOCIDO,1,0
329,MACETA MACETERO PEDESTAL DECORATIVO BLANCO,GENERICO,15990,Sodimac,18-02-2026,SIN MEDIDAS,DESCONOCIDO,1,0
330,MACETERO NEGRO MODELO BERLIN 41CM ALTO CON PLATO,FLORIDIS,40990,Sodimac,18-02-2026,41CM,DESCONOCIDO,1,0
331,MACETERO CAFE GENEBRA 80CM ALTO CON PLATO,FLORIDIS,55990,Sodimac,18-02-2026,80CM,DESCONOCIDO,1,0
332,MACETERO NEGRO AMSTERDAM 70CM ALTO CON PLATO,FLORIDIS,99990,Sodimac,18-02-2026,70CM,DESCONOCIDO,1,0
333,MACETERO GRAFITO AMSTERDAM 55CM ALTO CON PLATO,FLORIDIS,49990,Sodimac,18-02-2026,55CM,DESCONOCIDO,1,0
334,MACETERO CON PATAS DE METAL 18.5X31 CM DORADO,JUST HOME COLLECTION,14990,Sodimac,18-02-2026,18.5X31,METAL,1,0
335,MACETERO DE PLASTICO 25X21 CM CHOCOLATE,VITALY,1990,Sodimac,18-02-2026,25X21,PLASTICO,1,0
336,JARDINERA DECOWAY BLANCO- 50 CM,GENERICO,20990,Sodimac,18-02-2026,50CM,DESCONOCIDO,1,0
337,MACETERO NEGRO JARDINERA 25CM ALTO CON PLATO,FLORIDIS,34990,Sodimac,18-02-2026,25CM,DESCONOCIDO,1,0
338,MACETERO GRAFITO ZURIQUE 55CM ALTO CON PLATO,FLORIDIS,42990,Sodimac,18-02-2026,55CM,DESCONOCIDO,1,0
339,MACETERO BEIGE AMSTERDAM 28CM ALTO CON PLATO,FLORIDIS,14990,Sodimac,18-02-2026,28CM,DESCONOCIDO,1,0
340,SET 4 TAMANOS DE MACETEROS DENVER COLOR PLOMO,JUST HOME COLLECTION,20990,Sodimac,18-02-2026,SIN MEDIDAS,DESCONOCIDO,4,1
341,MACETERO PLASTICO 46CM GRAFIATO CONICO DECORATIVO GRANDE,GENERICO,17850,Sodimac,18-02-2026,46CM,PLASTICO,1,0
342,MACETERO MARRON ARGOS 57CM ALTO CON PLATO,FLORIDIS,34990,Sodimac,18-02-2026,57CM,DESCONOCIDO,1,0
343,MACETERO DE PLASTICO 22.8X17.8 CM TAUPE,CASA BONITA,2990,Sodimac,18-02-2026,22.8X17.8,PLASTICO,1,0
344,JARDINERA RECTANGULAR LOFLY 80 X 33.4 CM GRIS PIEDRA,STERN,32990,Sodimac,18-02-2026,80X33.4,DESCONOCIDO,1,0
345,PORTA MACETERO METALICO 46 CM PARA INTERIOR,JUST HOME COLLECTION,25990,Sodimac,18-02-2026,46CM,METAL,1,0
346,HUERTO PISO DE MADERA 100X20 CM CAFE,ERGO,15000,Sodimac,18-02-2026,100X20,NATURAL,1,0
347,SET 2 MACETEROS DE CERAMICA AISEA OLIVA DORADO,JUST HOME COLLECTION,24990,Sodimac,18-02-2026,SIN MEDIDAS,CERAMICA,2,1
348,SET DE 3 MACETEROS CERAMICA DISENOS GRIS Y BLANCO,JUST HOME COLLECTION,50390,Sodimac,18-02-2026,SIN MEDIDAS,CERAMICA,3,1
349,MACETERO SIENA DE PLASTICO 30X30 CM BLANCO,JUST HOME COLLECTION,7990,Sodimac,18-02-2026,30X30,PLASTICO,1,0
350,JARDINERA RECTANGULAR AGRO 100 X 18 CM TERRACOTA,STERN,7990,Sodimac,18-02-2026,100X18,DESCONOCIDO,1,0
351,MACETERO CEMENTO MODELO CURITIBA 32CM ALTO,GENERICO,29990,Sodimac,18-02-2026,32CM,CEMENTICIO,1,0
352,MACETERO DE PLASTICO 13X13 CM AMARILLO CLARO; NEGRO,JUST HOME COLLECTION,2990,Sodimac,18-02-2026,13X13,PLASTICO,1,0
353,MACETERO DE PLASTICO 14 CM,JUST HOME COLLECTION,2390,Sodimac,18-02-2026,14CM,PLASTICO,1,0
354,MACETERO DE PLASTICO 23 CM,CASA BONITA,2990,Sodimac,18-02-2026,23CM,PLASTICO,1,0
355,MACETERO PLASTICO DISENO EFECTO BARRIL DE MADERA MACETA L,GENERICO,16990,Sodimac,18-02-2026,L,PLASTICO,1,0
356,MACETERO BASEL,SK,,Sodimac,18-02-2026,SIN MEDIDAS,DESCONOCIDO,1,0
357,MACETERO DE ARCILLA TERRACOTA,JUST HOME COLLECTION,,Sodimac,18-02-2026,SIN MEDIDAS,CERAMICA,1,0
358,MACETERO DE PLASTICO 11.5X8.9 CM TAUPE,CASA BONITA,1190,Sodimac,18-02-2026,11.5X8.9,PLASTICO,1,0
359,MACETERO BEIGE GENEBRA 57CM ALTO CON PLATO,FLORIDIS,36990,Sodimac,18-02-2026,57CM,DESCONOCIDO,1,0
360,ESPONJA ABSORBENTE RECORTABLE BOUQUET PURE DE FLORES 10U,ATURE,15990,Sodimac,18-02-2026,SIN MEDIDAS,DESCONOCIDO,1,0
361,SOPORTE PARA 8 MACETAS ESTANTE JARDINERA HUERTO PLANTAS,GENERICO,19980,Sodimac,18-02-2026,SIN MEDIDAS,DESCONOCIDO,8,1
362,MACETERO VITORIA DE CERAMICA 33X26 CM GRIS,JUST HOME COLLECTION,26990,Sodimac,18-02-2026,33X26,CERAMICA,1,0
363,MACETERO BLANCO AMSTERDAM 44CM ALTO CON PLATO,FLORIDIS,27990,Sodimac,18-02-2026,44CM,DESCONOCIDO,1,0
364,MACETERO REDONDO DE PLASTICO 33X30 CM MARRON,REYPLAST,10990,Sodimac,18-02-2026,33X30,PLASTICO,1,0
365,PORTA MACETERO PEDESTAL SOPORTE DE PLANTAS DESMONTABLE,CRUSEC,15990,Sodimac,18-02-2026,SIN MEDIDAS,DESCONOCIDO,1,0
366,MEDIDOR DE SUELO TRES FUNCIONES PARA JARDIN HUMEDAD LUZ Y PH,ERGO,7990,Sodimac,18-02-2026,SIN MEDIDAS,DESCONOCIDO,1,0
367,MACETERO - DISENO PERRO,GENERICO,4990,Sodimac,18-02-2026,SIN MEDIDAS,DESCONOCIDO,1,0
368,MACETERO AUTORREGANTE RECICLADO DE PLASTICO 23X20 CM CAFE,REMBRE,4290,Sodimac,18-02-2026,23X20,PLASTICO,1,0
369,MACETERO REDONDO DE PLASTICO 25X24 CM MARRON,REYPLAST,6290,Sodimac,18-02-2026,25X24,PLASTICO,1,0
370,MACETERO CANASTO RAMA TEJIDA DECORATIVA 35 X 30 CM,DECOGREEN,13990,Sodimac,18-02-2026,35X30,DESCONOCIDO,1,0
371,MACETERO ALTO CUADRADO LOFLY 24 X 24 CM GRIS PIEDRA,STERN,7990,Sodimac,18-02-2026,24X24,DESCONOCIDO,1,0
372,MACETERO AUTORREGANTE RECICLADO DE PLASTICO 23X20 CM MARFIL,REMBRE,5690,Sodimac,18-02-2026,23X20,PLASTICO,1,0
373,MACETERO CEUTA DE CERAMICA 30X23 CM BEIGE,CASA BONITA,18990,Sodimac,18-02-2026,30X23,CERAMICA,1,0
374,SET 2 CANASTOS NAZCA,JUST HOME COLLECTION,38990,Sodimac,18-02-2026,SIN MEDIDAS,DESCONOCIDO,2,1
375,MACETERO DE PLASTICO 17 CM,CASA BONITA,1690,Sodimac,18-02-2026,17CM,PLASTICO,1,0
376,PACK 80 MACETEROS 14X13 TERRACOTA KIT INICIAL,KUANGYE,10590,Sodimac,18-02-2026,14X13,DESCONOCIDO,80,1
377,PLATO REDONDO PARA MACETERO 25 CM DECORATIVO JARDIN HOGAR,REYPLAST,1390,Sodimac,18-02-2026,25CM,DESCONOCIDO,1,0
378,MACETERO ZAFIRO 17 CM PLATINO,MESTIZA,9490,Sodimac,18-02-2026,17CM,DESCONOCIDO,1,0
379,JARDINERA PARA BARANDA DE POLIPROPILENO 25X25 CM GRIS,REMBRE,4890,Sodimac,18-02-2026,25X25,DESCONOCIDO,1,0
380,SET MACETERO Y PLATO BIODEGRADABLE DE BAMBU 16.5X13 CM BLANCO,DECOGREEN,4990,Sodimac,18-02-2026,16.5X13,NATURAL,1,0
381,KIT 4 MACETERO COLGANTE CON BANDEJA EXTRAIBLE Y DRENAJE M NEGRO,GENERICO,38990,Sodimac,18-02-2026,M,DESCONOCIDO,1,0
382,MACETERO BEIGE AMSTERDAM 55CM ALTO CON PLATO,FLORIDIS,49990,Sodimac,18-02-2026,55CM,DESCONOCIDO,1,0
383,MACETERO GRIS CLARO AMSTERDAM 55CM ALTO CON PLATO,FLORIDIS,49990,Sodimac,18-02-2026,55CM,DESCONOCIDO,1,0
384,MACETERO FLORIDIS NEGRO EFECTO MARMOL ZURIQUE 34CM ALTO CON PLATO,GENERICO,31990,Sodimac,18-02-2026,34CM,DESCONOCIDO,1,0
385,MACETERO BEIGE EFECTO MARMOL AMSTERDAM 44CM ALTO CON PLATO,FLORIDIS,27990,Sodimac,18-02-2026,44CM,DESCONOCIDO,1,0
386,MACETA CON BASE 29X30 CM,JUST HOME COLLECTION,26990,Sodimac,18-02-2026,29X30,DESCONOCIDO,1,0
387,31 KITS BANDEJAS GERMINADORAS CON LUZ INVERNADERO SEMILLERO,YAYKO,12590,Sodimac,18-02-2026,SIN MEDIDAS,DESCONOCIDO,1,0
388,MACETERO DE CEMENTO 11.5X12 GRIS,POTTERY,13590,Sodimac,18-02-2026,11.5X12,CEMENTICIO,1,0
389,MACETERO CEMENTO MODELO BERLIN 31CM ALTO CON PLATO,FLORIDIS,31990,Sodimac,18-02-2026,31CM,CEMENTICIO,1,0
390,MACETERO CAIRO 40 (FIBRA DE VIDRIO),PLANT ME,64990,Sodimac,18-02-2026,SIN MEDIDAS,VIDRIO,1,0
391,MACETERO DE PLASTICO 34X26.8 CM TAUPE,CASA BONITA,6290,Sodimac,18-02-2026,34X26.8,PLASTICO,1,0
392,MASETERO DECORATIVO SHIGUHE MACETA CERAMICA GRIS 82x28 CM,EGLO,11990,Sodimac,18-02-2026,82x28,CERAMICA,1,0
393,JARDINERA DE PLASTICO 15X19X46 CM,CASA BONITA,3990,Sodimac,18-02-2026,15X19X46,PLASTICO,1,0
394,MACETERO ZAFIRO DE CERAMICA 24X21 CM NEGRO,MESTIZA,14990,Sodimac,18-02-2026,24X21,CERAMICA,1,0
395,SET MACETERO Y PLATO ZAFIRO DE CERAMICA 10X13 CM BLANCO,MESTIZA,7290,Sodimac,18-02-2026,10X13,CERAMICA,1,0
396,MACETA COLGANTE MACETERO COLGANTE DE PAJA CESTA MEDIANO,OEM,6990,Sodimac,18-02-2026,SIN MEDIDAS,DESCONOCIDO,1,0
397,COLGADOR MACRAME 114 CM PARA MACETAS,JUST HOME COLLECTION,7690,Sodimac,18-02-2026,114CM,DESCONOCIDO,1,0
398,MACETERO AISEA DE CERAMICA 26X16 CM OLIVA DORADO,JUST HOME COLLECTION,13990,Sodimac,18-02-2026,26X16,CERAMICA,1,0
399,MACETERO VITORIA DE CERAMICA 32X32 CM NEGRO,JUST HOME COLLECTION,28990,Sodimac,18-02-2026,32X32,CERAMICA,1,0
400,ES DE PLASTICO 18X17 CM MARRON,REYPLAST,3690,Sodimac,18-02-2026,18X17,PLASTICO,1,0
401,JARDINERA RECTANGULAR NEW COUBI 39 CM X 19 CM BLANCO,STERN,8590,Sodimac,18-02-2026,39CM,DESCONOCIDO,1,0
402,CANASTO DECORATIVO PARACAS HIERBA MARINA 26X21 CM,JUST HOME COLLECTION,23990,Sodimac,18-02-2026,26X21,DESCONOCIDO,1,0
403,MACETERO COLGANTE CON BANDEJA EXTRAIBLE NEGRO M,GENERICO,10990,Sodimac,18-02-2026,M,DESCONOCIDO,1,0
404,JARDINERA DE PLASTICO 19X15 CM TAUPE,CASA BONITA,6290,Sodimac,18-02-2026,19X15,PLASTICO,1,0
405,SET 2 TAMANOS DE MACETEROS COLOR TERRACOTA,JUST HOME COLLECTION,34990,Sodimac,18-02-2026,SIN MEDIDAS,DESCONOCIDO,2,1
406,SET DE 3 MACETAS TEJIDAS CON PATAS,HOME ESSENTIALS,47990,Sodimac,18-02-2026,SIN MEDIDAS,DESCONOCIDO,3,1
407,MACETERO METALICO DISENO REGADERA,BRIC,9990,Sodimac,18-02-2026,SIN MEDIDAS,METAL,1,0
408,MACETERO NEGRO EFECTO MARMOL AMSTERDAM 28CM ALTO CON PLATO,FLORIDIS,28990,Sodimac,18-02-2026,28CM,DESCONOCIDO,1,0
409,MACETERO BEIGE AMSTERDAM 45CM ALTO CON PLATO,FLORIDIS,37990,Sodimac,18-02-2026,45CM,DESCONOCIDO,1,0
410,2 SOPORTES DE BASE DE MACETA DE METAL CON RUEDAS,GENERICO,17990,Sodimac,18-02-2026,SIN MEDIDAS,METAL,2,1
411,MACETERO Y PLATO TERRACOTA CILINDRO L.,DECOGREEN,14990,Sodimac,18-02-2026,L,DESCONOCIDO,1,0
412,SET 3 MACETEROS FIBRA LINE SAND,JUST HOME COLLECTION,96990,Sodimac,18-02-2026,SIN MEDIDAS,DESCONOCIDO,3,1
413,MACETERO PLASTICO 30CM COLOR ARENA,GENERICO,12990,Sodimac,18-02-2026,30CM,PLASTICO,1,0
414,SET 3 MACETEROS CERAMICA MIKONOS BLANCO,JUST HOME COLLECTION,44990,Sodimac,18-02-2026,SIN MEDIDAS,CERAMICA,3,1
415,MACETERO DE PLASTICO 17.1X13.4 CM TAUPE,CASA BONITA,1690,Sodimac,18-02-2026,17.1X13.4,PLASTICO,1,0
416,MACETA WOOLLY 23CM VERDE COSTA,DEROMA,22990,Sodimac,18-02-2026,23CM,DESCONOCIDO,1,0
417,MACETERO DENVER DE PLASTICO 16X15 CM BEIGE,JUST HOME COLLECTION,4990,Sodimac,18-02-2026,16X15,PLASTICO,1,0
418,CERCO METALICO DECORATIVO JARDIN 56 CM,POTTERY,5490,Sodimac,18-02-2026,56CM,METAL,1,0
419,MACETERO BERLIM DE CERAMICA 12.4X9.2 CM BEIGE,JAPI,5290,Sodimac,18-02-2026,12.4X9.2,CERAMICA,1,0
420,MACETERO DALLAS DE CERAMICA 19X18 CM ANTRACITA,SK,11990,Sodimac,18-02-2026,19X18,CERAMICA,1,0
421,PLATO REDONDO PARA MACETERO 18 CM DECORATIVO HOGAR,REYPLAST,690,Sodimac,18-02-2026,18CM,DESCONOCIDO,1,0
422,MACETERO DE PLASTICO CANASTO DORADO MACETA BALDE GRANDE,OEM,15990,Sodimac,18-02-2026,SIN MEDIDAS,PLASTICO,1,0
423,BASE PARA MACETERO Ndeg10 25 CM JARDIN,CASA BONITA,990,Sodimac,18-02-2026,25CM,DESCONOCIDO,1,0
424,MACETERO DE PLASTICO 14X17 CM VERDE,CASA BONITA,1690,Sodimac,18-02-2026,14X17,PLASTICO,1,0
425,SET 3 MACETEROS UTHAI,JUST HOME COLLECTION,27990,Sodimac,18-02-2026,SIN MEDIDAS,DESCONOCIDO,3,1
426,JARDINERA DECOWAY NEGRO- 50 CM,GENERICO,20990,Sodimac,18-02-2026,50CM,DESCONOCIDO,1,0
427,MACETERO DENVER DE PLASTICO 18X17 CM BEIGE,JUST HOME COLLECTION,5990,Sodimac,18-02-2026,18X17,PLASTICO,1,0
428,SET 2 MACETEROS CON PEDESTAL DORADOS,IMPORTADORA USA,35990,Sodimac,18-02-2026,SIN MEDIDAS,DESCONOCIDO,2,1
429,MACETA JOINVILLE CONCAVO NEGRO 24X12CM EFECTO MARMOLEADO,VERDY,12990,Sodimac,18-02-2026,24X12,DESCONOCIDO,1,0
430,PLANTAS VIVAS FLOTANTES ACUARIOS ESTANQUES LENTEJAS AGUA,GROW SWEET,9990,Sodimac,18-02-2026,SIN MEDIDAS,DESCONOCIDO,1,0
431,MACETEROS DE GREDA (TINAJAS). PACK 10 UNIDADES. POMAIRE ONLINE,GENERICO,14990,Sodimac,18-02-2026,SIN MEDIDAS,CERAMICA,10,1
432,SOPORTE DE 5 NIVELES PARA MACETAS PLANTAS DECORATIVO BLANCO,CRUSEC,28990,Sodimac,18-02-2026,SIN MEDIDAS,DESCONOCIDO,1,0
433,PACK 5 MACETEROS ROBERT PLANT PARA CACTUS O SUCULENTAS,GENERICO,14990,Sodimac,18-02-2026,SIN MEDIDAS,DESCONOCIDO,5,1
434,MACETERO GRIS CLARO AMSTERDAM 44CM ALTO CON PLATO,FLORIDIS,27990,Sodimac,18-02-2026,44CM,DESCONOCIDO,1,0
435,MACETERO DE ARCILLA SIN BORDE TERRACOTA,JUST HOME COLLECTION,19990,Sodimac,18-02-2026,SIN MEDIDAS,CERAMICA,1,0
436,MACETERO BLANCO AMSTERDAM 65 CM ALTO CON PLATO,FLORIDIS,35990,Sodimac,18-02-2026,65CM,DESCONOCIDO,1,0
437,JARDINERA DE POLIPROPILENO 79X39 CM ARENA,DEROMA,82990,Sodimac,18-02-2026,79X39,DESCONOCIDO,1,0
438,MACETERO BEIGE MODELO CURITIBA 24CM ALTO,GENERICO,18990,Sodimac,18-02-2026,24CM,DESCONOCIDO,1,0
439,MACETERO GRAFIATO DE PLASTICO 34X48 CM ARENA,JUST HOME COLLECTION,42990,Sodimac,18-02-2026,34X48,PLASTICO,1,0
440,MACETERO SIENA DE POLIPROPILENO 40X40 CM DORADO,JUST HOME COLLECTION,9990,Sodimac,18-02-2026,40X40,DESCONOCIDO,1,0
441,MACETERO DE PLASTICO 12 CM,CASA BONITA,1090,Sodimac,18-02-2026,12CM,PLASTICO,1,0
442,MACETERO BEIGE ALCANTARA 75CM ALTO,GENERICO,22990,Sodimac,18-02-2026,75CM,DESCONOCIDO,1,0
443,JARDINERA DE MADERA EN PINO CEPILLADO COLOR NOGAL,GENERICO,35990,Sodimac,18-02-2026,SIN MEDIDAS,NATURAL,1,0
444,SET 3 MACETEROS OLIVE REDONDO,JUST HOME COLLECTION,79990,Sodimac,18-02-2026,SIN MEDIDAS,DESCONOCIDO,3,1
445,BASE DE PLASTICO PARA MACETERO 25 CM,CASA BONITA,990,Sodimac,18-02-2026,25CM,PLASTICO,1,0
446,COLGADOR MURAL METALICO PARA MACETEROS 25 CM DECORACION HOGAR,ERGO,5290,Sodimac,18-02-2026,25CM,METAL,1,0
447,MACETERO DE PLASTICO 46 CM,CASA BONITA,13990,Sodimac,18-02-2026,46CM,PLASTICO,1,0
448,MACETERO VIENA,JUST HOME COLLECTION,,Sodimac,18-02-2026,SIN MEDIDAS,DESCONOCIDO,1,0
449,PORTA SUCULENTAS CASITA COLGANTE ESTILO VINTAGE,GENERICO,15000,Sodimac,18-02-2026,SIN MEDIDAS,DESCONOCIDO,1,0
450,SET DE AMARRAS PARA PLANTAS SUJECION JARDIN 20 UNIDADES,ERGO,2190,Sodimac,18-02-2026,SIN MEDIDAS,DESCONOCIDO,20,1
451,MACETERO PLASTICO REDONDO 20CM ARENA,GENERICO,5990,Sodimac,18-02-2026,20CM,PLASTICO,1,0
452,PORTAMACETERO DE PARED METALICO PARA MACETAS,ERGO,3990,Sodimac,18-02-2026,SIN MEDIDAS,METAL,1,0
453,COLGADOR MACETAS 125 CM SOPORTE PARA 3,JUST HOME COLLECTION,5990,Sodimac,18-02-2026,125CM,DESCONOCIDO,1,0
454,CANASTO DECORATIVO HIERBA MARINA 43X30 CM BOHO CHIC HOGAR,JUST HOME COLLECTION,16990,Sodimac,18-02-2026,43X30,DESCONOCIDO,1,0
455,MACETERO 25X20 CM GRIS CASA VIVA,GENERICO,4990,Sodimac,18-02-2026,25X20,DESCONOCIDO,1,0
456,MACETA RECTANGULAR 43CM NARANJA CON PLATO - JARDIN BALCON INTEXT,GENERICO,5990,Sodimac,18-02-2026,43CM,DESCONOCIDO,1,0
457,JARDINERA PARA BARANDA DE POLIPROPILENO 21X25 CM GRIS,REMBRE,2590,Sodimac,18-02-2026,21X25,DESCONOCIDO,1,0
458,MACETERO FLORIDIS CAFE EFECTO MARMOL ZURIQUE 34CM ALTO CON PLATO,GENERICO,31990,Sodimac,18-02-2026,34CM,DESCONOCIDO,1,0
459,MACETERO GROSSETO DE CERAMICA 21X16 CM GRIS,CERAMICA ESPEJO,10990,Sodimac,18-02-2026,21X16,CERAMICA,1,0
460,PLATO BASE BIODEGRADABLE PARA MACETERO 25 CM JARDIN,DECOGREEN,2390,Sodimac,18-02-2026,25CM,DESCONOCIDO,1,0
461,COLGADOR MACETAS 125 CM DECORATIVO HOGAR,JUST HOME COLLECTION,5990,Sodimac,18-02-2026,125CM,DESCONOCIDO,1,0
462,MACETERO CILINDRO DE CEMENTO 20X20 CM GRIS Y BAMBOO,DECOGREEN,9690,Sodimac,18-02-2026,20X20,CEMENTICIO,1,0
463,SET MACETERO Y PLATO BIODEGRADABLE DE BAMBU 24X18 CM GRIS,DECOGREEN,7990,Sodimac,18-02-2026,24X18,NATURAL,1,0
464,SET PORTA MACETERO SOPORTE MACETAS ESTANTE METAL ELEGANTE,GENERICO,98990,Sodimac,18-02-2026,SIN MEDIDAS,METAL,1,0
465,MACETERO CESTO CANASTO MACETA DE MIMBRE TEJIDA PLEGABLE 35CM B,OEM,16980,Sodimac,18-02-2026,35CM,DESCONOCIDO,1,0
466,BASE PARA MACETERO Ndeg16 40 CM JARDIN,CASA BONITA,3590,Sodimac,18-02-2026,40CM,DESCONOCIDO,1,0
467,MACETERO BASEL DE CERAMICA 24X23 CM GRIS,SK,17990,Sodimac,18-02-2026,24X23,CERAMICA,1,0
468,"VASOS PARA TRASPLANTE 9X9X9,5 CM - 10 UNIDADES",VILMORIN,3090,Sodimac,18-02-2026,"9X9X9,5",DESCONOCIDO,10,1
469,MACETERO BEIGE ARGOS 71CM ALTO CON PLATO,FLORIDIS,49990,Sodimac,18-02-2026,71CM,DESCONOCIDO,1,0
470,PORTA MACETEROS SOPORTE PLANTAS 3 NIVELES,GENERICO,34990,Sodimac,18-02-2026,SIN MEDIDAS,DESCONOCIDO,1,0
471,MACETERO PORTA MACETA BANDEJA PARA MACETA CON RUEDAS 32CM,OEM,13990,Sodimac,18-02-2026,32CM,DESCONOCIDO,1,0
472,MACETERO BEIGE ALCANTARA 50CM ALTO,GENERICO,16990,Sodimac,18-02-2026,50CM,DESCONOCIDO,1,0
473,MACETERO TRAPECIO DE PLASTICO 34X43 CM NEGRO,JUST HOME COLLECTION,40990,Sodimac,18-02-2026,34X43,PLASTICO,1,0
474,MACETERO BEIGE EFECTO PIEDRA BOWL 19CM ALTO CON PLATO,FLORIDIS,22990,Sodimac,18-02-2026,19CM,DESCONOCIDO,1,0
475,PACK 5 MACETEROS MURAL AIRE LIBRE COLGANTE Ndeg27,GENERICO,14990,Sodimac,18-02-2026,SIN MEDIDAS,DESCONOCIDO,5,1
476,MACETERO PARA PLANTAS SET,BRIC,28990,Sodimac,18-02-2026,SIN MEDIDAS,DESCONOCIDO,1,0
477,MACETERO METALICO REGADERA 7X 7.5 X 5.5 CM.,OEM,5490,Sodimac,18-02-2026,7X7.5X5.5,METAL,1,0
478,MACETERO 13 CM FLORES AZUL,ROBERTA ALLEN,5990,Sodimac,18-02-2026,13CM,DESCONOCIDO,1,0
479,MACETERO COLGANTE CON BANDEJA EXTRAIBLE BLANCO L,GENERICO,29990,Sodimac,18-02-2026,L,DESCONOCIDO,1,0
480,MACETERO GRAFITO MODELO CURITIBA 19CM ALTO,GENERICO,13990,Sodimac,18-02-2026,19CM,DESCONOCIDO,1,0
481,MACETERO DE CEMENTO 10.6X10.6 GRIS,POTTERY,3290,Sodimac,18-02-2026,10.6X10.6,CEMENTICIO,1,0
482,MACETERO DENVER DE PLASTICO 22X20 CM PLOMO,JUST HOME COLLECTION,7990,Sodimac,18-02-2026,22X20,PLASTICO,1,0
483,MACETERO DE PARED - MINIMALISTA NEGRO,GENERICO,9000,Sodimac,18-02-2026,SIN MEDIDAS,DESCONOCIDO,1,0
484,PACK DE 10 JACINTOS DE AGUA CAMALOTE O LIRIO DE AGUA,GROW SWEET,28900,Sodimac,18-02-2026,SIN MEDIDAS,DESCONOCIDO,10,1
485,MACETERO CUADRADO CON RUEDAS 40 CM CAFE,INNOVAPLAST,9990,Construmart,18-02-2026,40CM,DESCONOCIDO,1,0
486,MACETERO REDONDO CON RUEDAS 40 CM BLANCO,INNOVAPLAST,9990,Construmart,18-02-2026,40CM,DESCONOCIDO,1,0
487,MACETERO PLASTICO MUNA GRANDE 43 CM GRIS,POTTERY,29990,Construmart,18-02-2026,43CM,PLASTICO,1,0
488,MACETERO REDONDO CON RUEDAS 40 CM CAFE,INNOVAPLAST,9990,Construmart,18-02-2026,40CM,DESCONOCIDO,1,0
489,MACETERO REDONDO CON RUEDAS 40 CM BEIGE,INNOVAPLAST,9990,Construmart,18-02-2026,40CM,DESCONOCIDO,1,0
490,MACETERO CUADRADO CON RUEDAS 40 CM BLANCO,INNOVAPLAST,9990,Construmart,18-02-2026,40CM,DESCONOCIDO,1,0
491,MACETERO CERAMICA PATRONES BEIGE L,PROJAÜS,8990,Construmart,18-02-2026,L,CERAMICA,1,0
492,MACETERO PLASTICO REDONDO DURAKOTTA 46 CM TERRACOTA,REYPLAST,8390,Construmart,18-02-2026,46CM,PLASTICO,1,0
493,JARDINERA BALCON PLASTICA DOBLE ROJO,GENERICO,4990,Construmart,18-02-2026,SIN MEDIDAS,PLASTICO,1,0
494,JARDINERA BALCON PLASTICA DOBLE VERDE,GENERICO,4990,Construmart,18-02-2026,SIN MEDIDAS,PLASTICO,1,0
495,JARDINERA BALCON PLASTICA SIMPLE VERDE,GENERICO,2990,Construmart,18-02-2026,SIN MEDIDAS,PLASTICO,1,0
496,MACETERO CEMENTO TRADICIONAL M,PROJAÜS,19990,Construmart,18-02-2026,M,CEMENTICIO,1,0
497,MACETERO CERAMICA BLANCO/FLORES M,GENERICO,8390,Construmart,18-02-2026,M,CERAMICA,1,0
498,MACETERO CERAMICA BLANCO/VERDE S,GENERICO,7390,Construmart,18-02-2026,S,CERAMICA,1,0
499,MACETERO CERAMICA PATRONES GRIS M,PROJAÜS,7990,Construmart,18-02-2026,M,CERAMICA,1,0
500,MACETERO CUADRADO CON RUEDAS 40 CM BEIGE,INNOVAPLAST,9990,Construmart,18-02-2026,40CM,DESCONOCIDO,1,0
501,MACETERO PLASTICO ESTILO PIEDRA REDONDO 18 CM TAUPE,REYPLAST,3160,Construmart,18-02-2026,18CM,PLASTICO,1,0
502,MACETERO PLASTICO MUNA GRANDE 53 CM ARENA,POTTERY,49990,Construmart,18-02-2026,53CM,PLASTICO,1,0
503,MACETERO PLASTICO MUNA GRANDE 53 CM GRAFITO,POTTERY,49990,Construmart,18-02-2026,53CM,PLASTICO,1,0
504,MACETERO PLASTICO RATAN 25 CM CAFE,REYPLAST,5280,Construmart,18-02-2026,25CM,PLASTICO,1,0
505,MACETERO PLASTICO RECTANGULAR DURAKOTTA 46 CM TERRACOTA,REYPLAST,2990,Construmart,18-02-2026,46CM,PLASTICO,1,0
506,MACETERO PLASTICO RECTANGULAR DURAKOTTA 61 CM TERRACOTA,REYPLAST,3990,Construmart,18-02-2026,61CM,PLASTICO,1,0
507,MACETERO PLASTICO REDONDO DURAKOTTA 17 CM TERRACOTA,REYPLAST,690,Construmart,18-02-2026,17CM,PLASTICO,1,0
508,MACETERO PLASTICO REDONDO DURAKOTTA 28 CM TERRACOTA,REYPLAST,2990,Construmart,18-02-2026,28CM,PLASTICO,1,0
509,MACETERO PLASTICO REDONDO DURAKOTTA 34 CM TERRACOTA,REYPLAST,4990,Construmart,18-02-2026,34CM,PLASTICO,1,0
510,MACETERO AUTORREGANTE 21 X 19 CM TAUPE,VITALY,3160,Construmart,18-02-2026,21X19,DESCONOCIDO,1,0
511,MACETERO AUTORREGANTE 23 X 21 CM TAUPE,VITALY,4190,Construmart,18-02-2026,23X21,DESCONOCIDO,1,0
512,MACETERO AUTORREGANTE 19 X 17 CM CAFE,VITALY,2090,Construmart,18-02-2026,19X17,DESCONOCIDO,1,0
513,MACETERO AUTORREGANTE 23 X19 CM CAFE,VITALY,4190,Construmart,18-02-2026,23X19,DESCONOCIDO,1,0
514,MACETERO LISO 25 X 21 CM CAFE,VITALY,2090,Construmart,18-02-2026,25X21,DESCONOCIDO,1,0
515,MACETERO CUADRADO CON RUEDAS 30 CM BLANCO,INNOVAPLAST,6990,Construmart,18-02-2026,30CM,DESCONOCIDO,1,0
516,MACETERO AUTORREGANTE 21 X 19 CM BEIGE,VITALY,3160,Construmart,18-02-2026,21X19,DESCONOCIDO,1,0
517,JARDINERA BALCON PLASTICA DOBLE MARFIL,GENERICO,4990,Construmart,18-02-2026,SIN MEDIDAS,PLASTICO,1,0
518,MACETERO BALCON NEW GRIS,INNOVAPLAST,4990,Construmart,18-02-2026,SIN MEDIDAS,DESCONOCIDO,1,0
519,MACETERO BALCON NEW TERRACOTA,INNOVAPLAST,4990,Construmart,18-02-2026,SIN MEDIDAS,DESCONOCIDO,1,0
520,MACETERO CERAMICA CAFE M,GENERICO,3990,Construmart,18-02-2026,M,CERAMICA,1,0
521,MACETERO CERAMICA PATRONES ROSADO L,PROJAÜS,9990,Construmart,18-02-2026,L,CERAMICA,1,0
522,MACETERO CERAMICA PATRONES ROSADO M,PROJAÜS,13690,Construmart,18-02-2026,M,CERAMICA,1,0
523,MACETERO PLASTICO MUNA GRANDE 43 CM ARENA,POTTERY,29990,Construmart,18-02-2026,43CM,PLASTICO,1,0
524,MACETERO PLASTICO RECTANGULAR DURAKOTTA 46 CM VERDE,REYPLAST,2990,Construmart,18-02-2026,46CM,PLASTICO,1,0
525,MACETERO PLASTICO REDONDO DURAKOTTA 40 CM TERRACOTA,REYPLAST,6290,Construmart,18-02-2026,40CM,PLASTICO,1,0
526,MACETERO PLASTICO REDONDO DURAKOTTA 40 CM VERDE,REYPLAST,7990,Construmart,18-02-2026,40CM,PLASTICO,1,0
527,MACETERO AUTORREGANTE 19 X17 CM BEIGE,VITALY,2090,Construmart,18-02-2026,19X17,DESCONOCIDO,1,0
528,MACETERO LISO 30 X 26 CM CAFE,VITALY,2990,Construmart,18-02-2026,30X26,DESCONOCIDO,1,0
529,MACETERO LUJO 55 X 43 CM CAFE,VITALY,12690,Construmart,18-02-2026,55X43,DESCONOCIDO,1,0
530,JARDINERA BALCON PLASTICA SIMPLE MARFIL,GENERICO,3990,Construmart,18-02-2026,SIN MEDIDAS,PLASTICO,1,0
531,JARDINERA BALCON PLASTICA SIMPLE ROJO,GENERICO,2990,Construmart,18-02-2026,SIN MEDIDAS,PLASTICO,1,0
532,JARDINERA RECTANGULAR REJA 45 CM TERRACOTA,HUMBER,8990,Construmart,18-02-2026,45CM,DESCONOCIDO,1,0
533,MACETERO CEMENTO TRADICIONAL L,PROJAÜS,29990,Construmart,18-02-2026,L,CEMENTICIO,1,0
534,MACETERO CEMENTO TRADICIONAL S,PROJAÜS,12990,Construmart,18-02-2026,S,CEMENTICIO,1,0
535,BERGEN 40X40 (PORTA MACETERO CERAMICA XL),,69990,Plantme,18-02-2026,40X40,CERAMICA,1,0
536,BANGKOK GRAFITO 75 (MACETERO FIBERCLAY),,149990,Plantme,18-02-2026,SIN MEDIDAS,CEMENTICIO,1,0
537,MADRID 40 AZUL (MACETERO PLASTICO RECICLADO XL),,44990,Plantme,18-02-2026,XL,PLASTICO,1,0
538,HONG KONG VERDE 54 (MACETERO FIBERCLAY),,54990,Plantme,18-02-2026,SIN MEDIDAS,CEMENTICIO,1,0
539,PACK TANTA (3 MACETEROS DE FIBRA DE ARCILLA),,127478,Plantme,18-02-2026,SIN MEDIDAS,CERAMICA,3,1
540,PHUKET XL 34X20 (MACETERO FIBRA DE ARCILLA),,34990,Plantme,18-02-2026,34X20,CERAMICA,1,0
541,MADRID 19 GRAFITO (MACETERO PLASTICO RECICLADO M),,9990,Plantme,18-02-2026,M,PLASTICO,1,0
542,"MADRID 26,5 GRAFITO (MACETERO PLASTICO RECICLADO L)",,19990,Plantme,18-02-2026,L,PLASTICO,1,0
543,BERGEN 20X20 (PORTA MACETERO CERAMICA M),,26990,Plantme,18-02-2026,20X20,CERAMICA,1,0
544,PHUKET XXL 44X26 (MACETERO FIBRA DE ARCILLA),,44990,Plantme,18-02-2026,44X26,CERAMICA,1,0
545,PHUKET XXXL 55X33 (MACETERO FIBRA DE ARCILLA),,54990,Plantme,18-02-2026,55X33,CERAMICA,1,0
546,KO SAMUI L 24X24 (MACETERO FIBRA DE ARCILLA),,24990,Plantme,18-02-2026,24X24,CERAMICA,1,0
547,KO SAMUI XL 33X33 (MACETERO FIBRA DE ARCILLA),,34990,Plantme,18-02-2026,33X33,CERAMICA,1,0
548,KO SAMUI XXL 43X43 (MACETERO FIBRA DE ARCILLA),,49990,Plantme,18-02-2026,43X43,CERAMICA,1,0
549,KO SAMUI XXXL 53X53 (MACETERO FIBRA DE ARCILLA),,64990,Plantme,18-02-2026,53X53,CERAMICA,1,0
550,BERGEN 27X27 (PORTA MACETERO CERAMICA L),,39990,Plantme,18-02-2026,27X27,CERAMICA,1,0
551,PACK CAIRO (3 MACETEROS DE FIBRA DE VIDRIO),,149978,Plantme,18-02-2026,SIN MEDIDAS,VIDRIO,3,1
552,PACK MARRUECOS BLANCO (3 MACETEROS DE FIBRA DE ARCILLA),,134978,Plantme,18-02-2026,SIN MEDIDAS,CERAMICA,3,1
553,CAIRO 34X34 BLANCO (MACETERO DE FIBRA DE VIDRIO L),,27492,Plantme,18-02-2026,34X34,VIDRIO,1,0
554,NORDICO NEGRO L (MACETERO DE CERAMICA),,44990,Plantme,18-02-2026,L,CERAMICA,1,0
555,NORDICO NEGRO XL (MACETERO DE CERAMICA),,79990,Plantme,18-02-2026,XL,CERAMICA,1,0
556,CAIRO 40X39 BLANCO (MACETERO DE FIBRA DE VIDRIO XL),,32492,Plantme,18-02-2026,40X39,VIDRIO,1,0
557,DINAMARCA 16X14 BLANCO (MACETERO PORCELANA S),,18990,Plantme,18-02-2026,16X14,CERAMICA,1,0
558,TANTA 34X31 BLANCO (MACETERO FIBRA DE ARCILLA L),,49990,Plantme,18-02-2026,34X31,CERAMICA,1,0
559,NUSA L (CANASTO DE FIBRA NATURAL),,16990,Plantme,18-02-2026,L,NATURAL,1,0
560,HONG KONG VERDE 32 (MACETERO FIBERCLAY),,29990,Plantme,18-02-2026,SIN MEDIDAS,CEMENTICIO,1,0
561,HONG KONG VERDE 42 (MACETERO FIBERCLAY),,44990,Plantme,18-02-2026,SIN MEDIDAS,CEMENTICIO,1,0
562,BANGKOK GRAFITO 62 (MACETERO FIBERCLAY),,124990,Plantme,18-02-2026,SIN MEDIDAS,CEMENTICIO,1,0
563,"SANTORINI NEGRO (CANASTO DE FIBRA NATURAL), XL",,24990,Plantme,18-02-2026,XL,NATURAL,1,0
564,"KENIA VERDE (CANASTO DE FIBRA NATURAL), L",,14990,Plantme,18-02-2026,L,NATURAL,1,0
565,MURCIA 27 GRIS OSCURO (MACETERO COLGANTE PLASTICO RECICLADO),,12990,Plantme,18-02-2026,SIN MEDIDAS,PLASTICO,1,0
566,PACK DE ZURICH VERDES (MACETERO DE CERAMICA),,14990,Plantme,18-02-2026,SIN MEDIDAS,CERAMICA,1,0
567,PACK DE ZURICH BLANCOS (MACETERO DE CERAMICA),,14990,Plantme,18-02-2026,SIN MEDIDAS,CERAMICA,1,0
568,"SANTORINI NEGRO (CANASTO DE FIBRA NATURAL), L",,14990,Plantme,18-02-2026,L,NATURAL,1,0
569,"KENIA NEGRO (CANASTO DE FIBRA NATURAL), L",,14990,Plantme,18-02-2026,L,NATURAL,1,0
570,"KRABI (CANASTO DE FIBRA NATURAL), XL",,29990,Plantme,18-02-2026,XL,NATURAL,1,0
571,"KRABI (CANASTO DE FIBRA NATURAL), L",,19990,Plantme,18-02-2026,L,NATURAL,1,0
572,"SANTORINI BLANCO (CANASTO DE FIBRA NATURAL), L",,14990,Plantme,18-02-2026,L,NATURAL,1,0
573,"PHUKET (CANASTO DE FIBRA NATURAL), XL",,24990,Plantme,18-02-2026,XL,NATURAL,1,0
574,"PHUKET (CANASTO DE FIBRA NATURAL), L",,14990,Plantme,18-02-2026,L,NATURAL,1,0
575,"MAR (CANASTO DE FIBRA NATURAL), L",,14990,Plantme,18-02-2026,L,NATURAL,1,0
576,"MAR (CANASTO DE FIBRA NATURAL), XL",,24990,Plantme,18-02-2026,XL,NATURAL,1,0
577,"SANTORINI BLANCO (CANASTO DE FIBRA NATURAL), XL",,24990,Plantme,18-02-2026,XL,NATURAL,1,0
578,"SIMBA (CANASTO DE FIBRA NATURAL), XL",,24990,Plantme,18-02-2026,XL,NATURAL,1,0
579,"KENIA NEGRO (CANASTO DE FIBRA NATURAL), XL",,24990,Plantme,18-02-2026,XL,NATURAL,1,0
580,MADRID 13 BLANCO (MACETERO PLASTICO RECICLADO S),,6990,Plantme,18-02-2026,S,PLASTICO,1,0
581,MADRID 13 AZUL (MACETERO PLASTICO RECICLADO S),,6990,Plantme,18-02-2026,S,PLASTICO,1,0
582,MADRID 13 GRAFITO (MACETERO PLASTICO RECICLADO S),,6990,Plantme,18-02-2026,S,PLASTICO,1,0
583,MADRID 19 AZUL (MACETERO PLASTICO RECICLADO M),,9990,Plantme,18-02-2026,M,PLASTICO,1,0
584,MADRID 19 BLANCO (MACETERO PLASTICO RECICLADO M),,9990,Plantme,18-02-2026,M,PLASTICO,1,0
585,MADRID 40 GRAFITO (MACETERO PLASTICO RECICLADO XL),,44990,Plantme,18-02-2026,XL,PLASTICO,1,0
586,CADIZ 13 GRIS (MACETERO PLASTICO RECICLADO ORQUIDEA),,6990,Plantme,18-02-2026,SIN MEDIDAS,PLASTICO,1,0
587,"MALAGA 13,5 COLOR PIEDRA (MACETERO COLGANTE ORQUIDEA)",,7990,Plantme,18-02-2026,SIN MEDIDAS,DESCONOCIDO,1,0
588,"KENIA VERDE (CANASTO DE FIBRA NATURAL), XL",,24990,Plantme,18-02-2026,XL,NATURAL,1,0
589,"SIMBA (CANASTO DE FIBRA NATURAL), L",,14990,Plantme,18-02-2026,L,NATURAL,1,0
590,"BALU (CANASTO DE FIBRA NATURAL), L",,14990,Plantme,18-02-2026,L,NATURAL,1,0
591,"BIGOTES (CANASTO DE FIBRA NATURAL), L",,14990,Plantme,18-02-2026,L,NATURAL,1,0
592,MARRUECOS 50X40 GRIS (MACETERO FIBRA DE ARCILLA XXL),,69990,Plantme,18-02-2026,50X40,CERAMICA,1,0
593,ASUAN 35 (FIBRA DE ARCILLA),,54990,Plantme,18-02-2026,SIN MEDIDAS,CERAMICA,1,0
594,BALI L (CANASTO DE FIBRA NATURAL),,14990,Plantme,18-02-2026,L,NATURAL,1,0
595,DINAMARCA 16X14 GRIS (MACETERO PORCELANA S),,18990,Plantme,18-02-2026,16X14,CERAMICA,1,0
596,NUSA XL (CANASTO DE FIBRA NATURAL),,26990,Plantme,18-02-2026,XL,NATURAL,1,0
597,LUXOR 31 (FIBRA DE ARCILLA),,49990,Plantme,18-02-2026,SIN MEDIDAS,CERAMICA,1,0
598,TANTA 40X35 BLANCO (MACETERO FIBRA DE ARCILLA XL),,59990,Plantme,18-02-2026,40X35,CERAMICA,1,0
599,PACK DINAMARCA GRIS (MACETEROS DE PORCELANA),,80970,Plantme,18-02-2026,SIN MEDIDAS,CERAMICA,1,0
600,BALI XL (CANASTO DE FIBRA NATURAL),,24990,Plantme,18-02-2026,XL,NATURAL,1,0
601,PACK MARRUECOS GRIS (3 MACETEROS DE FIBRA DE ARCILLA),,134978,Plantme,18-02-2026,SIN MEDIDAS,CERAMICA,3,1
602,PACK DINAMARCA BLANCO (3 MACETEROS DE PORCELANA),,80970,Plantme,18-02-2026,SIN MEDIDAS,CERAMICA,3,1
603,AMALFI 22X26 (MACETERO FIBRA DE ARCILLA) L,,34990,Plantme,18-02-2026,22X26,CERAMICA,1,0
604,DANES M NEGRO (PORTA MACETERO DE CERAMICA),,21990,Plantme,18-02-2026,M,CERAMICA,1,0
605,DANES M GRIS (PORTA MACETERO DE CERAMICA),,21990,Plantme,18-02-2026,M,CERAMICA,1,0
606,DANES M BLANCO (PORTA MACETERO DE CERAMICA),,21990,Plantme,18-02-2026,M,CERAMICA,1,0
607,PACK BERGEN (3 PORTA MACETEROS DE CERAMICA),,102728,Plantme,18-02-2026,SIN MEDIDAS,CERAMICA,1,0
608,OSLO 40X40 AZUL (PORTA MACETERO CERAMICA XL),,48993,Plantme,18-02-2026,40X40,CERAMICA,1,0
609,OSLO 20X20 AZUL (PORTA MACETERO CERAMICA M),,18893,Plantme,18-02-2026,20X20,CERAMICA,1,0
610,OSLO 27X27 AZUL (PORTA MACETERO CERAMICA L),,27993,Plantme,18-02-2026,27X27,CERAMICA,1,0
611,PACK OSLO (3 MACETEROS DE CERAMICA),,95879,Plantme,18-02-2026,SIN MEDIDAS,CERAMICA,3,1
612,AMALFI 43X49 (MACETERO FIBRA DE ARCILLA XXL),,79990,Plantme,18-02-2026,43X49,CERAMICA,1,0
613,MADRID 40 BLANCO (MACETERO PLASTICO RECICLADO XL),,44990,Plantme,18-02-2026,XL,PLASTICO,1,0
614,"MADRID 26,5 BLANCO (MACETERO PLASTICO RECICLADO L)",,24990,Plantme,18-02-2026,L,PLASTICO,1,0
615,"MACETERO, JACINTO DE AGUA, 12 CM",FRIDFULL,4990,Ikea,18-02-2026,12CM,DESCONOCIDO,1,0
616,"MACETERO, DORADO, 9 CM",DAIDAI,990,Ikea,18-02-2026,9CM,DESCONOCIDO,1,0
617,"MACETERO, BLANCO, 24 CM",SOJABÖNA,9990,Ikea,18-02-2026,24CM,DESCONOCIDO,1,0
618,"MACETERO, INTERIOR/EXTERIOR GRIS, 24 CM",NYPON,9990,Ikea,18-02-2026,24CM,DESCONOCIDO,1,0
619,"MACETERO, JACINTO DE AGUA, 24 CM",FRIDFULL,19990,Ikea,18-02-2026,24CM,DESCONOCIDO,1,0
620,"MACETERO, GRIS, 15 CM",GRADVIS,6990,Ikea,18-02-2026,15CM,DESCONOCIDO,1,0
621,"MACETERO, VERDE OSCURO, 12 CM",DAKSJUS,5990,Ikea,18-02-2026,12CM,DESCONOCIDO,1,0
622,"MACETERO, BLANCO, 32X15 CM",BITTERGURKA,12990,Ikea,18-02-2026,32X15,DESCONOCIDO,1,0
623,"MACETERO, INTERIOR/EXTERIOR BLANCO, 9 CM",FÖRENLIG,1490,Ikea,18-02-2026,9CM,DESCONOCIDO,1,0
624,"MACETERO COLGANTE, INTERIOR/EXTERIOR BLANCO, 12 CM",CHILISTRÅN,9990,Ikea,18-02-2026,12CM,DESCONOCIDO,1,0
625,"MACETERO, INTERIOR/EXTERIOR COLOR HUESO, 12 CM",SESAMFRÖN,5990,Ikea,18-02-2026,12CM,DESCONOCIDO,1,0
626,"MACETERO, GRIS OSC, 19 CM",PERSILLADE,12990,Ikea,18-02-2026,19CM,DESCONOCIDO,1,0
627,"MACETERO, INTERIOR/EXTERIOR/VERDE, 19 CM",HONUNGSPALM,18990,Ikea,18-02-2026,19CM,DESCONOCIDO,1,0
628,"MACETERO, INTERIOR/EXTERIOR/VERDE/CAFE, 15 CM",HASSELBUKETT,12990,Ikea,18-02-2026,15CM,DESCONOCIDO,1,0
629,"MACETERO CON PLATO, INTERIOR/EXTERIOR TERRACOTA, 15 CM",MUSKOTBLOMMA,6990,Ikea,18-02-2026,15CM,DESCONOCIDO,1,0
630,"MACETERO, INTERIOR/EXTERIOR/GRIS OSCURO, 24 CM",CITRONMELISS,9990,Ikea,18-02-2026,24CM,DESCONOCIDO,1,0
631,"MACETERO, GALVANIZADO, 9 CM",BINTJE,790,Ikea,18-02-2026,9CM,DESCONOCIDO,1,0
632,"MACETERO, MENTA, 15 CM",DAKSJUS,9990,Ikea,18-02-2026,15CM,DESCONOCIDO,1,0
633,"MACETERO, INTERIOR/EXTERIOR/GALVANIZADO, 12 CM",ÅKERBÄR,990,Ikea,18-02-2026,12CM,DESCONOCIDO,1,0
634,"MACETERO, BEIGE, 6 CM",KÖRSBÄRSBJÖRK,1390,Ikea,18-02-2026,6CM,DESCONOCIDO,1,0
635,"MACETERO, INTERIOR/EXTERIOR/OCRE, 12 CM",HASSELBUKETT,6990,Ikea,18-02-2026,12CM,DESCONOCIDO,1,0
636,"MACETERO, INTERIOR/EXTERIOR/BEIGE, 12 CM",BUSKKAPRIFOL,6990,Ikea,18-02-2026,12CM,DESCONOCIDO,1,0
637,"MACETERO, INTERIOR/EXTERIOR GRIS OSC/BEIGE, 24 CM",RÅGKORN,24990,Ikea,18-02-2026,24CM,DESCONOCIDO,1,0
638,"MACETERO, BLANCO, 12 CM",SOJABÖNA,2990,Ikea,18-02-2026,12CM,DESCONOCIDO,1,0
639,"MACETERO, BEIGE, 19 CM",PERSILLADE,12990,Ikea,18-02-2026,19CM,DESCONOCIDO,1,0
640,"MACETERO, BLANCO, 15 CM",SOJABÖNA,4990,Ikea,18-02-2026,15CM,DESCONOCIDO,1,0
641,"MACETERO CON PLATO, INTERIOR/EXTERIOR CAFE, 15 CM",KLARBÄR,9990,Ikea,18-02-2026,15CM,DESCONOCIDO,1,0
642,"MACETERO, BEIGE, 12 CM",PERSILLADE,3990,Ikea,18-02-2026,12CM,DESCONOCIDO,1,0
643,"MACETERO, INTERIOR/EXTERIOR/CAFE, 12 CM",HONUNGSPALM,6990,Ikea,18-02-2026,12CM,DESCONOCIDO,1,0
644,"MACETERO, INTERIOR/EXTERIOR/AZUL, 12 CM",FJÄRILSBUSKE,6990,Ikea,18-02-2026,12CM,DESCONOCIDO,1,0
645,"MACETERO CON PLATO, INTERIOR/EXTERIOR/PETROLEO, 6 CM",KLOTLÖNN,3990,Ikea,18-02-2026,6CM,DESCONOCIDO,1,0
646,"MACETERO, INTERIOR/EXTERIOR/BEIGE, 9 CM",HONUNGSPALM,4990,Ikea,18-02-2026,9CM,DESCONOCIDO,1,0
647,"MACETERO, INTERIOR/EXTERIOR/SEPIA, 12 CM",GRADVIS,7990,Ikea,18-02-2026,12CM,DESCONOCIDO,1,0
648,"MACETERO CON AUTORRIEGO, INTERIOR/EXTERIOR TRANSPARENTE/GRIS OSCURO, 12 CM",VÅRDTRÄD,3990,Ikea,18-02-2026,12CM,DESCONOCIDO,1,0
649,"MACETERO, INTERIOR/EXTERIOR/BEIGE, 19 CM",SANDKÖRSBÄR,18990,Ikea,18-02-2026,19CM,DESCONOCIDO,1,0
650,"MACETERO, INTERIOR/EXTERIOR/COLOR HUESO, 9 CM",KVASTSPIREA,2490,Ikea,18-02-2026,9CM,DESCONOCIDO,1,0
651,"MACETERO CON PLATO, INTERIOR/EXTERIOR/GRIS, 9 CM",KLOTLÖNN,4990,Ikea,18-02-2026,9CM,DESCONOCIDO,1,0
652,"MACETERO, INTERIOR/EXTERIOR/SEPIA, 9 CM",GRADVIS,4990,Ikea,18-02-2026,9CM,DESCONOCIDO,1,0
653,"MACETERO, INTERIOR/EXTERIOR/GRIS, 9 CM",BUSKKAPRIFOL,4990,Ikea,18-02-2026,9CM,DESCONOCIDO,1,0
654,"MACETERO CON AUTORRIEGO, INTERIOR/EXTERIOR TRANSPARENTE/GRIS OSCURO, 24 CM",VÅRDTRÄD,14990,Ikea,18-02-2026,24CM,DESCONOCIDO,1,0
655,"MACETERO, INTERIOR/EXTERIOR/BLANCO, 15 CM",AMBRARÖNN,12990,Ikea,18-02-2026,15CM,DESCONOCIDO,1,0
656,"MACETERO, HECHO A MANO BAMBU, 9 CM",KLYNNON,4990,Ikea,18-02-2026,9CM,NATURAL,1,0
657,"MACETERO, INTERIOR/EXTERIOR/COLOR HUESO, 12 CM",KVASTSPIREA,3990,Ikea,18-02-2026,12CM,DESCONOCIDO,1,0
658,"MACETERO CON AUTORRIEGO, INTERIOR/EXTERIOR TRANSPARENTE/GRIS OSCURO, 15 CM",VÅRDTRÄD,6990,Ikea,18-02-2026,15CM,DESCONOCIDO,1,0
659,"MACETERO, INTERIOR/EXTERIOR GRIS, 9 CM",SKOGSVINBÄR,2990,Ikea,18-02-2026,9CM,DESCONOCIDO,1,0
660,"MACETERO, INTERIOR/EXTERIOR AZUL OSCURO, 32 CM",ÅKERBÄR,14990,Ikea,18-02-2026,32CM,DESCONOCIDO,1,0
661,"MACETERO, RATAN, 12 CM",KAKTUSFIKON,5990,Ikea,18-02-2026,12CM,NATURAL,1,0
662,"MACETERO, FIBRAS DE PLATANO HECHO A MANO, 32 CM",TÖRNBÄR,49990,Ikea,18-02-2026,32CM,DESCONOCIDO,1,0
663,"MACETERO, GRIS EXT, 89X38 CM",ASPAREN,49990,Ikea,18-02-2026,89X38,DESCONOCIDO,1,0
664,"MACETERO, INTERIOR/EXTERIOR CAFE, 24 CM",FLODBJÖRK,24990,Ikea,18-02-2026,24CM,DESCONOCIDO,1,0
665,"MACETERO, EXT TERRACOTA, 26 CM",CURRYBLAD,14990,Ikea,18-02-2026,26CM,DESCONOCIDO,1,0
666,"MACETERO COLGANTE, INTERIOR/EXTERIOR AZUL OSCURO, 27 CM",ÅKERBÄR,9990,Ikea,18-02-2026,27CM,DESCONOCIDO,1,0
667,"JARDINERA, EXT ACACIA, 75X27 CM",STJÄRNANIS,34990,Ikea,18-02-2026,75X27,DESCONOCIDO,1,0
668,"MACETERO, INTERIOR/EXTERIOR/TAUPE, 24 CM",FRÄKENVÄXT,5990,Ikea,18-02-2026,24CM,DESCONOCIDO,1,0
669,"MACETERO, AMARILLO PASTEL, 15 CM",SOJABÖNA,4990,Ikea,18-02-2026,15CM,DESCONOCIDO,1,0
670,"MACETERO, INTERIOR/EXTERIOR GRIS OSC, 32 CM",BJÖRNBAMBU,29990,Ikea,18-02-2026,32CM,DESCONOCIDO,1,0
671,"MACETERO, INTERIOR/EXTERIOR/TURQUESA, 24 CM",VITLÖK,7990,Ikea,18-02-2026,24CM,DESCONOCIDO,1,0
672,SUSTRATO PARA MACETAS 7 L,,4990,Casa ideas,18-02-2026,7L,DESCONOCIDO,1,0
673,MACETA TEXTURADA CON CACTUS,,2990,Casa ideas,18-02-2026,SIN MEDIDAS,DESCONOCIDO,1,0
674,MACETA METALICA 16X15 CM,,2090,Casa ideas,18-02-2026,16X15,DESCONOCIDO,1,0
675,MACETA DE VIDRIO CON CACTUS,,2990,Casa ideas,18-02-2026,SIN MEDIDAS,VIDRIO,1,0
676,"MACETA TERRACOTA CACTUS 15,5X21 CM",,7190,Casa ideas,18-02-2026,"15,5X21",DESCONOCIDO,1,0
677,MACETA CON FLOR ALTA ORQUIDEA,,9590,Casa ideas,18-02-2026,SIN MEDIDAS,DESCONOCIDO,1,0
678,MACETA DE CERAMICA CON CACTUS,,7790,Casa ideas,18-02-2026,SIN MEDIDAS,CERAMICA,1,0
679,CACTUS CON MACETA 7X9.5 CM,,2390,Casa ideas,18-02-2026,7X9.5,DESCONOCIDO,1,0
680,MACETA REDONDA CON CACTUS DECORATIVO,,2690,Casa ideas,18-02-2026,SIN MEDIDAS,DESCONOCIDO,1,0
681,CACTUS CON MACETA 27X40 CM,,11390,Casa ideas,18-02-2026,27X40,DESCONOCIDO,1,0
682,MACETA DE CERAMICA 9X9.5 CM,,2990,Casa ideas,18-02-2026,9X9.5,CERAMICA,1,0
683,PLANTA CON MACETA 18X34 CM,,8390,Casa ideas,18-02-2026,18X34,DESCONOCIDO,1,0
684,CACTUS CON MACETA 12X16 CM,,4790,Casa ideas,18-02-2026,12X16,DESCONOCIDO,1,0
685,MACETA CERAMICA CACTUS DISENO 16X13 CM,,7790,Casa ideas,18-02-2026,16X13,CERAMICA,1,0
686,BASE PARA MACETA DE BAMBU REGULABLE,,12990,Casa ideas,18-02-2026,SIN MEDIDAS,NATURAL,1,0
687,"MACETA PLASTICA CON RUEDAS 46,5X42,5 CM",,22990,Casa ideas,18-02-2026,"46,5X42,5",PLASTICO,1,0
688,MACETA PLASTICA CON RUEDAS 31X15X25 CM,,2690,Casa ideas,18-02-2026,31X15X25,PLASTICO,1,0
689,MACETA PLASTICA CON RUEDAS 37X34 CM,,14990,Casa ideas,18-02-2026,37X34,PLASTICO,1,0
690,SOPORTE PARA MACETA BAMBU 25X40 CM,,12990,Casa ideas,18-02-2026,25X40,NATURAL,1,0
691,SOPORTE PARA MACETA BAMBU 25X60 CM,,14990,Casa ideas,18-02-2026,25X60,NATURAL,1,0
692,PLANTA DECORATIVA CON MACETA 8X17 CM,,2990,Casa ideas,18-02-2026,8X17,DESCONOCIDO,1,0
693,SUCULENTA ALTA CON MACETA 25X43 CM,,8990,Casa ideas,18-02-2026,25X43,DESCONOCIDO,1,0
694,MACETA DE CERAMICA CRUDO 10.5X10.8 CM,,3490,Casa ideas,18-02-2026,10.5X10.8,CERAMICA,1,0
695,MACETA DE CERAMICA CRUDO 13.5X13 CM,,4990,Casa ideas,18-02-2026,13.5X13,CERAMICA,1,0
696,MACETA DE CERAMICA CRUDO 16.8X15.5 CM,,7990,Casa ideas,18-02-2026,16.8X15.5,CERAMICA,1,0
697,MACETA DE CERAMICA CRUDO 18.6X18 CM,,10990,Casa ideas,18-02-2026,18.6X18,CERAMICA,1,0
698,MACETA DE CERAMICA FLOR 16.3X15.3X13.3 CM,,5090,Casa ideas,18-02-2026,16.3X15.3X13.3,CERAMICA,1,0
699,PLATO MACETA DE CERAMICA DIAMETRO 18 CM,,4990,Casa ideas,18-02-2026,18CM,CERAMICA,1,0
700,MACETA DOS TONOS CON CACTUS 8X13 CM,,2390,Casa ideas,18-02-2026,8X13,DESCONOCIDO,1,0
701,PLATO MACETA DE CERAMICA DIAMETRO 14 CM,,2390,Casa ideas,18-02-2026,14CM,CERAMICA,1,0
702,MACETA DE CERAMICA CON PATAS 15X10 CM,,5990,Casa ideas,18-02-2026,15X10,CERAMICA,1,0
703,MACETA DE CERAMICA CON TEXTURA 14X12.4 CM,,4990,Casa ideas,18-02-2026,14X12.4,CERAMICA,1,0
704,MACETA DE CERAMICA CON TEXTURA 19.8X8.7 CM,,8990,Casa ideas,18-02-2026,19.8X8.7,CERAMICA,1,0
705,MACETA DE CERAMICA CON TEXTURA 19.7X17.5 CM,,12990,Casa ideas,18-02-2026,19.7X17.5,CERAMICA,1,0
706,MACETA DE CERAMICA CON TEXTURA 15.7X7 CM,,4990,Casa ideas,18-02-2026,15.7X7,CERAMICA,1,0
707,MACETA DE CERAMICA CON TEXTURA 17.7X14.7 CM,,8990,Casa ideas,18-02-2026,17.7X14.7,CERAMICA,1,0
708,BASE PARA MACETA DE MADERA 40X12 CM,,13990,Casa ideas,18-02-2026,40X12,NATURAL,1,0
709,PORTA MACETA COLGANTE DE FIBRA 18X18 CM,,6590,Casa ideas,18-02-2026,18X18,DESCONOCIDO,1,0
710,BASE PARA MACETA CON RUEDAS DIAMETRO 30X7 CM,,9990,Casa ideas,18-02-2026,30X7,DESCONOCIDO,1,0
711,"MACETA DE VIDRIO CON CACTUS DIAMETRO 6,9X7,9 CM",,2190,Casa ideas,18-02-2026,"6,9X7,9",VIDRIO,1,0
712,"MACETA DE CERAMICA CON DISENO DIAMETRO 14X12,5 CM",,4890,Casa ideas,18-02-2026,"14X12,5",CERAMICA,1,0
713,MACETA DE CERAMICA CON DISENO Y PATAS 13 CM,,4990,Casa ideas,18-02-2026,13CM,CERAMICA,1,0
714,MACETA DE CERAMICA CON DISENO Y PATAS 16 CM,,7990,Casa ideas,18-02-2026,16CM,CERAMICA,1,0
715,MACETA COLGANTE DE FIBRA DE BAMBU 30.2X30.2X13 CM,,10990,Casa ideas,18-02-2026,30.2X30.2X13,NATURAL,1,0
716,SOPORTE PARA MACETA DE FIBRA NATURAL DIAMETRO 30X50 CM,,29390,Casa ideas,18-02-2026,30X50,NATURAL,1,0
717,MACETA DE CERAMICA CON BASE DE BAMBU 21X17 CM,,16990,Casa ideas,18-02-2026,21X17,NATURAL,1,0
718,MACETA DE FIBRA DE BAMBU CON PATAS 9.5X9.8 CM,,2990,Casa ideas,18-02-2026,9.5X9.8,NATURAL,1,0
719,MACETA DE CERAMICA CON BASE DE BAMBU 14X12 CM,,7990,Casa ideas,18-02-2026,14X12,NATURAL,1,0
720,MACETA DE CERAMICA CON BASE DE BAMBU 27X21 CM,,26990,Casa ideas,18-02-2026,27X21,NATURAL,1,0
721,PLATO PARA MACETERO CON FORMA DE FLOR 14 CM,,3990,Casa ideas,18-02-2026,14CM,DESCONOCIDO,1,0
722,PLATO PARA MACETERO CON FORMA DE FLOR 18 CM,,4990,Casa ideas,18-02-2026,18CM,DESCONOCIDO,1,0
723,PLATO PARA MACETERO CON FORMA DE FLOR 24 CM,,6990,Casa ideas,18-02-2026,24CM,DESCONOCIDO,1,0
724,JARDINERA PLASTICA PARA BALCON 59X36X25 CM,,6290,Casa ideas,18-02-2026,59X36X25,PLASTICO,1,0
725,ADORNO DE CERAMICA ANIMAL,,2390,Casa ideas,18-02-2026,SIN MEDIDAS,CERAMICA,1,0
726,TERRARIO DE VIDRIO CON CACTUS 122X12 CM,,5990,Casa ideas,18-02-2026,122X12,VIDRIO,1,0
727,RAMO TELA MIXTO,,5490,Casa ideas,18-02-2026,SIN MEDIDAS,DESCONOCIDO,1,0
728,SET DE ADORNO NATURAL L,,6990,Casa ideas,18-02-2026,L,DESCONOCIDO,1,0
729,PIEDRAS DECORATIVAS DE VIDRIO,,890,Casa ideas,18-02-2026,SIN MEDIDAS,VIDRIO,1,0
730,RAMO SECO DE SETARIA ROJA,,4790,Casa ideas,18-02-2026,SIN MEDIDAS,DESCONOCIDO,1,0
731,FLORERO CILINDRICO 10X20 CM,,5290,Casa ideas,18-02-2026,10X20,DESCONOCIDO,1,0
732,FLORERO BAJO DE VIDRIO DIAMETRO 19X17 CM,,7990,Casa ideas,18-02-2026,19X17,VIDRIO,1,0
733,FLORERO DE CERAMICA CON DISENO,,10190,Casa ideas,18-02-2026,SIN MEDIDAS,CERAMICA,1,0
734,FLORERO CONICO VIDRIO 15X15X25 CM,,7990,Casa ideas,18-02-2026,15X15X25,VIDRIO,1,0
735,TERRARIO DE VIDRIO CON CACTUS 13X12 CM,,3590,Casa ideas,18-02-2026,13X12,VIDRIO,1,0
736,"FLORERO LARGO DE VIDRIO DIAMETRO 8,5X25 CM",,4990,Casa ideas,18-02-2026,"8,5X25",VIDRIO,1,0
737,MACETERO 46CM GRAFIATO CONICO KD9952,SAN MARINO,12900,Paris,18-02-2026,46CM,DESCONOCIDO,1,0
738,MACETERO AZUL M,SARAH MILLER,17990,Paris,18-02-2026,M,DESCONOCIDO,1,0
739,MACETERO 60CM GRAFIATO CONICO KD9953,SAN MARINO,18900,Paris,18-02-2026,60CM,DESCONOCIDO,1,0
740,MACETERO MACETA DE CERAMICA BLANCO TEXTURA ACANALADA,FLIPEREX,5990,Paris,18-02-2026,SIN MEDIDAS,CERAMICA,1,0
741,MACETERO COLOR CEMENTO NATURAL RAY 30X40 CM,MACETEROS RAYUN,37990,Paris,18-02-2026,30X40,CEMENTICIO,1,0
742,MACETERO CEMENTO CILINDRO L,DECOGREEN,19990,Paris,18-02-2026,L,CEMENTICIO,1,0
743,MACETERO COBA 52X45 CM XL,MACETEROS RAYUN,69990,Paris,18-02-2026,52X45,DESCONOCIDO,1,0
744,MACETA DECORATIVA BELICE PEQUENA SOPORTE,MALLORCA,10990,Paris,18-02-2026,SIN MEDIDAS,DESCONOCIDO,1,0
745,MACETERO FLORIDIS AMSTERDAM NEGRO 44CM DE ALTO,FLORIDIS,34990,Paris,18-02-2026,44CM,DESCONOCIDO,1,0
746,MACETERO COBA 25X19 CM,MACETEROS RAYUN,24990,Paris,18-02-2026,25X19,DESCONOCIDO,1,0
747,MACETERO 14 CM CAPRI BLANCO OUTZEN,OUTZEN,1490,Paris,18-02-2026,14CM,DESCONOCIDO,1,0
748,MACETERO FLORIDIS AMSTERDAM 65CM DE ALTO,FLORIDIS,45990,Paris,18-02-2026,65CM,DESCONOCIDO,1,0
749,MACETERO AZUL S,SARAH MILLER,13990,Paris,18-02-2026,S,DESCONOCIDO,1,0
750,MACETERO ROTOMOLDEADO MUNA53 GRAFITO MATE (53CMX55CM),POTTERY,69990,Paris,18-02-2026,53CM,DESCONOCIDO,1,0
751,MACETERO MACETA DISENO RAYAS ENVEJECIDO DE PLASTICO BLANCO L,FLIPEREX,19900,Paris,18-02-2026,L,PLASTICO,1,0
752,PORTA MACETERO PEDESTAL MACETA PLANTAS BLANCO DORADO,FLIPEREX,24990,Paris,18-02-2026,SIN MEDIDAS,DESCONOCIDO,1,0
753,MACETERO PLASTICO DISENO EFECTO BARRIL DE MADERA MACETA S,FLIPEREX,11990,Paris,18-02-2026,S,PLASTICO,1,0
754,MACETERO FLORIDIS ZURIQUE NEGRO 34CM CON PLATO,FLORIDIS,35990,Paris,18-02-2026,34CM,DESCONOCIDO,1,0
755,MACETERO MACETA ACABADO CEMENTO RELIEVE HOJAS GRIS M,FLIPEREX,10990,Paris,18-02-2026,M,CEMENTICIO,1,0
756,MACETERO FLORIDIS ZURIQUE BEIGE 34CM CON PLATO,FLORIDIS,35990,Paris,18-02-2026,34CM,DESCONOCIDO,1,0
757,SET 3 MACETEROS MACETA DE CERAMICA COPON BLANCO BRILLANTE,FLIPEREX,34990,Paris,18-02-2026,SIN MEDIDAS,CERAMICA,3,1
758,MACETERO MACETA DE CERAMICA COPON BLANCO BRILLANTE S,FLIPEREX,6990,Paris,18-02-2026,S,CERAMICA,1,0
759,FLORERO MACETERO PORCELANA + PLANTA ARTIFICIAL,EKOL,14990,Paris,18-02-2026,SIN MEDIDAS,CERAMICA,1,0
760,MACETERO 16 CM CAPRI TAUPE,OUTZEN,1990,Paris,18-02-2026,16CM,DESCONOCIDO,1,0
761,MACETERO DECORATIVO DE GATO AMARILLO,PRINTS PATRO,7990,Paris,18-02-2026,SIN MEDIDAS,DESCONOCIDO,1,0
762,MACETERO DE CERAMICA PLANTA ARTIFICIAL MODERNO ROSTRO GRIEGO B,DECODECO,10990,Paris,18-02-2026,SIN MEDIDAS,CERAMICA,1,0
763,MACETERO DE CERAMICA GRIS MATE TEXTURA ACANALADA S,FLIPEREX,5990,Paris,18-02-2026,S,CERAMICA,1,0
764,MACETA DECORATIVA MALAUI OVALADA,MALLORCA,9990,Paris,18-02-2026,SIN MEDIDAS,DESCONOCIDO,1,0
765,MACETA CERAMICA MINIMALISTA,COLATERAL,7500,Paris,18-02-2026,SIN MEDIDAS,CERAMICA,1,0
766,MACETERO LUNA 29X35CM,MACETEROS RAYUN,29990,Paris,18-02-2026,29X35,DESCONOCIDO,1,0
767,MACETERO OCTOGONAL DORADO S,DECOGREEN,10990,Paris,18-02-2026,S,DESCONOCIDO,1,0
768,MACETA MACETERO MOLDE PLASTICO CIRCULAR ESTILO PIEDRA,REYPLAST,16990,Paris,18-02-2026,SIN MEDIDAS,PLASTICO,1,0
769,MACETA DECORATIVA LAUSANNA,MALLORCA,10990,Paris,18-02-2026,SIN MEDIDAS,DESCONOCIDO,1,0
770,MACETERO NEGRO MATE 25X45 CM,MACETEROS RAYUN,52990,Paris,18-02-2026,25X45,DESCONOCIDO,1,0
771,SET 2 MACETEROS OCTOGON S+M,DECOGREEN,28990,Paris,18-02-2026,S,DESCONOCIDO,2,1
772,CANASTOS O MACETEROS DE FIBRAS PARA CANASTOS Y ROPA,BRIC,12990,Paris,18-02-2026,SIN MEDIDAS,DESCONOCIDO,1,0
773,MACETERO PLASTICO REDONDO OVALADO MODERNO CON TEXTURA M,FLIPEREX,8990,Paris,18-02-2026,M,PLASTICO,1,0
774,PORTAMACETERO MOISES,BOHEMIK,22350,Paris,18-02-2026,SIN MEDIDAS,DESCONOCIDO,1,0
775,MACETERO ROTOMOLDEADO BEE27 CREMA (27CMX33CM),POTTERY,16990,Paris,18-02-2026,27CM,DESCONOCIDO,1,0
776,MACETERO GRANDE CIRCCA 36 GRAFITO,POTTERY,22990,Paris,18-02-2026,SIN MEDIDAS,DESCONOCIDO,1,0
777,MACETERO - DISENO PERRO,PRINTS PATRO,4990,Paris,18-02-2026,SIN MEDIDAS,DESCONOCIDO,1,0
778,MACETA COLGANTE MACETERO COLGANTE DE RESINA CANASTO REDONDO V,DECODECO,10990,Paris,18-02-2026,SIN MEDIDAS,DESCONOCIDO,1,0
779,MACETERO DE CERAMICA BLANCO MATE LINEAS DECORATIVAS MACETA S,FLIPEREX,5990,Paris,18-02-2026,S,CERAMICA,1,0
780,MACETERO REDONDO XL COLOR NEGRO,VADELL HOME,119990,Paris,18-02-2026,XL,DESCONOCIDO,1,0
781,MACETA 18 CM CAPRI TAUPE OUTZEN,OUTZEN,2990,Paris,18-02-2026,18CM,DESCONOCIDO,1,0
782,PORTA MACETERO PEDESTAL MACETA PLANTAS NEGRO DORADO,FLIPEREX,24990,Paris,18-02-2026,SIN MEDIDAS,DESCONOCIDO,1,0
783,MACETERO ENLOZADO BLANCO 17X15 DECOGREEN,DECOGREEN,16990,Paris,18-02-2026,17X15,DESCONOCIDO,1,0
784,MACETERO ENLOZADO AZUL 17X15 DECOGREEN,DECOGREEN,16990,Paris,18-02-2026,17X15,DESCONOCIDO,1,0
785,MACETERO MACETA DE CERAMICA COPON BLANCO BRILLANTE M,FLIPEREX,11990,Paris,18-02-2026,M,CERAMICA,1,0
786,MACETERO PEDESTAL MADERA,DECOGREEN,42990,Paris,18-02-2026,SIN MEDIDAS,NATURAL,1,0
787,MACETERO ENLOZADO AZUL 20X18 DECOGREEN,DECOGREEN,19990,Paris,18-02-2026,20X18,DESCONOCIDO,1,0
788,MACETERO DE CERAMICA GRIS MATE TEXTURA ACANALADA M,FLIPEREX,11990,Paris,18-02-2026,M,CERAMICA,1,0
789,MACETERO FLORIDIS AMSTERDAM GRIS CLARO 28CM DE ALTO,FLORIDIS,28990,Paris,18-02-2026,28CM,DESCONOCIDO,1,0
790,SET 2 MACETEROS CON PEDESTAL DORADOS,HOME ESSENTIALS,43990,Paris,18-02-2026,SIN MEDIDAS,DESCONOCIDO,2,1
791,MACETERO MACETA DE CERAMICA ELEGANTE BLANCO LISO BRILLANTE M,FLIPEREX,9900,Paris,18-02-2026,M,CERAMICA,1,0
792,SET 2 MACETEROS ENLOZADOS BLANCOS 17X15 Y 20X18,DECOGREEN,34990,Paris,18-02-2026,17X15,DESCONOCIDO,2,1
793,MACETA COLGANTE MACETERO COLGANTE DE PAJA CESTA PEQUENO,DECODECO,7990,Paris,18-02-2026,SIN MEDIDAS,DESCONOCIDO,1,0
794,MACETERO PLASTICO DISENO EFECTO BARRIL DE MADERA MACETA L,FLIPEREX,16990,Paris,18-02-2026,L,PLASTICO,1,0
795,MACETERO GRANDE NAZCA 40 PLATA,POTTERY,39990,Paris,18-02-2026,SIN MEDIDAS,DESCONOCIDO,1,0
796,MACETERO MACETA DE CERAMICA COPON BLANCO BRILLANTE L,FLIPEREX,18990,Paris,18-02-2026,L,CERAMICA,1,0
797,MACETERO FLORIDIS AMSTERDAM NEGRO 28CM DE ALTO,FLORIDIS,28990,Paris,18-02-2026,28CM,DESCONOCIDO,1,0
798,MACETERO REDONDO ESTILO PIEDRA,BRIC,19990,Paris,18-02-2026,SIN MEDIDAS,DESCONOCIDO,1,0
799,MACETERO CESTO CANASTO MACETA DE MIMBRE PEQUENA 26X18CM,OEM,17990,Paris,18-02-2026,26X18,DESCONOCIDO,1,0
800,MACETERO DECORATIVO DE CERAMICA,CREA TALLER,10990,Paris,18-02-2026,SIN MEDIDAS,CERAMICA,1,0
801,MACETERO DESERT 44X44 CM XL,MACETEROS RAYUN,69990,Paris,18-02-2026,44X44,DESCONOCIDO,1,0
802,PORTA MACETA MACETERO METAL COLGANTE DORADO DISENO NORDICO,REGALITOLINDO,19990,Paris,18-02-2026,SIN MEDIDAS,METAL,1,0
803,MACETERO HUAQUEN GRIS XL,AMOBLÉ,199900,Paris,18-02-2026,XL,DESCONOCIDO,1,0
804,MACETERO FLORIDIS FLORENCIA NEGRO 32CM CON PLATO,FLORIDIS,34990,Paris,18-02-2026,32CM,DESCONOCIDO,1,0
805,MACETERO DE CERAMICA BLANCO MATE LINEAS DECORATIVAS MACETA L,FLIPEREX,16990,Paris,18-02-2026,L,CERAMICA,1,0
806,MACETERO TERRACOTA CILIND L,DECOGREEN,19990,Paris,18-02-2026,L,DESCONOCIDO,1,0
807,MACETERO BANDEJA METALICO,BRIC,49990,Paris,18-02-2026,SIN MEDIDAS,METAL,1,0
808,MACETERO MACETA DE CERAMICA ELEGANTE BLANCO LISO BRILLANTE S,FLIPEREX,5990,Paris,18-02-2026,S,CERAMICA,1,0
809,MACETERO PAJARITO,BRIC,17990,Paris,18-02-2026,SIN MEDIDAS,DESCONOCIDO,1,0
810,MACETERO PLASTICO SEMI ESFERA PREMIUM DISENO A RAYAS M,FLIPEREX,19900,Paris,18-02-2026,M,PLASTICO,1,0
811,MACETERO FLORIDIS AMSTERDAM GRIS CLARO 44CM DE ALTO,FLORIDIS,34990,Paris,18-02-2026,44CM,DESCONOCIDO,1,0
812,PLANTA ARTIFICIAL ORQUIDEA GRANDE MACETERO DE CEMENTO,FLIPEREX,14990,Paris,18-02-2026,SIN MEDIDAS,CEMENTICIO,1,0
813,MACETERO WHITE MATE 30X26 CM,MACETEROS RAYUN,32990,Paris,18-02-2026,30X26,DESCONOCIDO,1,0
814,MACETERO DE MADERA TIPO BARRIL PARA JARDIN TERRAZA PLANTA XS,FLIPEREX,5990,Paris,18-02-2026,SIN MEDIDAS,NATURAL,1,0
815,SET 2 PLANTAS ARTIFICIALES DECORATIVAS MACETERO BICOLOR JHN,RONDON,27990,Paris,18-02-2026,SIN MEDIDAS,DESCONOCIDO,2,1
816,MACETA PLANTAS CACTUS CERAMICA FORMA CARA DECORATIVO LAU,RONDON,27990,Paris,18-02-2026,SIN MEDIDAS,CERAMICA,1,0
817,PEDESTAL PORTA MACETAS METALICO 2 NIVELES COLOR DORADO ENVEJECIDO.,DECOBAZAR,16990,Paris,18-02-2026,SIN MEDIDAS,METAL,1,0
818,SET 3 MACETEROS CEM C S+M+L,DECOGREEN,34990,Paris,18-02-2026,S,DESCONOCIDO,3,1
819,MACETERO JARDINERA CON PLATO,BRIC,14990,Paris,18-02-2026,SIN MEDIDAS,DESCONOCIDO,1,0
820,MACETERO CESTO MACETA DE YUTE TEJIDA RUSTICA CON ASAS M,FLIPEREX,12990,Paris,18-02-2026,M,DESCONOCIDO,1,0
821,MACETERO DE METAL CANASTO CON DISENOS MACETA BALDE 20X12CM N,DECODECO,5990,Paris,18-02-2026,20X12,METAL,1,0
822,MACETERO DESERT 24X24 CM,MACETEROS RAYUN,21990,Paris,18-02-2026,24X24,DESCONOCIDO,1,0
823,MACETERO PLASTICO ALARGADO PREMIUM BASE CIRCULAR CONICA,FLIPEREX,34990,Paris,18-02-2026,SIN MEDIDAS,PLASTICO,1,0
824,MACETERO REDONDO COLOR NEGRO,BRIC,21990,Paris,18-02-2026,SIN MEDIDAS,DESCONOCIDO,1,0
825,MACETERO DE METAL CANASTO CON DISENOS MACETA BALDE METAL B,DECODECO,7490,Paris,18-02-2026,SIN MEDIDAS,METAL,1,0
826,"MACETERO DINAMARCA NEGRO 24, (MACETERO CERAMICA)",PLANTME,34990,Paris,18-02-2026,SIN MEDIDAS,CERAMICA,1,0
827,SET 2 MACETEROS TUBULAR DOR,DECOGREEN,21990,Paris,18-02-2026,SIN MEDIDAS,DESCONOCIDO,2,1
828,MACETERO OCTOGONAL DORADO M,DECOGREEN,19990,Paris,18-02-2026,M,DESCONOCIDO,1,0
829,MACETERO TERRACOTA CILIND M,DECOGREEN,14990,Paris,18-02-2026,M,DESCONOCIDO,1,0
830,MACETERO DANES M NEGRO (PORTA MACETERO DE CERAMICA),PLANTME,21990,Paris,18-02-2026,M,CERAMICA,1,0
831,MACETERO DE BAMBU,BRIC,6990,Paris,18-02-2026,SIN MEDIDAS,NATURAL,1,0
832,MOLDE MACETA MACETERO CIRCULAR PLASTICO RATAN,REYPLAST,13990,Paris,18-02-2026,SIN MEDIDAS,PLASTICO,1,0
833,MACETERO CESTO CANASTO MACETA DE MIMBRE TEJIDA PLEGABLE 35CM B,DECODECO,15990,Paris,18-02-2026,35CM,DESCONOCIDO,1,0
834,MACETERO ROTOMOLDEADO MUNA53 ARENA (53CMX55CM),POTTERY,69988,Paris,18-02-2026,53CM,DESCONOCIDO,1,0
835,MACETERO PLASTICO ALARGADO PREMIUM BASE CUADRADA CONICA,FLIPEREX,34990,Paris,18-02-2026,SIN MEDIDAS,PLASTICO,1,0
836,MACETERO GRIS 33X26 CM,MACETEROS RAYUN,22990,Paris,18-02-2026,33X26,DESCONOCIDO,1,0
837,MACETERO WHITE MATE 50X43 CM XL,MACETEROS RAYUN,79990,Paris,18-02-2026,50X43,DESCONOCIDO,1,0
838,MACETA DECORATIVA GABON MEDIANA,MALLORCA,12490,Paris,18-02-2026,SIN MEDIDAS,DESCONOCIDO,1,0
839,MACETERO ELEFANTE OUTZEN,OUTZEN,29990,Paris,18-02-2026,SIN MEDIDAS,DESCONOCIDO,1,0
840,MACETERO MODERNO,PRINTS PATRO,11990,Paris,18-02-2026,SIN MEDIDAS,DESCONOCIDO,1,0
841,MACETERO FLORIDIS AMSTERDAM CAFE 28CM DE ALTO,FLORIDIS,28990,Paris,18-02-2026,28CM,DESCONOCIDO,1,0
842,MACETERO FLORIDIS AMSTERDAM GRAFITO 45CM CON PLATO,FLORIDIS,45990,Paris,18-02-2026,45CM,DESCONOCIDO,1,0
843,MACETERO DE MIMBRE PORTA MACETA RUSTICA RATTAN,DECODECO,16990,Paris,18-02-2026,SIN MEDIDAS,DESCONOCIDO,1,0
844,MACETERO CESTO MACETA DE YUTE TEJIDA RUSTICA CON ASAS S,FLIPEREX,9900,Paris,18-02-2026,S,DESCONOCIDO,1,0
845,MACETERO LORET M,AMOBLÉ,34900,Paris,18-02-2026,M,DESCONOCIDO,1,0
846,MACETERO DE CEMENTO BLANCO/DORADO 14 CM,HOME ESSENTIALS,9990,Paris,18-02-2026,14CM,CEMENTICIO,1,0
847,"MACETERO DINAMARCA GRIS 16, (MACETERO CERAMICA)",PLANTME,18990,Paris,18-02-2026,SIN MEDIDAS,CERAMICA,1,0
848,MACETERO MIMBRE,BRIC,6990,Paris,18-02-2026,SIN MEDIDAS,DESCONOCIDO,1,0
849,MACETERO REDONDO,BRIC,31990,Paris,18-02-2026,SIN MEDIDAS,DESCONOCIDO,1,0
850,MACETERO DE COLGAR,BRIC,18990,Paris,18-02-2026,SIN MEDIDAS,DESCONOCIDO,1,0
851,SET 2 MACETEROS CEM C M+L,DECOGREEN,29990,Paris,18-02-2026,M,DESCONOCIDO,2,1
852,MACETERO CESTO CANASTO MACETA DE MIMBRE TEJIDA PLEGABLE,DECODECO,13990,Paris,18-02-2026,SIN MEDIDAS,DESCONOCIDO,1,0
853,SET 3 MACETEROS PLASTICO REDONDO OVALADO MODERNO TEXTURA S,FLIPEREX,19900,Paris,18-02-2026,S,PLASTICO,3,1
854,MACETEROS REDONDOS SET DE 3,BRIC,16990,Paris,18-02-2026,SIN MEDIDAS,DESCONOCIDO,3,1
855,MACETERO COLGANTE METALICO FLORES NEGRO,BRIC,21988,Paris,18-02-2026,SIN MEDIDAS,METAL,1,0
856,MACETERO DEL CONEJO GREEN,BILBOLA,24990,Paris,18-02-2026,SIN MEDIDAS,DESCONOCIDO,1,0
857,MACETERO 14 CM CAPRI ANTRACITA OUTZEN,OUTZEN,1490,Paris,18-02-2026,14CM,DESCONOCIDO,1,0
858,MACETERO FLORIDIS AMSTERDAM BLANCO 45CM CON PLATO,FLORIDIS,45990,Paris,18-02-2026,45CM,DESCONOCIDO,1,0
859,MACETERO FLORIDIS ZURIQUE BLANCO 34CM CON PLATO,FLORIDIS,35990,Paris,18-02-2026,34CM,DESCONOCIDO,1,0
860,MACETERO FLORIDIS GENEBRA BLANCO 80CM CON PLATO,FLORIDIS,75990,Paris,18-02-2026,80CM,DESCONOCIDO,1,0
861,MACETERO ELITE NEGRO CON PEDESTAL NEGRO,KAUTIVA,38900,Paris,18-02-2026,SIN MEDIDAS,DESCONOCIDO,1,0
862,MACETERO FLORIDIS AMSTERDAM GRAFITO 44CM DE ALTO,FLORIDIS,34990,Paris,18-02-2026,44CM,DESCONOCIDO,1,0
863,SUCULENTAS DE 17 CM CON MACETERO,VADELL,20990,Paris,18-02-2026,17CM,DESCONOCIDO,1,0
864,SET 3 MACETEROS MACETA DE CERAMICA NEGRO TEXTURA ACANALADA,FLIPEREX,16990,Paris,18-02-2026,SIN MEDIDAS,CERAMICA,3,1
865,"MACETERO DINAMARCA NEGRO 16, (MACETERO CERAMICA)",PLANTME,18990,Paris,18-02-2026,SIN MEDIDAS,CERAMICA,1,0
866,MACETERO BICICLETA,BRIC,21990,Paris,18-02-2026,SIN MEDIDAS,DESCONOCIDO,1,0
867,MACETA 15 CM MADAGASCAR ANTRACITA OUTZEN,OUTZEN,1490,Paris,18-02-2026,15CM,DESCONOCIDO,1,0
868,MACETA VASUM 17CM TERRADUO DEROMA,DEROMA,6000,Paris,18-02-2026,17CM,DESCONOCIDO,1,0
869,MACETERO RECTANGULAR L COLOR NEGRO,VADELL HOME,89990,Paris,18-02-2026,L,DESCONOCIDO,1,0
870,"MACETA BIODEGRADABLE CURVO NEGRO C/PLATO 16,5X13",DECOGREEN,5990,Paris,18-02-2026,"16,5X13",DESCONOCIDO,1,0
871,MACETERO FLORIDIS AMSTERDAM BEIGE 44CM DE ALTO,FLORIDIS,34990,Paris,18-02-2026,44CM,DESCONOCIDO,1,0
872,"SET 2 MACETA BIO C/PLATO CUADRAD BLANCO13,3X12,4",DECOGREEN,8990,Paris,18-02-2026,"13,3X12,4",DESCONOCIDO,2,1
873,MACETERO DE METAL CANASTO CON DISENOS MACETA PARA PLANTAS N,DECODECO,5990,Paris,18-02-2026,SIN MEDIDAS,METAL,1,0
874,MACETERO COLGANTE,BRIC,14990,Paris,18-02-2026,SIN MEDIDAS,DESCONOCIDO,1,0
875,SET 2 MACETA DECORATIVA MULTIFUNCIONAL MINIMALISTA JHN,RONDON,32488,Paris,18-02-2026,SIN MEDIDAS,DESCONOCIDO,2,1
876,PLANTA ARTIFICIAL CON MACETERO 45 CM RUBBER OUTZEN,OUTZEN,4990,Paris,18-02-2026,45CM,DESCONOCIDO,1,0
877,SET 2 PORTA MACETERO PEDESTAL MACETA PLANTAS NEGRO DORADO,FLIPEREX,49990,Paris,18-02-2026,SIN MEDIDAS,DESCONOCIDO,2,1
878,MACETA VASUM 31CM TERRADUO DEROMA,DEROMA,18000,Paris,18-02-2026,31CM,DESCONOCIDO,1,0
879,"MACETA BIODEGRADABLE CURVO GRIS C/PLATO 16,5X13",DECOGREEN,5990,Paris,18-02-2026,"16,5X13",DESCONOCIDO,1,0
880,MACETERO PLANTA ARTIFICIAL FLORES MACETA DECORATIVA HOGAR,DECODECO,7990,Paris,18-02-2026,SIN MEDIDAS,DESCONOCIDO,1,0
881,MACETERO OCTOGONAL DORADO L,DECOGREEN,25590,Paris,18-02-2026,L,DESCONOCIDO,1,0
882,SET 3 MACETEROS OCTO S+M+L,DECOGREEN,49990,Paris,18-02-2026,S,DESCONOCIDO,3,1
883,"MACETERO DINAMARCA GRIS 19, (MACETERO CERAMICA)",PLANTME,26990,Paris,18-02-2026,SIN MEDIDAS,CERAMICA,1,0
884,MACETERO LLAVE,BRIC,24990,Paris,18-02-2026,SIN MEDIDAS,DESCONOCIDO,1,0
885,"MACETAS WEICHENGXING, 12/10/9/8/ PULGADAS GRANDES MACETAS DE PLASTICO AUTO-RIEGO PARA PLANTAS DE INTERIOR Y EXTERIOR CON AGUJEROS DE DRENAJE, DEPOSITO PROFUNDO, MACETA DE PLANTACION PARA VIVERO PARA",,56123,Amazon,18-02-2026,SIN MEDIDAS,PLASTICO,1,0
886,"PAQUETE DE 120 MACETAS DE VIVERO DE 4 PULGADAS PARA PLANTAS, MACETAS DE PLASTICO INICIADORAS DE SEMILLAS CON AGUJEROS DE DRENAJE, PEQUENAS MACETAS DE PLASTICO PARA SUCULENTAS, PLANTULAS, CORTE",,23286,Amazon,18-02-2026,4PULGADAS,PLASTICO,120,1
887,"PAQUETE DE 10 MACETAS DE 6 PULGADAS CON DRENAJE Y PLATILLOS, MACETAS DE PLASTICO NEGRO PARA PLANTAS DE INTERIOR Y EXTERIOR, MACETAS APILABLES PARA PLANTAS DE INTERIOR Y HIERBAS, COLOR NEGRO",,30057,Amazon,18-02-2026,6PULGADAS,PLASTICO,10,1
888,"110 PIEZAS DE MACETAS PEQUENAS DE PLASTICO, MACETAS DE 4 PULGADAS CON DRENAJE, MACETAS DE INICIO PARA PLANTULAS DE PLANTAS, IDEALES PARA HIERBAS, ESQUEJES Y PLANTAS DE INICIO",,22143,Amazon,18-02-2026,4PULGADAS,PLASTICO,1,0
889,"-MACETAS DE RIEGO AUTOMATICO PARA INTERIORES CON AGUJEROS DE DRENAJE Y PLATILLOS, 8, 7, 6.5, 6, 5.5, 5 PULGADAS, COLOR NEGRO, 6 MACETAS",,35773,Amazon,18-02-2026,5PULGADAS,DESCONOCIDO,6,1
890,"JUEGO DE 20 MACETAS DE VIVERO TRANSPARENTES DE 10/12,7/15,2/17,8 CM CON PLATILLOS, MACETAS DE PLASTICO CON AGUJEROS DE DRENAJE, PAQUETE VARIADO DE MACETAS DE JARDIN PARA PLANTULAS PARA",,35296,Amazon,18-02-2026,"17,8CM",PLASTICO,20,1
891,"MACETAS PARA PLANTAS DE 10/9/8/7.5/7 PULGADAS CON AUTORIEGO, JUEGO DE 5 MACETAS DE PLASTICO CON AGUJEROS DE DRENAJE Y PLATILLOS, MACETAS DE FLORES DE PLASTICO, MACETA DE VIVERO PARA PLANTAS DE",,47316,Amazon,18-02-2026,7PULGADAS,PLASTICO,5,1
892,"PAQUETE DE 10 MACETAS DE 6 PULGADAS CON DRENAJE Y PLATILLOS, MACETAS DE PLASTICO NEGRO PARA PLANTAS DE INTERIOR Y EXTERIOR, MACETAS APILABLES PARA PLANTAS DE INTERIOR Y HIERBAS, COLOR NEGRO",,30057,Amazon,18-02-2026,6PULGADAS,PLASTICO,10,1
893,"JUEGO DE 2 MACETAS DE CERAMICA PARA PLANTAS DE INTERIOR, MACETAS VINTAGE DE FLORES DE 4.7+5.7 PULGADAS SIN AGUJERO DE DRENAJE, JUEGO DE MACETAS MARRONES RUSTICAS, MACETAS DECORATIVAS PARA PLANTAS DE",,64496,Amazon,18-02-2026,5.7PULGADAS,CERAMICA,2,1
894,"MACETAS WEICHENGXING, 12/10/9/8/ PULGADAS GRANDES MACETAS DE PLASTICO AUTO-RIEGO PARA PLANTAS DE INTERIOR Y EXTERIOR CON AGUJEROS DE DRENAJE, DEPOSITO PROFUNDO, MACETA DE PLANTACION PARA VIVERO PARA",,56123,Amazon,18-02-2026,SIN MEDIDAS,PLASTICO,1,0
895,MACETAS DE INTERIOR CON PLATILLO Y DRENAJE - PAQUETE DE 6 MACETAS - MACETAS DE PLASTICO PARA PLANTAS DE INTERIOR - TAMANOS DE 7.5/6.6/5.8/5.0/4.3/3.5 PULGADAS PARA TODO TIPO DE PLANTAS,,23839,Amazon,18-02-2026,3.5PULGADAS,PLASTICO,6,1
896,"KANTE - MACETA REDONDA DE HORMIGON DESGASTADO DE 18 PULGADAS DE DIAMETRO, MACETA GRANDE PARA INTERIORES Y EXTERIORES CON AGUJERO DE DRENAJE Y TAPON DE GOMA PARA PATIO Y JARDIN DEL HOGAR, HORMIGON",,202234,Amazon,18-02-2026,18PULGADAS,DESCONOCIDO,1,0
897,"MACETAS CON AUTORRIEGO PARA INTERIOR CON ORIFICIOS DE DRENAJE Y PLATILLOS, 8, 7, 6.5, 6, 5.5, 5 PULGADAS, VERDE, 6 MACETAS.",,35634,Amazon,18-02-2026,5PULGADAS,DESCONOCIDO,6,1
898,"AMAZON BASICS MACETA REDONDA DE CERAMICA ACANALADA, 10 PULGADAS, COLOR NEGRO",,97081,Amazon,18-02-2026,10PULGADAS,CERAMICA,1,0
899,"SOPORTE PARA PLANTAS DE INTERIOR CON LUCES DE CULTIVO, ESTANTE GRANDE DE 55 PULGADAS DE ALTO CON 7 NIVELES PARA PLANTAS DE INTERIOR, ESTANTE EN FORMA DE JARRON, SOPORTE PARA MACETAS",,98796,Amazon,18-02-2026,55PULGADAS,DESCONOCIDO,1,0
900,"PAQUETE DE 9 BOLSAS DE CULTIVO A GRANEL, MACETAS DE TELA GRUESA DE ALTA RESISTENCIA, BOLSAS PARA PLANTAS NO TEJIDAS CON ASAS, CONTENEDORES TRANSPIRABLES PARA CULTIVO DE PLANTAS, BOLSAS PARA",,45584,Amazon,18-02-2026,SIN MEDIDAS,DESCONOCIDO,1,0
901,"JUEGO DE 2 MACETAS ALTAS DE RIEGO AUTOMATICO, MACETAS GRANDES DE 24 PULGADAS CON INDICADOR DE NIVEL DE AGUA PARA PLANTAS DE INTERIOR Y EXTERIOR, MACETAS MODERNAS PARA JARDIN, PATIO, BALCON",,164219,Amazon,18-02-2026,24PULGADAS,DESCONOCIDO,2,1
902,"GEPEGE JUEGO DE 2 MACETAS DE CERAMICA CON CUENTAS DE 6 PULGADAS CON ORIFICIO DE DRENAJE Y PLATILLO PARA PLANTAS, MACETA REDONDA GRANDE PARA ORQUIDEAS SUCULENTAS PARA INTERIORES Y EXTERIORES, COLOR",,42709,Amazon,18-02-2026,6PULGADAS,CERAMICA,2,1
903,"MACETAS DE RIEGO AUTOMATICO DE 8/10/12 PULGADAS PARA PLANTAS DE INTERIOR/EXTERIOR - MACETA GRANDE DE PLASTICO CON AGUJEROS DE DRENAJE, INDICADOR DE NIVEL DE AGUA Y RESERVORIO PROFUNDO",,50762,Amazon,18-02-2026,12PULGADAS,PLASTICO,1,0
904,"-MACETAS DE RIEGO AUTOMATICO PARA INTERIORES CON AGUJEROS DE DRENAJE Y PLATILLOS, 8, 7, 6.5, 6, 5.5, 5 PULGADAS, COLOR BLANCO, 6 MACETAS",,35556,Amazon,18-02-2026,5PULGADAS,DESCONOCIDO,6,1
905,"KETER JUEGO DE 2 MACETAS DE RESINA MODERNAS PARA EXTERIORES DE 22 PULGADAS DE ALTO, MACETAS DE ASPECTO DE MADERA CONICA PARA PLANTAS AL AIRE LIBRE Y DECORACION DE PORCHE DELANTERO, GRAFITO",,182958,Amazon,18-02-2026,22PULGADAS,NATURAL,2,1
906,"JUEGO DE 3 MACETAS DE PARED DE CERAMICA CON GANCHOS, MACETA COLGANTE PARA VEGETACION Y FLORES SECAS, DECORACION DE PARED PARA EL HOGAR Y LA OFICINA",,,Amazon,18-02-2026,SIN MEDIDAS,CERAMICA,3,1
907,"MACETAS DE CERAMICA. MACETAS PARA PLANTAS. MACETAS CON AGUJEROS DE DRENAJE Y PLATILLOS PARA PLANTAS DE INTERIOR. 5.5 PULGADAS DE ANCHO, 4.3 PULGADAS DE PROFUNDIDAD. JUEGO DE 2.",,45245,Amazon,18-02-2026,5.5PULGADAS,CERAMICA,1,0
908,"JUEGO DE MACETAS COLGANTES DE RIEGO AUTOMATICO DE 4 A 8 PULGADAS PARA INTERIORES Y EXTERIORES, MACETAS COLGANTES CON DRENAJE Y BANDEJA EXTRAIBLE, SOPORTE PARA MACETAS COLGANTES PARA HIEDRA",,34967,Amazon,18-02-2026,8PULGADAS,DESCONOCIDO,1,0
909,"JUEGO DE DOS MACETAS COLGANTES DE GRAN TAMANO DE 13 PULGADAS, MACETAS PARA PLANTAS DE INTERIOR Y EXTERIOR. COLOCA MACETAS EN DIVERSOS ENTORNOS, INCLUIDOS ALFEIZARES, SALA DE ESTAR Y JARDINES",,55655,Amazon,18-02-2026,13PULGADAS,DESCONOCIDO,1,0
910,MACETAS VOGUE DE CLASSIC HOME & GARDEN CON ACABADO DE CALIDAD CERAMICA - MACETAS MODERNAS PARA INTERIORES Y EXTERIORES - MACETAS PARA PORCHE RESISTENTES A LOS RAYOS UV - MACETA DECORATIVA PARA FLORES,,29417,Amazon,18-02-2026,SIN MEDIDAS,CERAMICA,1,0
911,"MACETAS DE 6 PULGADAS, PAQUETE DE 5 MACETAS PARA EXTERIORES E INTERIORES, MACETAS CON AGUJEROS DE DRENAJE Y PLATILLOS DE BANDEJA (MULTICOLOR)",,31468,Amazon,18-02-2026,6PULGADAS,DESCONOCIDO,5,1
912,"JUEGO DE 3 MACETAS DE CERAMICA DE 6.75/5.6/4.2 PULGADAS CON AGUJEROS DE DRENAJE Y PLATILLO, MACETA PARA EXTERIORES E INTERIORES, MACETAS DECORATIVAS MODERNAS PARA PLANTAS DE CASA, JARDIN",,36300,Amazon,18-02-2026,4.2PULGADAS,CERAMICA,3,1
913,"RAOOKIF PAQUETE DE 100 MACETAS DE GUARDERIA, MACETAS DE 4, 5 Y 6 PULGADAS PARA PLANTAS, MACETAS DE PLASTICO CON AGUJEROS DE DRENAJE, MACETAS DE JARDIN PARA TRASPLANTAR, SUCULENTAS, ESQUEJES, PLANTULAS",,23017,Amazon,18-02-2026,6PULGADAS,PLASTICO,100,1
914,"ANYUMOCZ 60 PIEZAS DE 1 GALON DE MACETAS FLEXIBLES PARA VIVERO DE PLANTAS, MACETA DE PLANTULA DE PLASTICO SUAVE Y ENGROSADO CON AGUJEROS, CONTENEDOR DE PLANTAS DE FLORES PARA SUCULENTAS, ESQUEJES",,35443,Amazon,18-02-2026,SIN MEDIDAS,PLASTICO,1,0
915,"MACETAS DE 12/10/8 PULGADAS CON RIEGO AUTOMATICO PARA PLANTAS DE INTERIOR, MACETA GRANDE DE PLASTICO PARA PLANTAS DE EXTERIOR, MACETA DE FLORES CON VENTANA DE NIVEL DE AGUA Y ESPACIOSO RESERVORIO",,51273,Amazon,18-02-2026,8PULGADAS,PLASTICO,1,0
916,"MACETAS PARA PLANTAS DE 10/9/8/7.5/7 PULGADAS CON AUTORIEGO, JUEGO DE 5 MACETAS DE PLASTICO CON AGUJEROS DE DRENAJE Y PLATILLOS, MACETAS DE FLORES DE PLASTICO, MACETA DE VIVERO PARA PLANTAS DE",,46701,Amazon,18-02-2026,7PULGADAS,PLASTICO,5,1
917,"MACETA DE CERAMICA CON ORIFICIO DE DRENAJE Y PLATILLO, REDONDA, ESMALTADA, MODERNA, PARA SUCULENTAS, LENGUA DE SUEGRA (SANSEVIERIA), PLANTAS DE INTERIOR Y EXTERIOR, 6 PULGADAS",,31486,Amazon,18-02-2026,6PULGADAS,CERAMICA,1,0
918,"MACETAS DE CERAMICA TOSCANA, MACETAS VINTAGE DE 6.11 PULGADAS CON ORIFICIO DE DRENAJE PARA PLANTAS DE INTERIOR, JARRON VERDE DE GRANJA Y MACETAS, DECORACION DEL HOGAR, COCINA, JARDIN",,35383,Amazon,18-02-2026,6.11PULGADAS,CERAMICA,1,0
919,"LIFEMASTER - MACETAS CON MULTIPLES ORIFICIOS DE DRENAJE, 5 PIEZAS, DE PLASTICO, RESISTENTES Y VERSATILES, APILABLES, PARA DECORACION DEL HOGAR, JARDINERIA INTERIOR Y EXTERIOR, COLOR NEGRO",,21960,Amazon,18-02-2026,SIN MEDIDAS,PLASTICO,1,0
920,"DEECOO JUEGO DE 3 MACETAS DE CERAMICA PARA INTERIORES CON AGUJEROS DE DRENAJE, 5.7/4.7/3.5/PULGADAS, MACETAS DECORATIVAS MODERNAS PARA PLANTAS AL AIRE LIBRE, LIRIOS, CACTUS, SUCULENTAS, SERPIENTES Y",,43782,Amazon,18-02-2026,SIN MEDIDAS,CERAMICA,3,1
921,"PAQUETE DE 5 MACETAS CON DRENAJE DE 7/6.5/6/5.5/5 PULGADAS, MACETAS DE RIEGO AUTOMATICO PARA PLANTAS DE INTERIOR, MACETAS PARA PLANTAS DE INTERIOR Y EXTERIOR, MACETA DE PLASTICO, MACETA PARA",,53672,Amazon,18-02-2026,5PULGADAS,PLASTICO,5,1
922,"QCQHDU MACETA DE 8 PULGADAS, PAQUETE DE 2 MACETAS PARA PLANTAS DE INTERIOR CON AGUJEROS DE DRENAJE Y PLATILLO, MACETAS PARA EXTERIORES, DECORACION MODERNA PARA EL HOGAR Y EL JARDIN",,33399,Amazon,18-02-2026,8PULGADAS,DESCONOCIDO,2,1
923,"MIXC MACETAS DE VIVERO ENGROSADAS TRANSPARENTES CON BASE DE SILICONA PARA FACIL TRASPLANTE, 30 PAQUETES DE 4 PULGADAS, MACETA TRANSPARENTE REUTILIZABLE PARA PLANTULAS DE VEGETALES, ESQUEJES DE RAIZ",,59699,Amazon,18-02-2026,4PULGADAS,DESCONOCIDO,1,0
924,"ORCELER MACETAS DE TERRACOTA Y ARCILLA DE 6 PULGADAS PARA PLANTAS CON PLATILLO, MACETAS MEDIANAS DE TERRACOTA CON ORIFICIO DE DRENAJE, MACETA CON BANDEJA, MACETA DE TERRACOTA PARA PLANTAS DE INTERIOR",,40016,Amazon,18-02-2026,6PULGADAS,CERAMICA,1,0
925,"MACETAS DE 4 PULGADAS, JUEGO DE 6 MACETAS DE INTERIOR, MACETAS CON AGUJEROS DE DRENAJE Y BANDEJAS PARA ORQUIDEAS, VIOLETAS, SUCULENTAS, HIERBAS Y OTRAS PLANTAS, COLORIDAS",,19952,Amazon,18-02-2026,4PULGADAS,DESCONOCIDO,6,1
926,"MACETAS DE INTERIOR DE 6 PULGADAS CON ORIFICIO DE DRENAJE Y PLATILLO DE BANDEJA, MACETAS PARA PLANTAS Y FLORES DE JARDIN DE INTERIORES Y EXTERIORES, MULTICOLOR, 4 PAQUETES",,23762,Amazon,18-02-2026,6PULGADAS,DESCONOCIDO,1,0
927,"LAND GUARD - KIT DE MACETA DE JARDIN ELEVADA DE METAL GALVANIZADO, PARA EXTERIORES, GRANDE, OVALADA, PARA VEGETALES",,65458,Amazon,18-02-2026,SIN MEDIDAS,METAL,1,0
928,"LE TAUCI MACETAS DE 12 PULGADAS PARA PLANTAS, MACETAS DE CERAMICA CON AGUJEROS DE DRENAJE Y PLATILLOS, MACETA GRANDE ELEGANTE Y DURADERA, PERFECTA PARA DECORACION DEL HOGAR Y LA OFICINA, COLOR BLANCO",,117371,Amazon,18-02-2026,12PULGADAS,CERAMICA,1,0
929,"LINDAS MACETAS DE CERAMICA PARA SUCULENTAS, MACETA CON DRENAJE Y PLATILLO ADJUNTO, JUEGO DE 5 PLANTAS NO INCLUIDAS (REDONDA)",,62340,Amazon,18-02-2026,SIN MEDIDAS,CERAMICA,1,0
930,"PAQUETE DE 30 MACETAS DE PLASTICO DE 5 GALONES, MACETAS SUAVES DE 12.8 PULGADAS DE GROSOR CON AGUJEROS DE DRENAJE, CONTENEDOR DE FLORES PARA PLANTAS DE SEMILLERO, JARDIN, INTERIOR Y EXTERIOR",,94406,Amazon,18-02-2026,12.8PULGADAS,PLASTICO,30,1
931,UTOPIA HOME MACETAS PARA PLANTAS DE INTERIOR CON AGUJEROS DE DRENAJE - JUEGO DE 5 MACETAS DE FLORES DE PLASTICO BLANCO (7/6.6/6/5.3/4.8 PULGADAS) - MACETAS MODERNAS PARA PLANTAS DE INTERIOR,,29244,Amazon,18-02-2026,4.8PULGADAS,PLASTICO,5,1
932,"PAQUETE DE 10 MACETAS DE 6 PULGADAS CON DRENAJE Y PLATILLOS, MACETAS DE PLASTICO NEGRO PARA PLANTAS DE INTERIOR Y EXTERIOR, MACETAS APILABLES PARA PLANTAS DE INTERIOR Y HIERBAS, COLOR NEGRO",,30057,Amazon,18-02-2026,6PULGADAS,PLASTICO,10,1
933,"JUEGO DE 2 MACETAS GRANDES ALTAS PARA INTERIORES O EXTERIORES, 24 PULGADAS, MACETAS ALTAS CONICAS CON BANDEJA PARA PORCHE, PATIO, PATIO TRASERO, MACETAS GRANDES PARA PLANTAS DE INTERIOR AL AIRE",,130299,Amazon,18-02-2026,24PULGADAS,DESCONOCIDO,2,1
934,"MACETA PARA EXTERIORES CON DISENO DE CELOSIA - MACETA CUADRADA DE 14.75 PULGADAS, 13 PULGADAS DE ALTO, MACETA BLANCA PARA PLANTAS - MACETAS DECORATIVAS PARA DECORACION DE PORCHE DELANTERO - MACETAS AL",,41384,Amazon,18-02-2026,14.75PULGADAS,DESCONOCIDO,1,0
935,"WORTH JUEGO DE MACETAS REDONDAS DE 9 GALONES DE ALTO, 2-14 PULGADAS DE DIAMETRO X 21 PULGADAS DE ALTO, CON ACABADO DE PIEDRA, CONTENEDOR DECORATIVO PARA INTERIORES, JARDIN, PATIO, IRROMPIBLE, BEIGE",,,Amazon,18-02-2026,14PULGADAS,DESCONOCIDO,1,0
936,"MACETAS WEICHENGXING, 12/10/9/8/ PULGADAS GRANDES MACETAS DE PLASTICO AUTO-RIEGO PARA PLANTAS DE INTERIOR Y EXTERIOR CON AGUJEROS DE DRENAJE, DEPOSITO PROFUNDO, MACETA DE PLANTACION PARA VIVERO PARA",,56123,Amazon,18-02-2026,SIN MEDIDAS,PLASTICO,1,0
937,"JERIA PAQUETE DE 100 MACETAS DE PLASTICO DE 4 PULGADAS QUE VIENEN CON 100 ETIQUETAS PARA PLANTAS, CONTENEDOR DE PLANTAS DE FLORES DE PLANTULAS Y MACETAS DE INICIO DE SEMILLAS",,20662,Amazon,18-02-2026,4PULGADAS,PLASTICO,100,1
938,"LE TAUCI MACETAS DE 4.1 + 5.1 + 6.5 PULGADAS, JUEGO DE 3, MACETAS DE CERAMICA CON ORIFICIO DE DRENAJE Y PLATILLO, MACETA DE INTERIOR CON ALMOHADILLA DE MALLA DE AGUJERO, REGALOS PARA MAMA, ESMALTE",,51333,Amazon,18-02-2026,6.5PULGADAS,CERAMICA,1,0
939,"QUARUT PAQUETE DE 3 MACETAS DE 10 PULGADAS, MACETAS DE BARRIL DE WHISKY CON AGUJEROS DE DRENAJE Y PLATILLO, MACETAS DE PLASTICO PARA DECORACION DE FLORES CON DISENO DE BARRIL DE VINO IMITACION, PARA",,44380,Amazon,18-02-2026,10PULGADAS,PLASTICO,3,1
940,"GEPEGE - MACETAS BLANCAS DE INTERIOR, MACETA DE CERAMICA CON ORIFICIO DE DRENAJE, 6.0, 5.0 Y 4.0 PULGADAS, MACETA PARA ORQUIDEAS Y SUCULENTAS, ESMALTE PERLADO DE ARCOIRIS",,36491,Amazon,18-02-2026,4.0PULGADAS,CERAMICA,1,0
941,"PAQUETE DE 6 MACETAS DE TERRACOTA Y ARCILLA DE 6 PULGADAS CON PLATILLO PARA PLANTAS, MACETA GRANDE DE TERRACOTA CON ORIFICIO DE DRENAJE, MACETA PARA PLANTAS DE INTERIOR Y EXTERIOR",,43592,Amazon,18-02-2026,6PULGADAS,CERAMICA,6,1
942,CREATIVE CO-OP - MACETA GRANDE DE CERAMICA BLANCA MATE CON RELIEVE,,148198,Amazon,18-02-2026,SIN MEDIDAS,CERAMICA,1,0
943,"KANTE - MACETA REDONDA DE HORMIGON DE 24 PULGADAS DE ALTURA, MACETAS GRANDES PARA INTERIORES Y EXTERIORES CON ORIFICIO DE DRENAJE Y TAPON DE GOMA, MACETAS DECORATIVAS MODERNAS DE JARDIN PARA PATIO",,226965,Amazon,18-02-2026,24PULGADAS,DESCONOCIDO,1,0
944,"COSMOLIVING BY COSMOPOLITAN - MACETA DE METAL PARA INTERIORES Y EXTERIORES, MACETA GRANDE CON SOPORTE EXTRAIBLE, JUEGO DE 2 MACETAS DE 19 PULGADAS, 22 PULGADAS DE ALTO, COLOR DORADO",,134612,Amazon,18-02-2026,19PULGADAS,METAL,2,1
945,"PAQUETE DE 300 MACETAS DE PLASTICO DE 4 PULGADAS PARA PLANTAS, MACETAS PEQUENAS PARA PLANTULAS, MACETAS PARA SUCULENTAS, MACETAS CON AGUJEROS DE DRENAJE, INCLUYE 300 ETIQUETAS PARA PLANTAS",,38145,Amazon,18-02-2026,4PULGADAS,PLASTICO,300,1
946,CLASSIC HOME AND GARDEN ROSIE - MACETA MODERNA CON DRENAJE - CUENCOS DE MACETAS CONTEMPORANEOS - JARRONES REDONDOS POCO PROFUNDOS PARA PLANTAS PEQUENAS - MACETAS VERSATILES PARA INTERIORES Y,,30715,Amazon,18-02-2026,SIN MEDIDAS,DESCONOCIDO,1,0
947,"PAQUETE DE 30 MACETAS TRANSPARENTES PARA PLANTAS DE VIVERO, MACETA DE PLASTICO DE ALTA TRANSPARENCIA DE 3.5/4/5 PULGADAS CON AGUJEROS DE DRENAJE, INCLUYE 20 ETIQUETAS",,21337,Amazon,18-02-2026,5PULGADAS,PLASTICO,30,1
948,"SOPORTE PARA PLANTAS DE INTERIOR CON LUCES DE CULTIVO, ESTANTE GRANDE DE 55 PULGADAS DE ALTO CON 7 NIVELES PARA PLANTAS DE INTERIOR, ESTANTE EN FORMA DE JARRON, SOPORTE PARA MACETAS",,98796,Amazon,18-02-2026,55PULGADAS,DESCONOCIDO,1,0
949,"MACETAS WEICHENGXING, 12/10/9/8/ PULGADAS GRANDES MACETAS DE PLASTICO AUTO-RIEGO PARA PLANTAS DE INTERIOR Y EXTERIOR CON AGUJEROS DE DRENAJE, DEPOSITO PROFUNDO, MACETA DE PLANTACION PARA VIVERO PARA",,56123,Amazon,18-02-2026,SIN MEDIDAS,PLASTICO,1,0
950,"100 PACK DE MACETAS DE VIVERO DE PLANTAS DE 8 CM, MACETAS CUADRADAS DURADERAS PARA PLANTULAS CON AGUJEROS DE DRENAJE, MACETAS DE PLASTICO REUTILIZABLES PEQUENAS PARA PLANTAS DE SEMILLAS",,68402,Amazon,18-02-2026,8CM,PLASTICO,1,0
