,Producto,Marca,Precio,Tienda,Fecha,Medidas,Material,Cantidad,Venta agrupada
0,MACETERO S COLOMBA OUTZEN,OUTZEN,14990,Easy,18-02-2026,S,DESCONOCIDO,1,0
1,MACETERO 33 CM PIEDRA TAUPE REYPLAST,REYPLAST,9990,Easy,18-02-2026,33CM,DESCONOCIDO,1,0
2,MACETERO 14 CM BOHO NATURAL OUTZEN,OUTZEN,3493,Easy,18-02-2026,14CM,DESCONOCIDO,1,0
3,MACETERO 33 CM RUSTIC ROUND PLANTER IV JAPI,JAPI,19990,Easy,18-02-2026,33CM,DESCONOCIDO,1,0
4,MACETERO 11.5 CM HANOVER MOSTAZA JAPI,JAPI,2598,Easy,18-02-2026,11.5CM,DESCONOCIDO,1,0
5,MACETA PERRO DORMIDO 18X45X25 CM,OUTZEN,13993,Easy,18-02-2026,18X45X25,DESCONOCIDO,1,0
6,MACETA 34.5 CM FIBER CLAY CLOUD,OUTZEN,16990,Easy,18-02-2026,34.5CM,CEMENTICIO,1,0
7,MACETA BILLIE BLANCO 44.45 CM,OUTZEN,8393,Easy,18-02-2026,44.45CM,DESCONOCIDO,1,0
8,MACETERO 18 CM PIEDRA BLANCO REYPLAST,REYPLAST,2990,Easy,18-02-2026,18CM,DESCONOCIDO,1,0
9,MACETERO ENLOZADO BLANCO 14X12X12 CM,DECOGREEN,6990,Easy,18-02-2026,14X12X12,DESCONOCIDO,1,0
10,MACETERO 33 CM PIEDRA BLANCO REYPLAST,REYPLAST,9990,Easy,18-02-2026,33CM,DESCONOCIDO,1,0
11,MACETERO HAZEL MARRON OUTZEN,OUTZEN,6993,Easy,18-02-2026,SIN MEDIDAS,DESCONOCIDO,1,0
12,MACETERO S BASIC JADE OUTZEN,OUTZEN,4893,Easy,18-02-2026,S,DESCONOCIDO,1,0
13,MACETERO ESTILO PIEDRA AZUL ACERO 17X16.7X17 CM,REYPLAST,2990,Easy,18-02-2026,17X16.7X17,METAL,1,0
14,MACETERO N10 TAUPE 28 CM,REYPLAST,3990,Easy,18-02-2026,28CM,DESCONOCIDO,1,0
15,MACETERO 18 CM CAPRI ANTRACITA OUTZEN,OUTZEN,2093,Easy,18-02-2026,18CM,DESCONOCIDO,1,0
16,MACETERO M COLOMBA OUTZEN,OUTZEN,24990,Easy,18-02-2026,M,DESCONOCIDO,1,0
17,MACETERO L BASIC BLANCO OUTZEN,OUTZEN,10493,Easy,18-02-2026,L,DESCONOCIDO,1,0
18,MACETERO 18 CM ESTILO PIEDRA GREEN TERRA,REYPLAST,2990,Easy,18-02-2026,18CM,DESCONOCIDO,1,0
19,MACETA OLEANDER VERDE 15 CM,OUTZEN,2990,Easy,18-02-2026,15CM,DESCONOCIDO,1,0
20,MACETA OLEANDER ECRUE 15 CM,OUTZEN,2990,Easy,18-02-2026,15CM,DESCONOCIDO,1,0
21,MACETA BASE MADERA VERDE 21 CM,GENERICO,6993,Easy,18-02-2026,21CM,NATURAL,1,0
22,MACETERO DURA KOTTA Ndeg 10 ROSA TERRA 22.4X28.4 CM,REYPLAST,3990,Easy,18-02-2026,22.4X28.4,DESCONOCIDO,1,0
23,MACETERO PERRO OUTZEN,OUTZEN,20993,Easy,18-02-2026,SIN MEDIDAS,DESCONOCIDO,1,0
24,MACETA CERAMICA ALINE XL GLOSSY AZUL,OUTZEN,13993,Easy,18-02-2026,XL,CERAMICA,1,0
25,MACETERO 28 CM BOHO NATURAL OUTZEN,OUTZEN,10493,Easy,18-02-2026,28CM,DESCONOCIDO,1,0
26,MACETA VERDE 16 CM,OUTZEN,6993,Easy,18-02-2026,16CM,DESCONOCIDO,1,0
27,MACETA BASE MADERA OCRE 21 CM,OUTZEN,6993,Easy,18-02-2026,21CM,NATURAL,1,0
28,MACETA BILLIE BLANCO 28.6 CM,OUTZEN,2793,Easy,18-02-2026,28.6CM,DESCONOCIDO,1,0
29,MACETERO 57 CM RUSTIC ROUND PLANTER VI JAPI.,JAPI,49990,Easy,18-02-2026,57CM,DESCONOCIDO,1,0
30,MACETA BILLIE GRIS 28.6 CM,OUTZEN,2793,Easy,18-02-2026,28.6CM,DESCONOCIDO,1,0
31,MACETA 29 CM FIBER CLAY PUMPKIN,OUTZEN,12990,Easy,18-02-2026,29CM,CEMENTICIO,1,0
32,MACETERO ENLOZADO BLANCO 20X18X18 CM,DECOGREEN,12990,Easy,18-02-2026,20X18X18,DESCONOCIDO,1,0
33,MACETERO 24 CM BUDA OUTZEN,OUTZEN,17493,Easy,18-02-2026,24CM,DESCONOCIDO,1,0
34,MACETERO 20 CM S CANASTO NATURAL OUTZEN,OUTZEN,4193,Easy,18-02-2026,20CM,DESCONOCIDO,1,0
35,MACETA LORCA 21 CM,OUTZEN,6993,Easy,18-02-2026,21CM,DESCONOCIDO,1,0
36,MACETERO ENLOZADO MOSTAZA 17X15X15 CM,DECOGREEN,9990,Easy,18-02-2026,17X15X15,DESCONOCIDO,1,0
37,MACETERO HAZEL GRIS CLARO OUTZEN,OUTZEN,6993,Easy,18-02-2026,SIN MEDIDAS,DESCONOCIDO,1,0
38,MACETERO L CILINDRO CEMENTO DECOGREEN,DECOGREEN,9990,Easy,18-02-2026,L,CEMENTICIO,1,0
39,MACETERO CON PLATO BIODEGRADABLE BAMBOO CUADRADO BLANCO 12.4X13.3X13.3 CM,DECOGREEN,3990,Easy,18-02-2026,12.4X13.3X13.3,DESCONOCIDO,1,0
40,MACETERO ENLOZADO MOSTAZA 14X12X12 CM,DECOGREEN,6990,Easy,18-02-2026,14X12X12,DESCONOCIDO,1,0
41,MACETERO 16.8 CM HANOVER MOSTAZA JAPI,JAPI,5098,Easy,18-02-2026,16.8CM,DESCONOCIDO,1,0
42,MACETA BOCAYA 36 CM,OUTZEN,25193,Easy,18-02-2026,36CM,DESCONOCIDO,1,0
43,MACETERO 24 CM ACTUAL NEGRO,DECOGREEN,6990,Easy,18-02-2026,24CM,DESCONOCIDO,1,0
44,MACETA BILLIE GRIS 44.45 CM,OUTZEN,8393,Easy,18-02-2026,44.45CM,DESCONOCIDO,1,0
45,MACETA HUDSON ANTIQUE BASALT 33.02 CM,OUTZEN,6993,Easy,18-02-2026,33.02CM,DESCONOCIDO,1,0
46,MACETERO ENLOZADO BLANCO 3 PIEZAS,DECOGREEN,41990,Easy,18-02-2026,SIN MEDIDAS,DESCONOCIDO,1,0
47,MACETA BILLIE BLANCO 38.6 CM,OUTZEN,6293,Easy,18-02-2026,38.6CM,DESCONOCIDO,1,0
48,MACETERO CILINDRO GRAFITO CON PLATO DORADO L 18X18 CM,DECOGREEN,7794,Easy,18-02-2026,18X18,DESCONOCIDO,1,0
49,MACETA STRIPES AZUL 20 CM,OUTZEN,6993,Easy,18-02-2026,20CM,DESCONOCIDO,1,0
50,MACETERO CILINDRO VERDE MUSGO CON PLATO DORADO M 15X15 CM,DECOGREEN,6990,Easy,18-02-2026,15X15,DESCONOCIDO,1,0
51,MACETA EMBOSS PERFIL BLANCO 17 CM,OUTZEN,4893,Easy,18-02-2026,17CM,DESCONOCIDO,1,0
52,MACETERO CANASTO 32 CM BRAHMA CAFE,DECOGREEN,13990,Easy,18-02-2026,32CM,DESCONOCIDO,1,0
53,MACETERO 57 CM ESSENTIAL PLANTER I JAPI,JAPI,49990,Easy,18-02-2026,57CM,DESCONOCIDO,1,0
54,MACETA BARRIL ARCE 20.6 CM,OUTZEN,2793,Easy,18-02-2026,20.6CM,DESCONOCIDO,1,0
55,MACETERO 16 CM PIEDRA TAUPE REYPLAST.,REYPLAST,2990,Easy,18-02-2026,16CM,DESCONOCIDO,1,0
56,MACETA HERA 22X30 CM,OUTZEN,13993,Easy,18-02-2026,22X30,DESCONOCIDO,1,0
57,MACETA OLEANDER RUSTED 15 CM,OUTZEN,2990,Easy,18-02-2026,15CM,DESCONOCIDO,1,0
58,MACETA TALLA L CANASTO BASE BUKAN OUTZEN,OUTZEN,17493,Easy,18-02-2026,L,DESCONOCIDO,1,0
59,MACETA TORTUGA 11X23X15.3 CM,OUTZEN,5593,Easy,18-02-2026,11X23X15.3,DESCONOCIDO,1,0
60,MACETA AZUL 16 CM,OUTZEN,6993,Easy,18-02-2026,16CM,DESCONOCIDO,1,0
61,MACETA BOCAYA BEIGE 46 CM,OUTZEN,35693,Easy,18-02-2026,46CM,DESCONOCIDO,1,0
62,PORTA MACETA RATAN 32 CM,OUTZEN,13993,Easy,18-02-2026,32CM,NATURAL,1,0
63,MACETERO 14 CM CAPRI ANTRACITA OUTZEN,OUTZEN,1043,Easy,18-02-2026,14CM,DESCONOCIDO,1,0
64,MACETERO CILINDRO TERRACOTA 3 PIEZAS DECOGREEN,DECOGREEN,29990,Easy,18-02-2026,SIN MEDIDAS,DESCONOCIDO,1,0
65,MACETERO 45 CM RUSTIC ROUND PLANTER II JAPI,JAPI,39990,Easy,18-02-2026,45CM,DESCONOCIDO,1,0
66,MACETA CERAMICA XL ALINE GLOSSY BLANCO,OUTZEN,13993,Easy,18-02-2026,XL,CERAMICA,1,0
67,MACETERO M BASIC BLANCO OUTZEN,OUTZEN,8393,Easy,18-02-2026,M,DESCONOCIDO,1,0
68,MACETERO ENLOZADO AZUL 20X18X18 CM,DECOGREEN,12990,Easy,18-02-2026,20X18X18,DESCONOCIDO,1,0
69,SET MACETERO ENLOZADO AZUL S+M,DECOGREEN,25990,Easy,18-02-2026,S,DESCONOCIDO,1,0
70,MACETERO L BASIC JADE OUTZEN,OUTZEN,10493,Easy,18-02-2026,L,DESCONOCIDO,1,0
71,MACETA D1 AJOLOTE 12 CM,OUTZEN,3743,Easy,18-02-2026,12CM,DESCONOCIDO,1,0
72,MACETERO CILINDRO VERDE MUSGO CON PLATO DORADO S 13X13 CM,DECOGREEN,4990,Easy,18-02-2026,13X13,DESCONOCIDO,1,0
73,TIERRA PARA MACETERO 6 LITROS NATURAL,ARMONY,1890,Easy,18-02-2026,6L,DESCONOCIDO,1,0
74,MACETA L BLUE ASSO 29 CM,OUTZEN,6993,Easy,18-02-2026,29CM,DESCONOCIDO,1,0
75,MACETA OLEANDER ECRU 19 CM,OUTZEN,4990,Easy,18-02-2026,19CM,DESCONOCIDO,1,0
76,MACETERO 16 CM CAPRI BLANCO,OUTZEN,1393,Easy,18-02-2026,16CM,DESCONOCIDO,1,0
77,MACETERO L BASIC GRIS,OUTZEN,10493,Easy,18-02-2026,L,DESCONOCIDO,1,0
78,MACETERO 16 CM CAPRI ANTRACITA OUTZEN,OUTZEN,1393,Easy,18-02-2026,16CM,DESCONOCIDO,1,0
79,MACETA TALLA S CANASTO BASE BUKAN OUTZEN,OUTZEN,10493,Easy,18-02-2026,S,DESCONOCIDO,1,0
80,MACETERO ENLOZADO MOSTAZA 20X18X18 CM,DECOGREEN,12990,Easy,18-02-2026,20X18X18,DESCONOCIDO,1,0
81,MACETA RUSTIC ROUND 33 CM CHARCOAL,JAPI,19990,Easy,18-02-2026,33CM,DESCONOCIDO,1,0
82,MACETERO CON PLATO BIODEGRADABLE BAMBOO CUADRADO AMARILLO 12.4X13.3X13.3 CM,DECOGREEN,3990,Easy,18-02-2026,12.4X13.3X13.3,DESCONOCIDO,1,0
83,SOPORTE MACETA NEGRO OUTZEN,OUTZEN,13993,Easy,18-02-2026,SIN MEDIDAS,DESCONOCIDO,1,0
84,MACETA CANASTO RING 36 CM,OUTZEN,10493,Easy,18-02-2026,36CM,DESCONOCIDO,1,0
85,MACETA AGAVE 12X14 CM,OUTZEN,3493,Easy,18-02-2026,12X14,DESCONOCIDO,1,0
86,MACETA BOCAYA BEIGE 36 CM,OUTZEN,25193,Easy,18-02-2026,36CM,DESCONOCIDO,1,0
87,MACETERO METALICO BLANCO 12X24X10 CM,DECOGREEN,4194,Easy,18-02-2026,12X24X10,METAL,1,0
88,MACETERO N6 TAUPE 17 CM,REYPLAST,990,Easy,18-02-2026,17CM,DESCONOCIDO,1,0
89,PLATO MACETERO 18 CM RATAN MARRON REYPLAST,REYPLAST,690,Easy,18-02-2026,18CM,NATURAL,1,0
90,MACETERO 33 CM RUSTIC ROUND PLANTER I JAPI,JAPI,19990,Easy,18-02-2026,33CM,DESCONOCIDO,1,0
91,MACETERO PEDESTAL GRIS DECOGREEN,DECOGREEN,53990,Easy,18-02-2026,SIN MEDIDAS,DESCONOCIDO,1,0
92,MACETA RUSTIC CASK 44 CM CHARCOAL,JAPI,44990,Easy,18-02-2026,44CM,DESCONOCIDO,1,0
93,MACETA AUTORREGANTE STONE BEIGE 28 CM,OUTZEN,20993,Easy,18-02-2026,28CM,DESCONOCIDO,1,0
94,MACETA BASE MADERA GRIS 21 CM,GENERICO,6993,Easy,18-02-2026,21CM,NATURAL,1,0
95,MACETA MURCIA 50 CM,OUTZEN,20993,Easy,18-02-2026,50CM,DESCONOCIDO,1,0
96,MACETA PORTER COTTON 16.6 CM,OUTZEN,2793,Easy,18-02-2026,16.6CM,DESCONOCIDO,1,0
97,MACETA OLEANDER NEGRO 19 CM,OUTZEN,4990,Easy,18-02-2026,19CM,DESCONOCIDO,1,0
98,SOPORTE MACETA DOBLE NEGRO OUTZEN,OUTZEN,13993,Easy,18-02-2026,SIN MEDIDAS,DESCONOCIDO,1,0
99,MACETERO 33 CM RATAN MARRON REYPLAST,REYPLAST,8980,Easy,18-02-2026,33CM,NATURAL,1,0
100,PORTA MACETA COLGANTE 15 CM ROOTS,OUTZEN,2793,Easy,18-02-2026,15CM,DESCONOCIDO,1,0
101,MACETA BOCAYA BEIGE 28 CM,OUTZEN,18193,Easy,18-02-2026,28CM,DESCONOCIDO,1,0
102,MACETERO 20 CM BOHO NATURAL OUTZEN,OUTZEN,6993,Easy,18-02-2026,20CM,DESCONOCIDO,1,0
103,MACETA FACE 37X37X33 CM,OUTZEN,20993,Easy,18-02-2026,37X37X33,DESCONOCIDO,1,0
104,MACETA OLEANDER BLUE 15 CM,OUTZEN,2990,Easy,18-02-2026,15CM,DESCONOCIDO,1,0
105,MACETA BILLIE GRIS 38.6 CM,OUTZEN,6293,Easy,18-02-2026,38.6CM,DESCONOCIDO,1,0
106,MACETERO CANASTO 20 CM RAMA NATURAL,DECOGREEN,5990,Easy,18-02-2026,20CM,DESCONOCIDO,1,0
107,MACETERO 25 CM RATAN MARRON REYPLAST,REYPLAST,4980,Easy,18-02-2026,25CM,NATURAL,1,0
108,MACETA 21 CM MADAGASCAR VERDE SECO OUTZEN,OUTZEN,1743,Easy,18-02-2026,21CM,DESCONOCIDO,1,0
109,MACETERO CILINDRO GRAFITO CON PLATO DORADO M 15X15 CM,DECOGREEN,6594,Easy,18-02-2026,15X15,DESCONOCIDO,1,0
110,MACETERO 14 CM CAPRI TAUPE OUTZEN,ARTEVASI,1043,Easy,18-02-2026,14CM,DESCONOCIDO,1,0
111,MACETERO 32.5 CM XL CANASTO NATURAL OUTZEN,OUTZEN,8393,Easy,18-02-2026,32.5CM,DESCONOCIDO,1,0
112,MACETERO 20 CM CAPRI BLANCO OUTZEN,OUTZEN,2793,Easy,18-02-2026,20CM,DESCONOCIDO,1,0
113,MACETERO ENLOZADO BLANCO 17X15X15 CM,DECOGREEN,9990,Easy,18-02-2026,17X15X15,DESCONOCIDO,1,0
114,MACETERO CON PLATO CILINDRO CEMENTO 13X13X13 CM,DECOGREEN,5990,Easy,18-02-2026,13X13X13,CEMENTICIO,1,0
115,MACETERO BIODEGRADABLE BAMBOO BLANCO 24X24X18 CM,DECOGREEN,6990,Easy,18-02-2026,24X24X18,DESCONOCIDO,1,0
116,MACETA COATI MOSTAZA 15.8 CM,OUTZEN,3493,Easy,18-02-2026,15.8CM,DESCONOCIDO,1,0
117,MACETA AUTORREGANTE STONE BEIGE 33 CM,OUTZEN,27993,Easy,18-02-2026,33CM,DESCONOCIDO,1,0
118,MACETERO CILINDRO CEMENTO CON PEDESTAL BAMBOO 25X19 CM,DECOGREEN,5394,Easy,18-02-2026,25X19,CEMENTICIO,1,0
119,MACETA BILLIE VERDE 28.6 CM,OUTZEN,2793,Easy,18-02-2026,28.6CM,DESCONOCIDO,1,0
120,MACETERO TRANSPARENTE 12 CM + 1L SUSTRATO MIX ORQUIDEAS 1L,,7990,Mercado Libre,18-02-2026,12CM,DESCONOCIDO,1,0
121,CRUZ MACETERO MACETA CON PEDESTAL AJUSTABLE NEGRO 24 - 36 CM,,12373,Mercado Libre,18-02-2026,36CM,DESCONOCIDO,1,0
122,PORTA MACETERO DE FIERRO BASE CUADRADA MACETA DECORATIVO,,12900,Mercado Libre,18-02-2026,SIN MEDIDAS,METAL,1,0
123,MACETERO CUADRADO 58CM DE PLASTICO KD9942,,25983,Mercado Libre,18-02-2026,58CM,PLASTICO,1,0
124,SET 3 MACETEROS MACETA DE CERAMICA BLANCO CON LINEAS,,19900,Mercado Libre,18-02-2026,SIN MEDIDAS,CERAMICA,3,1
125,"DE 3 MACETEROS CON PLATO, 5 MODELOS MARCA HOMEY BLANCO MARIPOSA",,9590,Mercado Libre,18-02-2026,SIN MEDIDAS,DESCONOCIDO,3,1
126,PACK 20 MACETEROS PLASTICO REDONDO 8.5CM CHICOS JARDINERAS,,9990,Mercado Libre,18-02-2026,8.5CM,PLASTICO,20,1
127,"PACK 2, MACETERO DE CERAMICA MODELOS VARIADOS ANIMALES",,5025,Mercado Libre,18-02-2026,SIN MEDIDAS,CERAMICA,2,1
128,MACETA VACA DECORATIVA PARA JARDIN Y HOGAR,,11782,Mercado Libre,18-02-2026,SIN MEDIDAS,DESCONOCIDO,1,0
129,4 JUEGOS SOPORTE PARA MACETAS SOPORTES MACETERO INTERIOR,,62940,Mercado Libre,18-02-2026,SIN MEDIDAS,DESCONOCIDO,1,0
130,MACETA CUADRADA NDEG30 CON PLATO TERRACOTA,,6990,Mercado Libre,18-02-2026,SIN MEDIDAS,DESCONOCIDO,1,0
131,80 MACETEROS DE PLASTICO PARA VIVERO 14X13 TERRACOTA,,13269,Mercado Libre,18-02-2026,14X13,PLASTICO,80,1
132,MACETERO COLGANTE 24X15 CM GRIS CASA VIVA,,6830,Mercado Libre,18-02-2026,24X15,DESCONOCIDO,1,0
133,SOPORTE PORTA MACETA MACETERO DE BASE METAL CON RUEDAS NEGRO SOPORTE CON RUEDAS,,3666,Mercado Libre,18-02-2026,SIN MEDIDAS,METAL,1,0
134,MACETERO REDONDO MEDIANO 33CM BOCA EXTERIOR PLASTICO DURO MARRON MEDIANO M,,6200,Mercado Libre,18-02-2026,33CM,PLASTICO,1,0
135,6 SISTEMAS DE SOPORTE DE TOMATES DURADEROS PARA PLANTAS SANA,,35434,Mercado Libre,18-02-2026,SIN MEDIDAS,DESCONOCIDO,1,0
136,3 JUEGOS COLGADOR MACETAS CHLOROPHYTUM MACIZOS FLORES AIRE,,43581,Mercado Libre,18-02-2026,SIN MEDIDAS,DESCONOCIDO,1,0
137,MACETERO NORDICO GRIS OSCURO L 40 CM 40 X 24 X 30 GRIS CLARO,,19793,Mercado Libre,18-02-2026,40CM,DESCONOCIDO,1,0
138,"SOPORTE DE MADERA PARA PLANTAS, SOPORTE PARA MACETAS, MESA",,76944,Mercado Libre,18-02-2026,SIN MEDIDAS,NATURAL,1,0
139,MACETAS DE DECORACION DE CERAMICAS CREATIVO ESTILO BOHEMIO,,6000,Mercado Libre,18-02-2026,SIN MEDIDAS,DESCONOCIDO,1,0
140,"MACETA PARA ORQUIDEAS CON AGUJEROS, 5 UNIDADES R",,9552,Mercado Libre,18-02-2026,SIN MEDIDAS,DESCONOCIDO,5,1
141,MACETERO DECORATIVO CON PEDESTAL METAL DORADO INTERIOR NEGRO MACETERO,,17980,Mercado Libre,18-02-2026,SIN MEDIDAS,METAL,1,0
142,// LINDO MACETERO CON FORMA DE PERRO CON FORMA DE ANIMAL,,19622,Mercado Libre,18-02-2026,SIN MEDIDAS,DESCONOCIDO,1,0
143,MACETERERO PLASTICO CUADRADO 20 CM JARDIN AIRE LIBRE,,4990,Mercado Libre,18-02-2026,20CM,PLASTICO,1,0
144,"100 MACETEROS 10X8 TERRACOTA,MACETAS DE PLASTICO PARA VIVERO",,9980,Mercado Libre,18-02-2026,10X8,PLASTICO,100,1
145,SET ORGANIZADOR 3 PEDESTAL PORTA MACETERO DESMONTABLE NEGRO NEGRO,,17782,Mercado Libre,18-02-2026,SIN MEDIDAS,DESCONOCIDO,1,0
146,MACETERO ORQUIDEAS TRANSPARENTE MACETA + SUSTRATO PREMIUM 2L BLANCO MACETERO PARA ORQUIDEAS,,9990,Mercado Libre,18-02-2026,2L,DESCONOCIDO,1,0
147,4 PIEZAS MACETAS COLGANTES OVALADAS DE HIERRO PARA BALCON,,40236,Mercado Libre,18-02-2026,SIN MEDIDAS,METAL,1,0
148,MACETEROS DE GREDA TERRARIO. PACK 3 UNID. JARDIN DEL CARMEN. COLOR TERRACOTA,,19980,Mercado Libre,18-02-2026,SIN MEDIDAS,CERAMICA,3,1
149,"DE 2 MACETEROS GEOMETRICOS, PLASTICO RESISTENTE. BLANCO-NEGRO",,5831,Mercado Libre,18-02-2026,SIN MEDIDAS,PLASTICO,2,1
150,MACETERO PLASTICO REDONDO 50 CM GRANDE / MACETA NEGRO,,12990,Mercado Libre,18-02-2026,50CM,PLASTICO,1,0
151,"PACK DE 4 MACETEROS DE ANIMALITOS PARA SUCULENTAS, SURTIDOS. BLANCO",,9990,Mercado Libre,18-02-2026,SIN MEDIDAS,DESCONOCIDO,4,1
152,PORTA MACETERO PEDESTAL MACETA PLANTAS NEGRO DORADO,,18905,Mercado Libre,18-02-2026,SIN MEDIDAS,DESCONOCIDO,1,0
153,PACK 10 MACETEROS TRANSPARENTES PLASTICO FLEXIBLE ORQUIDEA TRANSPARENTE REDONDO LISO,,6990,Mercado Libre,18-02-2026,SIN MEDIDAS,PLASTICO,10,1
154,PLATO PARA MACETEROS GRANDES DIAMETRO 50 CM RESISTENTES,,23028,Mercado Libre,18-02-2026,50CM,DESCONOCIDO,1,0
155,MACETAS PARA ORQUIDEAS EN UY,,8349,Mercado Libre,18-02-2026,SIN MEDIDAS,DESCONOCIDO,1,0
156,JARDINERAS MACETERO DE MADERA RECTANGULAR GRANDE CON BORDE DE MADERA,,37990,Mercado Libre,18-02-2026,SIN MEDIDAS,NATURAL,1,0
157,PEDESTAL PARA 3 PLANTAS / PORTA MACETEROS METALICO - NORPLAT BLANCO LISA,,19980,Mercado Libre,18-02-2026,SIN MEDIDAS,METAL,1,0
158,PACK 5 DE MACETAS DE FIELTRO PARA CULTIVO PARA PATATA/TOMATE,,16311,Mercado Libre,18-02-2026,SIN MEDIDAS,DESCONOCIDO,5,1
159,MACETAS COLGANTES EN HIERRO CON SOPORTE PARA BALCONES,,35469,Mercado Libre,18-02-2026,SIN MEDIDAS,METAL,1,0
160,MACETERO 38CM CONICO DE PLASTICO KD9951W,,9900,Mercado Libre,18-02-2026,38CM,PLASTICO,1,0
161,GANCHOS PARA COLGAR PLANTAS DE HIERRO FORJADO DE 8 PAQUETE,,46654,Mercado Libre,18-02-2026,SIN MEDIDAS,METAL,1,0
162,MACETERO CESTA TEJIDO BEIGE HOGAR 26X22CM FLORES PLANTA BEIGE,,10900,Mercado Libre,18-02-2026,26X22,DESCONOCIDO,1,0
163,PACK 20 MACETEROS PLASTICO REDONDO 17CM COLONIAL VIC V-17,,17990,Mercado Libre,18-02-2026,17CM,PLASTICO,20,1
164,ESTANTE JARDINERA HUERTO METALICO PLANTA 3 NIVELES METAL NEGRO MACETERO,,18981,Mercado Libre,18-02-2026,SIN MEDIDAS,METAL,1,0
165,SOPORTE PARA FLORES ESTANTE TRIANGULAR DE PIE PARA MACETAS,,6663,Mercado Libre,18-02-2026,SIN MEDIDAS,DESCONOCIDO,1,0
166,2 PIEZAS CESTA COLGANTE FLORES ARTIFICIALES ESCITORIO,,35785,Mercado Libre,18-02-2026,SIN MEDIDAS,DESCONOCIDO,1,0
167,"LINDO MACETERO PARA PERROS, MOLDE DE SILICONA FUNDIDO EN RES",,3792,Mercado Libre,18-02-2026,SIN MEDIDAS,DESCONOCIDO,1,0
168,MACETERO REDONDO ESTILO RATAN MACETA JARDINERIA PLANTAS,,11969,Mercado Libre,18-02-2026,SIN MEDIDAS,NATURAL,1,0
169,EXHIBICION MACETERO DE BAMBU CON 9 REPISAS,,49980,Mercado Libre,18-02-2026,SIN MEDIDAS,NATURAL,1,0
170,"MACETA DE FLOR, JARDINERA RUSTICA, CUBETA DE 12 PULGADAS",,17418,Mercado Libre,18-02-2026,12PULGADAS,DESCONOCIDO,1,0
171,"MOLDES DE SILICONA PARA MACETAS, 4 PIEZAS, MOLDE DE YESO",,3169,Mercado Libre,18-02-2026,SIN MEDIDAS,DESCONOCIDO,1,0
172,MACETERO 38CM GRAFIATO CONICO KD9951,,8500,Mercado Libre,18-02-2026,38CM,DESCONOCIDO,1,0
173,MACETA TEJIDA YUTE CON PATAS MADERA DECORATIVO PARA PLANTAS COLOR BEIGE,,9490,Mercado Libre,18-02-2026,SIN MEDIDAS,NATURAL,1,0
174,MACETA MACETERO PLASTICO REDONDO ESTILO RATAN 33X30 CM RATAN MARCA REYPLAST,,11990,Mercado Libre,18-02-2026,33X30,PLASTICO,1,0
175,PORTA MACETERO PEDESTAL MACETA PLANTAS NEGRO DORADO GRANDE,,14918,Mercado Libre,18-02-2026,SIN MEDIDAS,DESCONOCIDO,1,0
176,MACETERO WORTH REDONDO GRANDE 44X39 CM PLASTICO BLANCO CON D,,130807,Mercado Libre,18-02-2026,44X39,PLASTICO,1,0
177,2 MACETEROS BARRIL SIMULACION MADERA 4L C/ AGUJERO 22.8X17CM,,13800,Mercado Libre,18-02-2026,22.8X17,NATURAL,2,1
178,PACK 20 PLATO MACETEROS REDONDO 6CM CHICOS JARDINERAS,,5990,Mercado Libre,18-02-2026,6CM,DESCONOCIDO,20,1
179,MACETAS MOVILES DE IMITACION PARA USO EXTERIOR,,26251,Mercado Libre,18-02-2026,SIN MEDIDAS,DESCONOCIDO,1,0
180,WORTH GARDEN 8 MACETAS REDONDAS DE PLASTICO PARA PLANTAS,,57330,Mercado Libre,18-02-2026,SIN MEDIDAS,PLASTICO,8,1
181,"MYGIFT MACETERO CUAD. PARA SUCULENTAS CERAMICA BLANCA 6,3 CM",,82098,Mercado Libre,18-02-2026,"6,3CM",CERAMICA,1,0
182,"MACETA INTELIGENTE, DISPOSITIVO PARA EL HOGAR",,122633,Mercado Libre,18-02-2026,SIN MEDIDAS,DESCONOCIDO,1,0
183,2 PIEZAS SOPORTE PARA BONSAI MACETERO COLGADOR CON ARO,,18147,Mercado Libre,18-02-2026,SIN MEDIDAS,DESCONOCIDO,1,0
184,MACETA COLGANTE DE ACRILICO TRANSPARENTE PARED 26CM,,14990,Mercado Libre,18-02-2026,26CM,PLASTICO,1,0
185,"MACETAS INTELIGENTES PARA MASCOTAS, MACETA AI, MACETAS",,80359,Mercado Libre,18-02-2026,SIN MEDIDAS,DESCONOCIDO,1,0
186,SET DE 3 SOPORTES PARA MACETERO CON DOBLE GANCHO DESMONTABLE,,31790,Mercado Libre,18-02-2026,SIN MEDIDAS,DESCONOCIDO,3,1
187,2 NIVELES MACETERO MACETA RETIRABLE CON PEDESTAL NEGRO 73 CM,,27096,Mercado Libre,18-02-2026,73CM,DESCONOCIDO,1,0
188,SET 3 MACETEROS MACETA DE CERAMICA BLANCOS CON PLATO BLANCO MACETERO DE CERAMICA,,14840,Mercado Libre,18-02-2026,SIN MEDIDAS,CERAMICA,3,1
189,PAQUETE DE 100 MACETAS FLEXIBLES CON AGUJEROS DE DRENAJE,,16505,Mercado Libre,18-02-2026,SIN MEDIDAS,DESCONOCIDO,100,1
190,MACETERO REDONDO PEQUENO 29CM BOCA EXTERIOR PLASTICO DURO MARRON PEQUENO S,,5600,Mercado Libre,18-02-2026,29CM,PLASTICO,1,0
191,MACETERO INTELIGENTE DRYADES Z230 LED 17W AUTORRIEGO INTERIO,,52677,Mercado Libre,18-02-2026,230L,DESCONOCIDO,1,0
192,MACETERO 46CM GRAFIATO CONICO KD9952,,13900,Mercado Libre,18-02-2026,46CM,DESCONOCIDO,1,0
193,"PORTA MACETA DE MADERA CON RUEDAS, BASE CIRCULAR, 2 UNIDADES MARRON CIRCULAR",,13400,Mercado Libre,18-02-2026,SIN MEDIDAS,NATURAL,2,1
194,PACK 5 MACETERO FLORAL REDONDO PLANTA PLASTICO 35CM VIC,,19940,Mercado Libre,18-02-2026,35CM,PLASTICO,5,1
195,SET DE 3 BOLSAS PARA MACETAS COLGANTES DE RED,,40754,Mercado Libre,18-02-2026,SIN MEDIDAS,DESCONOCIDO,3,1
196,MACETERO ORQUIDEAS TRANSPARENTE MEDIANO - MACETA BLANCO MACETERO ORQUIDEA TRANSPARENTE Y RANURADA,,7490,Mercado Libre,18-02-2026,SIN MEDIDAS,DESCONOCIDO,1,0
197,"PACK DE 2 MACETEROS PARA SUCULENTAS, DISENO DE ANIMALITOS MOD-2 GATO",,6990,Mercado Libre,18-02-2026,SIN MEDIDAS,DESCONOCIDO,2,1
198,MACETERO CUADRADO DE PLASTICO KD9943,,39000,Mercado Libre,18-02-2026,SIN MEDIDAS,PLASTICO,1,0
199,MACETEROS DE GREDA 15X15. PACK 3 UNID. JARDIN DEL CARMEN. COLOR TERRACOTA,,19980,Mercado Libre,18-02-2026,15X15,CERAMICA,3,1
200,"MACETA EUROPEA CON FORMA DE ADORNO, DE DIAMETRO 43 CM",,89007,Mercado Libre,18-02-2026,43CM,DESCONOCIDO,1,0
201,ESTRUCTURA PARA PLANTAS TREPADORAS EXTERIOR ESTRUCTURA DE SO,,54214,Mercado Libre,18-02-2026,SIN MEDIDAS,DESCONOCIDO,1,0
202,MACETERO TRANSPARENTE 14 CM + 1L SUSTRATO MIX ORQUIDEAS,,9990,Mercado Libre,18-02-2026,14CM,DESCONOCIDO,1,0
203,10UND/ MACETEROS BIODEGRADABLES CAFE,,3800,Mercado Libre,18-02-2026,SIN MEDIDAS,DESCONOCIDO,10,1
204,SET 3 MACETEROS DE MADERA TIPO BARRIL PARA JARDIN TERRAZA,,17091,Mercado Libre,18-02-2026,SIN MEDIDAS,NATURAL,3,1
205,PACK 10 MACETEROS PLASTICO REDONDO 21CM 21VIC,,14490,Mercado Libre,18-02-2026,21CM,PLASTICO,10,1
206,PACK DE 3 MACETEROS DE PERRITOS EN CERAMICA COLOR VARIADOS VARIADOS PERRITOS,,7495,Mercado Libre,18-02-2026,SIN MEDIDAS,CERAMICA,3,1
207,2PCS ESTANTE PARA MACETAS SOPORTE DE PLANTAS HUERTO 22CM,,12547,Mercado Libre,18-02-2026,22CM,DESCONOCIDO,2,1
208,PEDESTAL PARA 3 PLANTAS / PORTA MACETEROS METALICO - NORPLAT NEGRO LISA,,29980,Mercado Libre,18-02-2026,SIN MEDIDAS,METAL,1,0
209,MACETERO MACETA ACABADO CEMENTO RELIEVE HOJAS BLANCO L,,7682,Mercado Libre,18-02-2026,L,CEMENTICIO,1,0
210,MACETERO PLASTICO REDONDO GRANDE 42 CM,,8350,Mercado Libre,18-02-2026,42CM,PLASTICO,1,0
211,MYGIFT MACETERO DE METAL EN TONO COBRE DE 6 PULGADAS CON A,,53178,Mercado Libre,18-02-2026,6PULGADAS,METAL,1,0
212,MACETERO BUZZY TERRACOTA MINI MACETAS PARA CULTIVO KIT DE HI,,38366,Mercado Libre,18-02-2026,SIN MEDIDAS,DESCONOCIDO,1,0
213,PORTA MACETERO PEDESTAL MACETA PLANTAS BLANCO DORADO MEDIANO,,18040,Mercado Libre,18-02-2026,SIN MEDIDAS,DESCONOCIDO,1,0
214,2 SOPORTES DE BASE DE MACETA DE METAL CON RUEDAS,,8985,Mercado Libre,18-02-2026,SIN MEDIDAS,METAL,2,1
215,SET 3 MACETEROS MACETA DE CERAMICA GRIS CON LINEAS,,17951,Mercado Libre,18-02-2026,SIN MEDIDAS,CERAMICA,3,1
216,SET 3 MACETEROS PARA CACTUS PLANTAS PEQUENAS IMPRESO 3D,,9471,Mercado Libre,18-02-2026,SIN MEDIDAS,DESCONOCIDO,3,1
217,"MYGIFT MACETERO PEQUENO MODERNO DE CERAMICA BLANCA, MACETERO",,69464,Mercado Libre,18-02-2026,SIN MEDIDAS,CERAMICA,1,0
218,MACETERO 60CM GRAFIATO CONICO KD9953W,,27506,Mercado Libre,18-02-2026,60CM,DESCONOCIDO,1,0
219,MACETA BLANDA DE 15X15CM MACETA FACIL DE PLANTULAS 100PCS TERRACOTA,,16508,Mercado Libre,18-02-2026,15X15,DESCONOCIDO,100,1
220,"PACK DE 3 MACETAS CON PLANTAS ARTIFICIALES COLGANTES, HOMEY VERDE",,11842,Mercado Libre,18-02-2026,SIN MEDIDAS,DESCONOCIDO,3,1
221,PACK 3X MACETERO PARA ORQUIDEAS NIDO PRISMA S FRGROUP GRIS PACK 3X NIDO,,15990,Mercado Libre,18-02-2026,S,DESCONOCIDO,3,1
222,ELEVADORES PARA PLANTAS AXCOIX ALTURA AJUSTABLE 7.5-12 X2,,81571,Mercado Libre,18-02-2026,12X2,DESCONOCIDO,1,0
223,MACETA MACETERO REDONDO ESTILO PIEDRA 33X30 CM MARCA REYPLAST,,11990,Mercado Libre,18-02-2026,33X30,DESCONOCIDO,1,0
224,9 PCS MACETAS DE PLASTICO CON SEPARADOR DE AGUA TRICOLOR,,14990,Mercado Libre,18-02-2026,SIN MEDIDAS,PLASTICO,9,1
225,MACETERO PLASTICO DISENO EFECTO BARRIL DE MADERA MACETA L,,15291,Mercado Libre,18-02-2026,L,PLASTICO,1,0
226,PACK 5 MACETEROS PLASTICO REDONDO 16CM NDEG15 LISO,,6990,Mercado Libre,18-02-2026,16CM,PLASTICO,5,1
227,"SOPORTE PARA MACETAS CON RUEDAS, 2 MADERA PARA MACETERO",,34732,Mercado Libre,18-02-2026,SIN MEDIDAS,NATURAL,1,0
228,"80 MACETEROS 14X13 TERRACOTA,MACETAS DE PLASTICO PARA VIVERO",,13289,Mercado Libre,18-02-2026,14X13,PLASTICO,80,1
229,3 PIEZAS SOPORTE PARA MACETAS COLGANTES DE HIERRO RESISTENTE,,33195,Mercado Libre,18-02-2026,SIN MEDIDAS,METAL,1,0
230,PAQUETE DE 5 SOPORTES METALICOS PARA PLANTAS EXTERIORES E IN,,34837,Mercado Libre,18-02-2026,SIN MEDIDAS,DESCONOCIDO,5,1
231,SET 6 MOLDES PARA JARDINERAS PEQUENAS MOLDES PARA PLANTAS,,7797,Mercado Libre,18-02-2026,SIN MEDIDAS,DESCONOCIDO,6,1
232,MACETAS INTERIORES Y EXTERIORES CON DISENO INTEGRADO DE,,35996,Mercado Libre,18-02-2026,SIN MEDIDAS,DESCONOCIDO,1,0
233,MACETERO NEGRO AMSTERDAM 55CM ALTO CON PLATO,FLORIDIS,49990,Sodimac,18-02-2026,55CM,DESCONOCIDO,1,0
234,SOPORTE PARA MACETAS ESTANTE DE MACETAS PARA PLANTAS 8 NIVEL,TNAKIEX,32990,Sodimac,18-02-2026,SIN MEDIDAS,DESCONOCIDO,1,0
235,MACETERO LOOK BARRIL,JUST HOME COLLECTION,,Sodimac,18-02-2026,SIN MEDIDAS,DESCONOCIDO,1,0
236,SET 3 MACETEROS DE FIBRA TALL TAUPE GRIS,JUST HOME COLLECTION,119990,Sodimac,18-02-2026,SIN MEDIDAS,DESCONOCIDO,3,1
237,MACETERO DE PLASTICO 27X38 CM GRANITO,JUST HOME COLLECTION,27990,Sodimac,18-02-2026,27X38,PLASTICO,1,0
238,MACETERO BEIGE AMSTERDAM 65 CM ALTO CON PLATO,FLORIDIS,35990,Sodimac,18-02-2026,65CM,DESCONOCIDO,1,0
239,MACETERO NEGRO AMSTERDAM 44CM ALTO CON PLATO,FLORIDIS,27990,Sodimac,18-02-2026,44CM,DESCONOCIDO,1,0
240,MACETERO SIENA DE PLASTICO 40X40 CM ARENA,JUST HOME COLLECTION,9990,Sodimac,18-02-2026,40X40,PLASTICO,1,0
241,SET ORGANIZADOR 3 PEDESTAL PORTA MACETERO DESMONTABLE METAL,ANYHOGAR,21990,Sodimac,18-02-2026,SIN MEDIDAS,METAL,1,0
242,MACETERO DE CERAMICA NIHI,JUST HOME COLLECTION,,Sodimac,18-02-2026,SIN MEDIDAS,CERAMICA,1,0
243,MACETERO RUSTICO DE ARCILLA TERRACOTA,CASA BONITA,,Sodimac,18-02-2026,SIN MEDIDAS,CERAMICA,1,0
244,ESTANTE PLANTAS 75X54 CM GREEN,JUST HOME COLLECTION,29990,Sodimac,18-02-2026,75X54,DESCONOCIDO,1,0
245,MACETERO DE PLASTICO 50X45 CM CHOCOLATE,VITALY,9990,Sodimac,18-02-2026,50X45,PLASTICO,1,0
246,MACETERO DE MADERA TIPO BARRIL,CASA BONITA,,Sodimac,18-02-2026,SIN MEDIDAS,NATURAL,1,0
247,SET 3 MACETEROS DE MADERA TIPO BARRIL,CASA BONITA,36990,Sodimac,18-02-2026,SIN MEDIDAS,NATURAL,3,1
248,MACETERO DE FIBRA TALL,JUST HOME COLLECTION,,Sodimac,18-02-2026,SIN MEDIDAS,DESCONOCIDO,1,0
249,MACETERO DE PLASTICO 30 CM PLATA,JUST HOME COLLECTION,7990,Sodimac,18-02-2026,30CM,PLASTICO,1,0
250,EXHIBICION MACETERO DE BAMBU CON 9 REPISAS,U BUY,26990,Sodimac,18-02-2026,SIN MEDIDAS,NATURAL,1,0
251,SET 4 TAMANOS DE MACETEROS DENVER COLOR BEIGE,JUST HOME COLLECTION,20990,Sodimac,18-02-2026,SIN MEDIDAS,DESCONOCIDO,4,1
252,MACETERO DE CERAMICA 13X11 CM COLORES SURTIDOS,JUST HOME COLLECTION,2990,Sodimac,18-02-2026,13X11,CERAMICA,1,0
253,MACETERO GRAFIATO DE PLASTICO 34X48 CM GRANITO,JUST HOME COLLECTION,42990,Sodimac,18-02-2026,34X48,PLASTICO,1,0
254,MACETERO SIENA DE PLASTICO 40X40 CM TAUPE,JUST HOME COLLECTION,9990,Sodimac,18-02-2026,40X40,PLASTICO,1,0
255,MACETERO DE MIMBRE PORTA MACETA RUSTICA TRENZAS,OEM,14990,Sodimac,18-02-2026,SIN MEDIDAS,DESCONOCIDO,1,0
256,MACETERO MIKONOS,JUST HOME COLLECTION,,Sodimac,18-02-2026,SIN MEDIDAS,DESCONOCIDO,1,0
257,MACETERO ROTOMOLDEADO MUNA DE POLIETILENO 55X53 CM ARENA,DECO POTTERY,72990,Sodimac,18-02-2026,55X53,PLASTICO,1,0
258,MACETERO FIBRA LINE,JUST HOME COLLECTION,,Sodimac,18-02-2026,SIN MEDIDAS,DESCONOCIDO,1,0
259,MACETERO GRIS EFECTO MARMOL AMSTERDAM 65CM ALTO CON PLATO,FLORIDIS,27990,Sodimac,18-02-2026,65CM,DESCONOCIDO,1,0
260,MACETERO NEGRO GENEBRA 57CM ALTO CON PLATO,FLORIDIS,36990,Sodimac,18-02-2026,57CM,DESCONOCIDO,1,0
261,MACETERO DE POLIETILENO 43X65 CM GRANITO,JUST HOME COLLECTION,52990,Sodimac,18-02-2026,43X65,PLASTICO,1,0
262,MACETERO SIENA DE PLASTICO 40X40 CM BLANCO,JUST HOME COLLECTION,9990,Sodimac,18-02-2026,40X40,PLASTICO,1,0
263,SOPORTE PARA PLANTAS COLGANTES 2 GANCHOS DE PARED DE HIERRO,MUNDO MAGIA,7990,Sodimac,18-02-2026,SIN MEDIDAS,METAL,1,0
264,MACETERO DE CERAMICA EMA,JUST HOME COLLECTION,,Sodimac,18-02-2026,SIN MEDIDAS,CERAMICA,1,0
265,MACETERO DE CERAMICA KURA,JUST HOME COLLECTION,,Sodimac,18-02-2026,SIN MEDIDAS,CERAMICA,1,0
266,MACETERO ROTOMOLDEO DE POLIPROPILENO 55X53 CM NEGRO,POTTERY,79990,Sodimac,18-02-2026,55X53,DESCONOCIDO,1,0
267,MACETA MACETERO PEDESTAL DECORATIVO GRANDE,GENERICO,19990,Sodimac,18-02-2026,SIN MEDIDAS,DESCONOCIDO,1,0
268,MACETERO DE CERAMICA,SK,,Sodimac,18-02-2026,SIN MEDIDAS,CERAMICA,1,0
269,CANASTO DECORATIVO HIERBA MARINA 43X40 CM HOGAR,JUST HOME COLLECTION,28990,Sodimac,18-02-2026,43X40,DESCONOCIDO,1,0
270,JARDIN VERTICAL HUERTO URBANO BALCON TERRAZA MURAL EXTERIOR DE GEOTEXTIL 18 BOLSILLOS,GENERICO,6900,Sodimac,18-02-2026,SIN MEDIDAS,DESCONOCIDO,1,0
271,MACETERO DE GREDA 13X13 CM COLORES SURTIDOS,JUST HOME COLLECTION,2990,Sodimac,18-02-2026,13X13,CERAMICA,1,0
272,MACETERO CEMENTO MODELO MARAGOGI 30CM ALTO,GENERICO,17990,Sodimac,18-02-2026,30CM,CEMENTICIO,1,0
273,SET 3 MACETEROS DE FIBRA STRI GREY GRIS,JUST HOME COLLECTION,96990,Sodimac,18-02-2026,SIN MEDIDAS,DESCONOCIDO,3,1
274,SOPORTE DE 5 NIVELES PARA MACETAS PLANTAS DECORATIVO NEGRO,CRUSEC,28990,Sodimac,18-02-2026,SIN MEDIDAS,DESCONOCIDO,1,0
275,MACETERO REDONDO DE ARCILLA TERRACOTA,JUST HOME COLLECTION,,Sodimac,18-02-2026,SIN MEDIDAS,CERAMICA,1,0
276,MACETERO DE PLASTICO 43X65 CM ARENA,JUST HOME COLLECTION,52990,Sodimac,18-02-2026,43X65,PLASTICO,1,0
277,MACETERO SIENA DE PLASTICO 40X40 CM PLATA,JUST HOME COLLECTION,9990,Sodimac,18-02-2026,40X40,PLASTICO,1,0
278,JARDINERA MACETERO RECTANGULAR PLANTAS URBAN,SUNNYYARD,24990,Sodimac,18-02-2026,SIN MEDIDAS,DESCONOCIDO,1,0
279,MACETERO DE PLASTICO 28 CM,CASA BONITA,4090,Sodimac,18-02-2026,28CM,PLASTICO,1,0
280,JARDINERA EXTERIOR DE BARANDILLA PARA BALCON 50X20X12 CM,CRUSEC,15990,Sodimac,18-02-2026,50X20X12,DESCONOCIDO,1,0
281,SET 2 MACETEROS DE FIBRA CON PATAS BLANCO,JUST HOME COLLECTION,62990,Sodimac,18-02-2026,SIN MEDIDAS,DESCONOCIDO,2,1
282,MACETERO NEGRO EFECTO MARMOL AMSTERDAM 44CM ALTO CON PLATO,FLORIDIS,27990,Sodimac,18-02-2026,44CM,DESCONOCIDO,1,0
283,MACETERO BLANCO GENEBRA 80CM ALTO CON PLATO,FLORIDIS,55990,Sodimac,18-02-2026,80CM,DESCONOCIDO,1,0
284,MACETERO REDONDO DE PLASTICO 32X30 CM TAUPE,REYPLAST,10990,Sodimac,18-02-2026,32X30,PLASTICO,1,0
285,MACETERO DE CERAMICA HIMBA,JUST HOME COLLECTION,,Sodimac,18-02-2026,SIN MEDIDAS,CERAMICA,1,0
286,SET ORGANIZADOR PEDESTAL PORTA MACETERO DESMONTABLE METAL,KINDA NICE,13990,Sodimac,18-02-2026,SIN MEDIDAS,METAL,1,0
287,MACETERO DE CERAMICA 13X13 CM DISENOS SURTIDOS,JUST HOME COLLECTION,2990,Sodimac,18-02-2026,13X13,CERAMICA,1,0
288,MACETERO CAFE EFECTO MARMOL AMSTERDAM 28CM ALTO CON PLATO,FLORIDIS,14990,Sodimac,18-02-2026,28CM,DESCONOCIDO,1,0
289,MACETERO DE PLASTICO 27X38 CM ARENA,JUST HOME COLLECTION,27990,Sodimac,18-02-2026,27X38,PLASTICO,1,0
290,PACK 2 MACETAS DE VIDRIO COLGANTE TRANSPARENTE PARED 13CM,CRUSEC,10990,Sodimac,18-02-2026,13CM,VIDRIO,2,1
291,MACETERO AUTORREGANTE SET 4 UNIDADES,KUANGYE,13990,Sodimac,18-02-2026,SIN MEDIDAS,DESCONOCIDO,4,1
292,MACETERO REDONDO DE PLASTICO 17.2X17 CM TAUPE,REYPLAST,3190,Sodimac,18-02-2026,17.2X17,PLASTICO,1,0
293,MACETERO FLORIDIS CAFE EFECTO MARMOL GENEBRA 57CM ALTO CON PLATO,GENERICO,25990,Sodimac,18-02-2026,57CM,DESCONOCIDO,1,0
294,MACETERO DE CERAMICA NUI,JUST HOME COLLECTION,,Sodimac,18-02-2026,SIN MEDIDAS,CERAMICA,1,0
295,MACETERO DE FIBRA CON PATAS,JUST HOME COLLECTION,,Sodimac,18-02-2026,SIN MEDIDAS,DESCONOCIDO,1,0
296,6 PCS MACETAS DE PLASTICO CON SEPARADOR DE AGUA TRICOLOR,TNAKIEX,11990,Sodimac,18-02-2026,SIN MEDIDAS,PLASTICO,6,1
297,MACETERO ONDULADO DE PLASTICO 38X26 CM ARENA,JUST HOME COLLECTION,21990,Sodimac,18-02-2026,38X26,PLASTICO,1,0
298,PORTAMACETERO COLGANTE 87 CM URBANO INDUSTRIAL DECORATIVO,JUST HOME COLLECTION,5000,Sodimac,18-02-2026,87CM,DESCONOCIDO,1,0
299,PARAGUAS GRANDE DE TOTORA PARA JARDIN Y EXTERIORES,TOTORARTE,13390,Sodimac,18-02-2026,SIN MEDIDAS,DESCONOCIDO,1,0
300,MACETERO GRAFITO AMSTERDAM 44CM ALTO CON PLATO,FLORIDIS,27990,Sodimac,18-02-2026,44CM,DESCONOCIDO,1,0
301,MACETERO REDONDO DE PLASTICO 24.4X23 CM TAUPE,REYPLAST,7490,Sodimac,18-02-2026,24.4X23,PLASTICO,1,0
302,MACETERO TANTA 34 (FIBRA DE CEMENTO),PLANT ME,49990,Sodimac,18-02-2026,SIN MEDIDAS,CEMENTICIO,1,0
303,SET 3 MACETEROS DE CERAMICA NIHI VERDE JADE,JUST HOME COLLECTION,50990,Sodimac,18-02-2026,SIN MEDIDAS,CERAMICA,3,1
304,CERCO METALICO DECORATIVO JARDIN DELIMITADOR 42X47 CM,POTTERY,6490,Sodimac,18-02-2026,42X47,METAL,1,0
305,MACETERO STRI DE FIBRA DE VIDRIO 50X39 CM GRIS,JUST HOME COLLECTION,47990,Sodimac,18-02-2026,50X39,VIDRIO,1,0
306,MACETERO RUSTICO DE ARCILLA,CASA BONITA,,Sodimac,18-02-2026,SIN MEDIDAS,CERAMICA,1,0
307,MACETERO DE FIBRA STRI,JUST HOME COLLECTION,,Sodimac,18-02-2026,SIN MEDIDAS,DESCONOCIDO,1,0
308,JUEGO DE 2 MACETAS METALICAS VINTAGE - ACABADO RUSTICO PARA BALCON,GENERICO,7990,Sodimac,18-02-2026,SIN MEDIDAS,DESCONOCIDO,2,1
309,MACETERO BEIGE EFECTO PIEDRA BOWL 13CM ALTO CON PLATO,FLORIDIS,16990,Sodimac,18-02-2026,13CM,DESCONOCIDO,1,0
310,SET 3 MACETEROS DE CEAMICA KURA TABACO DORADO,JUST HOME COLLECTION,32990,Sodimac,18-02-2026,SIN MEDIDAS,DESCONOCIDO,3,1
311,PORTAMACETERO COLGANTE PARA MACETAS 65 CM,JUST HOME COLLECTION,5000,Sodimac,18-02-2026,65CM,DESCONOCIDO,1,0
312,MACETERO NEGRO AMSTERDAM 45CM ALTO CON PLATO,FLORIDIS,37990,Sodimac,18-02-2026,45CM,DESCONOCIDO,1,0
313,FUENTE SOLAR RAYADO PARA JARDIN,GENERICO,10000,Sodimac,18-02-2026,SIN MEDIDAS,DESCONOCIDO,1,0
314,MACETERO BLANCO AMSTERDAM 28CM ALTO CON PLATO,FLORIDIS,14990,Sodimac,18-02-2026,28CM,DESCONOCIDO,1,0
315,MACETEROS AUTORREGANTE SET 4 UNIDADES,KUANGYE,13990,Sodimac,18-02-2026,SIN MEDIDAS,DESCONOCIDO,4,1
316,PARAGUAS PROTECTOR PARA PLANTAS TOTORA CHICO JARDIN,TOTORARTE,11390,Sodimac,18-02-2026,SIN MEDIDAS,DESCONOCIDO,1,0
317,MACETERO DE CERAMICA 13X12 CM BLANCO; TERRACOTA,JUST HOME COLLECTION,2990,Sodimac,18-02-2026,13X12,CERAMICA,1,0
318,CANASTO DECORATIVO TEJIDO FIBRA 55X35X30 CM,JUST HOME COLLECTION,29990,Sodimac,18-02-2026,55X35X30,DESCONOCIDO,1,0
319,MACETERO UMEA DE CERAMICA 18X17 CM CAPUCCINO,SK,9490,Sodimac,18-02-2026,18X17,CERAMICA,1,0
320,MACETERO DE GREDA 14X14 CM COLORES SURTIDOS,JUST HOME COLLECTION,2990,Sodimac,18-02-2026,14X14,CERAMICA,1,0
321,"RACK HUERTO 49X20X13,5 CM",ERGO,32990,Sodimac,18-02-2026,"49X20X13,5",DESCONOCIDO,1,0
322,SET DE 3 MACETEROS CERAMICA COLOR NEGRO,JUST HOME COLLECTION,50390,Sodimac,18-02-2026,SIN MEDIDAS,CERAMICA,3,1
323,MACETERO MARRON AMSTERDAM 55CM ALTO CON PLATO,FLORIDIS,49990,Sodimac,18-02-2026,55CM,DESCONOCIDO,1,0
324,MACETERO NEGRO BOWL 19CM ALTO CON PLATO,FLORIDIS,22990,Sodimac,18-02-2026,19CM,DESCONOCIDO,1,0
325,6 PCS MOLDES DE MACETAS DE PLASTICO CON JARDINERA PALLET,TNAKIEX,11990,Sodimac,18-02-2026,SIN MEDIDAS,PLASTICO,6,1
326,MACETERO MARRON FLORENCIA 32CM ALTO CON PLATO,FLORIDIS,29990,Sodimac,18-02-2026,32CM,DESCONOCIDO,1,0
327,PORTA MACETERO PEDESTAL MACETA PLANTAS BLANCO DORADO MEDIANO,GENERICO,18990,Sodimac,18-02-2026,SIN MEDIDAS,DESCONOCIDO,1,0
328,MACETERO PORTA MACETA BANDEJA PARA MACETA CON RUEDAS 40CM,OEM,21990,Sodimac,18-02-2026,40CM,DESCONOCIDO,1,0
329,MACETA MACETERO PEDESTAL DECORATIVO BLANCO,GENERICO,15990,Sodimac,18-02-2026,SIN MEDIDAS,DESCONOCIDO,1,0
330,MACETERO NEGRO MODELO BERLIN 41CM ALTO CON PLATO,FLORIDIS,40990,Sodimac,18-02-2026,41CM,DESCONOCIDO,1,0
331,MACETERO CAFE GENEBRA 80CM ALTO CON PLATO,FLORIDIS,55990,Sodimac,18-02-2026,80CM,DESCONOCIDO,1,0
332,MACETERO NEGRO AMSTERDAM 70CM ALTO CON PLATO,FLORIDIS,99990,Sodimac,18-02-2026,70CM,DESCONOCIDO,1,0
333,MACETERO GRAFITO AMSTERDAM 55CM ALTO CON PLATO,FLORIDIS,49990,Sodimac,18-02-2026,55CM,DESCONOCIDO,1,0
334,MACETERO CON PATAS DE METAL 18.5X31 CM DORADO,JUST HOME COLLECTION,14990,Sodimac,18-02-2026,18.5X31,METAL,1,0
335,MACETERO DE PLASTICO 25X21 CM CHOCOLATE,VITALY,1990,Sodimac,18-02-2026,25X21,PLASTICO,1,0
336,JARDINERA DECOWAY BLANCO- 50 CM,GENERICO,20990,Sodimac,18-02-2026,50CM,DESCONOCIDO,1,0
337,MACETERO NEGRO JARDINERA 25CM ALTO CON PLATO,FLORIDIS,34990,Sodimac,18-02-2026,25CM,DESCONOCIDO,1,0
338,MACETERO GRAFITO ZURIQUE 55CM ALTO CON PLATO,FLORIDIS,42990,Sodimac,18-02-2026,55CM,DESCONOCIDO,1,0
339,MACETERO BEIGE AMSTERDAM 28CM ALTO CON PLATO,FLORIDIS,14990,Sodimac,18-02-2026,28CM,DESCONOCIDO,1,0
340,SET 4 TAMANOS DE MACETEROS DENVER COLOR PLOMO,JUST HOME COLLECTION,20990,Sodimac,18-02-2026,SIN MEDIDAS,DESCONOCIDO,4,1
341,MACETERO PLASTICO 46CM GRAFIATO CONICO DECORATIVO GRANDE,GENERICO,17850,Sodimac,18-02-2026,46CM,PLASTICO,1,0
342,MACETERO MARRON ARGOS 57CM ALTO CON PLATO,FLORIDIS,34990,Sodimac,18-02-2026,57CM,DESCONOCIDO,1,0
343,MACETERO DE PLASTICO 22.8X17.8 CM TAUPE,CASA BONITA,2990,Sodimac,18-02-2026,22.8X17.8,PLASTICO,1,0
344,JARDINERA RECTANGULAR LOFLY 80 X 33.4 CM GRIS PIEDRA,STERN,32990,Sodimac,18-02-2026,80X33.4,DESCONOCIDO,1,0
345,PORTA MACETERO METALICO 46 CM PARA INTERIOR,JUST HOME COLLECTION,25990,Sodimac,18-02-2026,46CM,METAL,1,0
346,HUERTO PISO DE MADERA 100X20 CM CAFE,ERGO,15000,Sodimac,18-02-2026,100X20,NATURAL,1,0
347,SET 2 MACETEROS DE CERAMICA AISEA OLIVA DORADO,JUST HOME COLLECTION,24990,Sodimac,18-02-2026,SIN MEDIDAS,CERAMICA,2,1
348,SET DE 3 MACETEROS CERAMICA DISENOS GRIS Y BLANCO,JUST HOME COLLECTION,50390,Sodimac,18-02-2026,SIN MEDIDAS,CERAMICA,3,1
349,MACETERO SIENA DE PLASTICO 30X30 CM BLANCO,JUST HOME COLLECTION,7990,Sodimac,18-02-2026,30X30,PLASTICO,1,0
350,JARDINERA RECTANGULAR AGRO 100 X 18 CM TERRACOTA,STERN,7990,Sodimac,18-02-2026,100X18,DESCONOCIDO,1,0
351,MACETERO CEMENTO MODELO CURITIBA 32CM ALTO,GENERICO,29990,Sodimac,18-02-2026,32CM,CEMENTICIO,1,0
352,MACETERO DE PLASTICO 13X13 CM AMARILLO CLARO; NEGRO,JUST HOME COLLECTION,2990,Sodimac,18-02-2026,13X13,PLASTICO,1,0
353,MACETERO DE PLASTICO 14 CM,JUST HOME COLLECTION,2390,Sodimac,18-02-2026,14CM,PLASTICO,1,0
354,MACETERO DE PLASTICO 23 CM,CASA BONITA,2990,Sodimac,18-02-2026,23CM,PLASTICO,1,0
355,MACETERO PLASTICO DISENO EFECTO BARRIL DE MADERA MACETA L,GENERICO,16990,Sodimac,18-02-2026,L,PLASTICO,1,0
356,MACETERO BASEL,SK,,Sodimac,18-02-2026,SIN MEDIDAS,DESCONOCIDO,1,0
357,MACETERO DE ARCILLA TERRACOTA,JUST HOME COLLECTION,,Sodimac,18-02-2026,SIN MEDIDAS,CERAMICA,1,0
358,MACETERO DE PLASTICO 11.5X8.9 CM TAUPE,CASA BONITA,1190,Sodimac,18-02-2026,11.5X8.9,PLASTICO,1,0
359,MACETERO BEIGE GENEBRA 57CM ALTO CON PLATO,FLORIDIS,36990,Sodimac,18-02-2026,57CM,DESCONOCIDO,1,0
360,ESPONJA ABSORBENTE RECORTABLE BOUQUET PURE DE FLORES 10U,ATURE,15990,Sodimac,18-02-2026,SIN MEDIDAS,DESCONOCIDO,1,0
361,SOPORTE PARA 8 MACETAS ESTANTE JARDINERA HUERTO PLANTAS,GENERICO,19980,Sodimac,18-02-2026,SIN MEDIDAS,DESCONOCIDO,8,1
362,MACETERO VITORIA DE CERAMICA 33X26 CM GRIS,JUST HOME COLLECTION,26990,Sodimac,18-02-2026,33X26,CERAMICA,1,0
363,MACETERO BLANCO AMSTERDAM 44CM ALTO CON PLATO,FLORIDIS,27990,Sodimac,18-02-2026,44CM,DESCONOCIDO,1,0
364,MACETERO REDONDO DE PLASTICO 33X30 CM MARRON,REYPLAST,10990,Sodimac,18-02-2026,33X30,PLASTICO,1,0
365,PORTA MACETERO PEDESTAL SOPORTE DE PLANTAS DESMONTABLE,CRUSEC,15990,Sodimac,18-02-2026,SIN MEDIDAS,DESCONOCIDO,1,0
366,MEDIDOR DE SUELO TRES FUNCIONES PARA JARDIN HUMEDAD LUZ Y PH,ERGO,7990,Sodimac,18-02-2026,SIN MEDIDAS,DESCONOCIDO,1,0
367,MACETERO - DISENO PERRO,GENERICO,4990,Sodimac,18-02-2026,SIN MEDIDAS,DESCONOCIDO,1,0
368,MACETERO AUTORREGANTE RECICLADO DE PLASTICO 23X20 CM CAFE,REMBRE,4290,Sodimac,18-02-2026,23X20,PLASTICO,1,0
369,MACETERO REDONDO DE PLASTICO 25X24 CM MARRON,REYPLAST,6290,Sodimac,18-02-2026,25X24,PLASTICO,1,0
370,MACETERO CANASTO RAMA TEJIDA DECORATIVA 35 X 30 CM,DECOGREEN,13990,Sodimac,18-02-2026,35X30,DESCONOCIDO,1,0
371,MACETERO ALTO CUADRADO LOFLY 24 X 24 CM GRIS PIEDRA,STERN,7990,Sodimac,18-02-2026,24X24,DESCONOCIDO,1,0
372,MACETERO AUTORREGANTE RECICLADO DE PLASTICO 23X20 CM MARFIL,REMBRE,5690,Sodimac,18-02-2026,23X20,PLASTICO,1,0
373,MACETERO CEUTA DE CERAMICA 30X23 CM BEIGE,CASA BONITA,18990,Sodimac,18-02-2026,30X23,CERAMICA,1,0
374,SET 2 CANASTOS NAZCA,JUST HOME COLLECTION,38990,Sodimac,18-02-2026,SIN MEDIDAS,DESCONOCIDO,2,1
375,MACETERO DE PLASTICO 17 CM,CASA BONITA,1690,Sodimac,18-02-2026,17CM,PLASTICO,1,0
376,PACK 80 MACETEROS 14X13 TERRACOTA KIT INICIAL,KUANGYE,10590,Sodimac,18-02-2026,14X13,DESCONOCIDO,80,1
377,PLATO REDONDO PARA MACETERO 25 CM DECORATIVO JARDIN HOGAR,REYPLAST,1390,Sodimac,18-02-2026,25CM,DESCONOCIDO,1,0
378,MACETERO ZAFIRO 17 CM PLATINO,MESTIZA,9490,Sodimac,18-02-2026,17CM,DESCONOCIDO,1,0
379,JARDINERA PARA BARANDA DE POLIPROPILENO 25X25 CM GRIS,REMBRE,4890,Sodimac,18-02-2026,25X25,DESCONOCIDO,1,0
380,SET MACETERO Y PLATO BIODEGRADABLE DE BAMBU 16.5X13 CM BLANCO,DECOGREEN,4990,Sodimac,18-02-2026,16.5X13,NATURAL,1,0
381,KIT 4 MACETERO COLGANTE CON BANDEJA EXTRAIBLE Y DRENAJE M NEGRO,GENERICO,38990,Sodimac,18-02-2026,M,DESCONOCIDO,1,0
382,MACETERO BEIGE AMSTERDAM 55CM ALTO CON PLATO,FLORIDIS,49990,Sodimac,18-02-2026,55CM,DESCONOCIDO,1,0
383,MACETERO GRIS CLARO AMSTERDAM 55CM ALTO CON PLATO,FLORIDIS,49990,Sodimac,18-02-2026,55CM,DESCONOCIDO,1,0
384,MACETERO FLORIDIS NEGRO EFECTO MARMOL ZURIQUE 34CM ALTO CON PLATO,GENERICO,31990,Sodimac,18-02-2026,34CM,DESCONOCIDO,1,0
385,MACETERO BEIGE EFECTO MARMOL AMSTERDAM 44CM ALTO CON PLATO,FLORIDIS,27990,Sodimac,18-02-2026,44CM,DESCONOCIDO,1,0
386,MACETA CON BASE 29X30 CM,JUST HOME COLLECTION,26990,Sodimac,18-02-2026,29X30,DESCONOCIDO,1,0
387,31 KITS BANDEJAS GERMINADORAS CON LUZ INVERNADERO SEMILLERO,YAYKO,12590,Sodimac,18-02-2026,SIN MEDIDAS,DESCONOCIDO,1,0
388,MACETERO DE CEMENTO 11.5X12 GRIS,POTTERY,13590,Sodimac,18-02-2026,11.5X12,CEMENTICIO,1,0
389,MACETERO CEMENTO MODELO BERLIN 31CM ALTO CON PLATO,FLORIDIS,31990,Sodimac,18-02-2026,31CM,CEMENTICIO,1,0
390,MACETERO CAIRO 40 (FIBRA DE VIDRIO),PLANT ME,64990,Sodimac,18-02-2026,SIN MEDIDAS,VIDRIO,1,0
391,MACETERO DE PLASTICO 34X26.8 CM TAUPE,CASA BONITA,6290,Sodimac,18-02-2026,34X26.8,PLASTICO,1,0
392,MASETERO DECORATIVO SHIGUHE MACETA CERAMICA GRIS 82x28 CM,EGLO,11990,Sodimac,18-02-2026,82x28,CERAMICA,1,0
393,JARDINERA DE PLASTICO 15X19X46 CM,CASA BONITA,3990,Sodimac,18-02-2026,15X19X46,PLASTICO,1,0
394,MACETERO ZAFIRO DE CERAMICA 24X21 CM NEGRO,MESTIZA,14990,Sodimac,18-02-2026,24X21,CERAMICA,1,0
395,SET MACETERO Y PLATO ZAFIRO DE CERAMICA 10X13 CM BLANCO,MESTIZA,7290,Sodimac,18-02-2026,10X13,CERAMICA,1,0
396,MACETA COLGANTE MACETERO COLGANTE DE PAJA CESTA MEDIANO,OEM,6990,Sodimac,18-02-2026,SIN MEDIDAS,DESCONOCIDO,1,0
397,COLGADOR MACRAME 114 CM PARA MACETAS,JUST HOME COLLECTION,7690,Sodimac,18-02-2026,114CM,DESCONOCIDO,1,0
398,MACETERO AISEA DE CERAMICA 26X16 CM OLIVA DORADO,JUST HOME COLLECTION,13990,Sodimac,18-02-2026,26X16,CERAMICA,1,0
399,MACETERO VITORIA DE CERAMICA 32X32 CM NEGRO,JUST HOME COLLECTION,28990,Sodimac,18-02-2026,32X32,CERAMICA,1,0
400,ES DE PLASTICO 18X17 CM MARRON,REYPLAST,3690,Sodimac,18-02-2026,18X17,PLASTICO,1,0
401,JARDINERA RECTANGULAR NEW COUBI 39 CM X 19 CM BLANCO,STERN,8590,Sodimac,18-02-2026,39CM,DESCONOCIDO,1,0
402,CANASTO DECORATIVO PARACAS HIERBA MARINA 26X21 CM,JUST HOME COLLECTION,23990,Sodimac,18-02-2026,26X21,DESCONOCIDO,1,0
403,MACETERO COLGANTE CON BANDEJA EXTRAIBLE NEGRO M,GENERICO,10990,Sodimac,18-02-2026,M,DESCONOCIDO,1,0
404,JARDINERA DE PLASTICO 19X15 CM TAUPE,CASA BONITA,6290,Sodimac,18-02-2026,19X15,PLASTICO,1,0
405,SET 2 TAMANOS DE MACETEROS COLOR TERRACOTA,JUST HOME COLLECTION,34990,Sodimac,18-02-2026,SIN MEDIDAS,DESCONOCIDO,2,1
406,SET DE 3 MACETAS TEJIDAS CON PATAS,HOME ESSENTIALS,47990,Sodimac,18-02-2026,SIN MEDIDAS,DESCONOCIDO,3,1
407,MACETERO METALICO DISENO REGADERA,BRIC,9990,Sodimac,18-02-2026,SIN MEDIDAS,METAL,1,0
408,MACETERO NEGRO EFECTO MARMOL AMSTERDAM 28CM ALTO CON PLATO,FLORIDIS,28990,Sodimac,18-02-2026,28CM,DESCONOCIDO,1,0
409,MACETERO BEIGE AMSTERDAM 45CM ALTO CON PLATO,FLORIDIS,37990,Sodimac,18-02-2026,45CM,DESCONOCIDO,1,0
410,2 SOPORTES DE BASE DE MACETA DE METAL CON RUEDAS,GENERICO,17990,Sodimac,18-02-2026,SIN MEDIDAS,METAL,2,1
411,MACETERO Y PLATO TERRACOTA CILINDRO L.,DECOGREEN,14990,Sodimac,18-02-2026,L,DESCONOCIDO,1,0
412,SET 3 MACETEROS FIBRA LINE SAND,JUST HOME COLLECTION,96990,Sodimac,18-02-2026,SIN MEDIDAS,DESCONOCIDO,3,1
413,MACETERO PLASTICO 30CM COLOR ARENA,GENERICO,12990,Sodimac,18-02-2026,30CM,PLASTICO,1,0
414,SET 3 MACETEROS CERAMICA MIKONOS BLANCO,JUST HOME COLLECTION,44990,Sodimac,18-02-2026,SIN MEDIDAS,CERAMICA,3,1
415,MACETERO DE PLASTICO 17.1X13.4 CM TAUPE,CASA BONITA,1690,Sodimac,18-02-2026,17.1X13.4,PLASTICO,1,0
416,MACETA WOOLLY 23CM VERDE COSTA,DEROMA,22990,Sodimac,18-02-2026,23CM,DESCONOCIDO,1,0
417,MACETERO DENVER DE PLASTICO 16X15 CM BEIGE,JUST HOME COLLECTION,4990,Sodimac,18-02-2026,16X15,PLASTICO,1,0
418,CERCO METALICO DECORATIVO JARDIN 56 CM,POTTERY,5490,Sodimac,18-02-2026,56CM,METAL,1,0
419,MACETERO BERLIM DE CERAMICA 12.4X9.2 CM BEIGE,JAPI,5290,Sodimac,18-02-2026,12.4X9.2,CERAMICA,1,0
420,MACETERO DALLAS DE CERAMICA 19X18 CM ANTRACITA,SK,11990,Sodimac,18-02-2026,19X18,CERAMICA,1,0
421,PLATO REDONDO PARA MACETERO 18 CM DECORATIVO HOGAR,REYPLAST,690,Sodimac,18-02-2026,18CM,DESCONOCIDO,1,0
422,MACETERO DE PLASTICO CANASTO DORADO MACETA BALDE GRANDE,OEM,15990,Sodimac,18-02-2026,SIN MEDIDAS,PLASTICO,1,0
423,BASE PARA MACETERO Ndeg10 25 CM JARDIN,CASA BONITA,990,Sodimac,18-02-2026,25CM,DESCONOCIDO,1,0
424,MACETERO DE PLASTICO 14X17 CM VERDE,CASA BONITA,1690,Sodimac,18-02-2026,14X17,PLASTICO,1,0
425,SET 3 MACETEROS UTHAI,JUST HOME COLLECTION,27990,Sodimac,18-02-2026,SIN MEDIDAS,DESCONOCIDO,3,1
426,JARDINERA DECOWAY NEGRO- 50 CM,GENERICO,20990,Sodimac,18-02-2026,50CM,DESCONOCIDO,1,0
427,MACETERO DENVER DE PLASTICO 18X17 CM BEIGE,JUST HOME COLLECTION,5990,Sodimac,18-02-2026,18X17,PLASTICO,1,0
428,SET 2 MACETEROS CON PEDESTAL DORADOS,IMPORTADORA USA,35990,Sodimac,18-02-2026,SIN MEDIDAS,DESCONOCIDO,2,1
429,MACETA JOINVILLE CONCAVO NEGRO 24X12CM EFECTO MARMOLEADO,VERDY,12990,Sodimac,18-02-2026,24X12,DESCONOCIDO,1,0
430,PLANTAS VIVAS FLOTANTES ACUARIOS ESTANQUES LENTEJAS AGUA,GROW SWEET,9990,Sodimac,18-02-2026,SIN MEDIDAS,DESCONOCIDO,1,0
431,MACETEROS DE GREDA (TINAJAS). PACK 10 UNIDADES. POMAIRE ONLINE,GENERICO,14990,Sodimac,18-02-2026,SIN MEDIDAS,CERAMICA,10,1
432,SOPORTE DE 5 NIVELES PARA MACETAS PLANTAS DECORATIVO BLANCO,CRUSEC,28990,Sodimac,18-02-2026,SIN MEDIDAS,DESCONOCIDO,1,0
433,PACK 5 MACETEROS ROBERT PLANT PARA CACTUS O SUCULENTAS,GENERICO,14990,Sodimac,18-02-2026,SIN MEDIDAS,DESCONOCIDO,5,1
434,MACETERO GRIS CLARO AMSTERDAM 44CM ALTO CON PLATO,FLORIDIS,27990,Sodimac,18-02-2026,44CM,DESCONOCIDO,1,0
435,MACETERO DE ARCILLA SIN BORDE TERRACOTA,JUST HOME COLLECTION,19990,Sodimac,18-02-2026,SIN MEDIDAS,CERAMICA,1,0
436,MACETERO BLANCO AMSTERDAM 65 CM ALTO CON PLATO,FLORIDIS,35990,Sodimac,18-02-2026,65CM,DESCONOCIDO,1,0
437,JARDINERA DE POLIPROPILENO 79X39 CM ARENA,DEROMA,82990,Sodimac,18-02-2026,79X39,DESCONOCIDO,1,0
438,MACETERO BEIGE MODELO CURITIBA 24CM ALTO,GENERICO,18990,Sodimac,18-02-2026,24CM,DESCONOCIDO,1,0
439,MACETERO GRAFIATO DE PLASTICO 34X48 CM ARENA,JUST HOME COLLECTION,42990,Sodimac,18-02-2026,34X48,PLASTICO,1,0
440,MACETERO SIENA DE POLIPROPILENO 40X40 CM DORADO,JUST HOME COLLECTION,9990,Sodimac,18-02-2026,40X40,DESCONOCIDO,1,0
441,MACETERO DE PLASTICO 12 CM,CASA BONITA,1090,Sodimac,18-02-2026,12CM,PLASTICO,1,0
442,MACETERO BEIGE ALCANTARA 75CM ALTO,GENERICO,22990,Sodimac,18-02-2026,75CM,DESCONOCIDO,1,0
443,JARDINERA DE MADERA EN PINO CEPILLADO COLOR NOGAL,GENERICO,35990,Sodimac,18-02-2026,SIN MEDIDAS,NATURAL,1,0
444,SET 3 MACETEROS OLIVE REDONDO,JUST HOME COLLECTION,79990,Sodimac,18-02-2026,SIN MEDIDAS,DESCONOCIDO,3,1
445,BASE DE PLASTICO PARA MACETERO 25 CM,CASA BONITA,990,Sodimac,18-02-2026,25CM,PLASTICO,1,0
446,COLGADOR MURAL METALICO PARA MACETEROS 25 CM DECORACION HOGAR,ERGO,5290,Sodimac,18-02-2026,25CM,METAL,1,0
447,MACETERO DE PLASTICO 46 CM,CASA BONITA,13990,Sodimac,18-02-2026,46CM,PLASTICO,1,0
448,MACETERO VIENA,JUST HOME COLLECTION,,Sodimac,18-02-2026,SIN MEDIDAS,DESCONOCIDO,1,0
449,PORTA SUCULENTAS CASITA COLGANTE ESTILO VINTAGE,GENERICO,15000,Sodimac,18-02-2026,SIN MEDIDAS,DESCONOCIDO,1,0
450,SET DE AMARRAS PARA PLANTAS SUJECION JARDIN 20 UNIDADES,ERGO,2190,Sodimac,18-02-2026,SIN MEDIDAS,DESCONOCIDO,20,1
451,MACETERO PLASTICO REDONDO 20CM ARENA,GENERICO,5990,Sodimac,18-02-2026,20CM,PLASTICO,1,0
452,PORTAMACETERO DE PARED METALICO PARA MACETAS,ERGO,3990,Sodimac,18-02-2026,SIN MEDIDAS,METAL,1,0
453,COLGADOR MACETAS 125 CM SOPORTE PARA 3,JUST HOME COLLECTION,5990,Sodimac,18-02-2026,125CM,DESCONOCIDO,1,0
454,CANASTO DECORATIVO HIERBA MARINA 43X30 CM BOHO CHIC HOGAR,JUST HOME COLLECTION,16990,Sodimac,18-02-2026,43X30,DESCONOCIDO,1,0
455,MACETERO 25X20 CM GRIS CASA VIVA,GENERICO,4990,Sodimac,18-02-2026,25X20,DESCONOCIDO,1,0
456,MACETA RECTANGULAR 43CM NARANJA CON PLATO - JARDIN BALCON INTEXT,GENERICO,5990,Sodimac,18-02-2026,43CM,DESCONOCIDO,1,0
457,JARDINERA PARA BARANDA DE POLIPROPILENO 21X25 CM GRIS,REMBRE,2590,Sodimac,18-02-2026,21X25,DESCONOCIDO,1,0
458,MACETERO FLORIDIS CAFE EFECTO MARMOL ZURIQUE 34CM ALTO CON PLATO,GENERICO,31990,Sodimac,18-02-2026,34CM,DESCONOCIDO,1,0
459,MACETERO GROSSETO DE CERAMICA 21X16 CM GRIS,CERAMICA ESPEJO,10990,Sodimac,18-02-2026,21X16,CERAMICA,1,0
460,PLATO BASE BIODEGRADABLE PARA MACETERO 25 CM JARDIN,DECOGREEN,2390,Sodimac,18-02-2026,25CM,DESCONOCIDO,1,0
461,COLGADOR MACETAS 125 CM DECORATIVO HOGAR,JUST HOME COLLECTION,5990,Sodimac,18-02-2026,125CM,DESCONOCIDO,1,0
462,MACETERO CILINDRO DE CEMENTO 20X20 CM GRIS Y BAMBOO,DECOGREEN,9690,Sodimac,18-02-2026,20X20,CEMENTICIO,1,0
463,SET MACETERO Y PLATO BIODEGRADABLE DE BAMBU 24X18 CM GRIS,DECOGREEN,7990,Sodimac,18-02-2026,24X18,NATURAL,1,0
464,SET PORTA MACETERO SOPORTE MACETAS ESTANTE METAL ELEGANTE,GENERICO,98990,Sodimac,18-02-2026,SIN MEDIDAS,METAL,1,0
465,MACETERO CESTO CANASTO MACETA DE MIMBRE TEJIDA PLEGABLE 35CM B,OEM,16980,Sodimac,18-02-2026,35CM,DESCONOCIDO,1,0
466,BASE PARA MACETERO Ndeg16 40 CM JARDIN,CASA BONITA,3590,Sodimac,18-02-2026,40CM,DESCONOCIDO,1,0
467,MACETERO BASEL DE CERAMICA 24X23 CM GRIS,SK,17990,Sodimac,18-02-2026,24X23,CERAMICA,1,0
468,"VASOS PARA TRASPLANTE 9X9X9,5 CM - 10 UNIDADES",VILMORIN,3090,Sodimac,18-02-2026,"9X9X9,5",DESCONOCIDO,10,1
469,MACETERO BEIGE ARGOS 71CM ALTO CON PLATO,FLORIDIS,49990,Sodimac,18-02-2026,71CM,DESCONOCIDO,1,0
470,PORTA MACETEROS SOPORTE PLANTAS 3 NIVELES,GENERICO,34990,Sodimac,18-02-2026,SIN MEDIDAS,DESCONOCIDO,1,0
471,MACETERO PORTA MACETA BANDEJA PARA MACETA CON RUEDAS 32CM,OEM,13990,Sodimac,18-02-2026,32CM,DESCONOCIDO,1,0
472,MACETERO BEIGE ALCANTARA 50CM ALTO,GENERICO,16990,Sodimac,18-02-2026,50CM,DESCONOCIDO,1,0
473,MACETERO TRAPECIO DE PLASTICO 34X43 CM NEGRO,JUST HOME COLLECTION,40990,Sodimac,18-02-2026,34X43,PLASTICO,1,0
474,MACETERO BEIGE EFECTO PIEDRA BOWL 19CM ALTO CON PLATO,FLORIDIS,22990,Sodimac,18-02-2026,19CM,DESCONOCIDO,1,0
475,PACK 5 MACETEROS MURAL AIRE LIBRE COLGANTE Ndeg27,GENERICO,14990,Sodimac,18-02-2026,SIN MEDIDAS,DESCONOCIDO,5,1
476,MACETERO PARA PLANTAS SET,BRIC,28990,Sodimac,18-02-2026,SIN MEDIDAS,DESCONOCIDO,1,0
477,MACETERO METALICO REGADERA 7X 7.5 X 5.5 CM.,OEM,5490,Sodimac,18-02-2026,7X7.5X5.5,METAL,1,0
478,MACETERO 13 CM FLORES AZUL,ROBERTA ALLEN,5990,Sodimac,18-02-2026,13CM,DESCONOCIDO,1,0
479,MACETERO COLGANTE CON BANDEJA EXTRAIBLE BLANCO L,GENERICO,29990,Sodimac,18-02-2026,L,DESCONOCIDO,1,0
480,MACETERO GRAFITO MODELO CURITIBA 19CM ALTO,GENERICO,13990,Sodimac,18-02-2026,19CM,DESCONOCIDO,1,0
481,MACETERO DE CEMENTO 10.6X10.6 GRIS,POTTERY,3290,Sodimac,18-02-2026,10.6X10.6,CEMENTICIO,1,0
482,MACETERO DENVER DE PLASTICO 22X20 CM PLOMO,JUST HOME COLLECTION,7990,Sodimac,18-02-2026,22X20,PLASTICO,1,0
483,MACETERO DE PARED - MINIMALISTA NEGRO,GENERICO,9000,Sodimac,18-02-2026,SIN MEDIDAS,DESCONOCIDO,1,0
484,PACK DE 10 JACINTOS DE AGUA CAMALOTE O LIRIO DE AGUA,GROW SWEET,28900,Sodimac,18-02-2026,SIN MEDIDAS,DESCONOCIDO,10,1
485,MACETERO CUADRADO CON RUEDAS 40 CM CAFE,INNOVAPLAST,9990,Construmart,18-02-2026,40CM,DESCONOCIDO,1,0
486,MACETERO REDONDO CON RUEDAS 40 CM BLANCO,INNOVAPLAST,9990,Construmart,18-02-2026,40CM,DESCONOCIDO,1,0
487,MACETERO PLASTICO MUNA GRANDE 43 CM GRIS,POTTERY,29990,Construmart,18-02-2026,43CM,PLASTICO,1,0
488,MACETERO REDONDO CON RUEDAS 40 CM CAFE,INNOVAPLAST,9990,Construmart,18-02-2026,40CM,DESCONOCIDO,1,0
489,MACETERO REDONDO CON RUEDAS 40 CM BEIGE,INNOVAPLAST,9990,Construmart,18-02-2026,40CM,DESCONOCIDO,1,0
490,MACETERO CUADRADO CON RUEDAS 40 CM BLANCO,INNOVAPLAST,9990,Construmart,18-02-2026,40CM,DESCONOCIDO,1,0
491,MACETERO CERAMICA PATRONES BEIGE L,PROJAÜS,8990,Construmart,18-02-2026,L,CERAMICA,1,0
492,MACETERO PLASTICO REDONDO DURAKOTTA 46 CM TERRACOTA,REYPLAST,8390,Construmart,18-02-2026,46CM,PLASTICO,1,0
493,JARDINERA BALCON PLASTICA DOBLE ROJO,GENERICO,4990,Construmart,18-02-2026,SIN MEDIDAS,PLASTICO,1,0
494,JARDINERA BALCON PLASTICA DOBLE VERDE,GENERICO,4990,Construmart,18-02-2026,SIN MEDIDAS,PLASTICO,1,0
495,JARDINERA BALCON PLASTICA SIMPLE VERDE,GENERICO,2990,Construmart,18-02-2026,SIN MEDIDAS,PLASTICO,1,0
496,MACETERO CEMENTO TRADICIONAL M,PROJAÜS,19990,Construmart,18-02-2026,M,CEMENTICIO,1,0
497,MACETERO CERAMICA BLANCO/FLORES M,GENERICO,8390,Construmart,18-02-2026,M,CERAMICA,1,0
498,MACETERO CERAMICA BLANCO/VERDE S,GENERICO,7390,Construmart,18-02-2026,S,CERAMICA,1,0
499,MACETERO CERAMICA PATRONES GRIS M,PROJAÜS,7990,Construmart,18-02-2026,M,CERAMICA,1,0
500,MACETERO CUADRADO CON RUEDAS 40 CM BEIGE,INNOVAPLAST,9990,Construmart,18-02-2026,40CM,DESCONOCIDO,1,0
501,MACETERO PLASTICO ESTILO PIEDRA REDONDO 18 CM TAUPE,REYPLAST,3160,Construmart,18-02-2026,18CM,PLASTICO,1,0
502,MACETERO PLASTICO MUNA GRANDE 53 CM ARENA,POTTERY,49990,Construmart,18-02-2026,53CM,PLASTICO,1,0
503,MACETERO PLASTICO MUNA GRANDE 53 CM GRAFITO,POTTERY,49990,Construmart,18-02-2026,53CM,PLASTICO,1,0
504,MACETERO PLASTICO RATAN 25 CM CAFE,REYPLAST,5280,Construmart,18-02-2026,25CM,PLASTICO,1,0
505,MACETERO PLASTICO RECTANGULAR DURAKOTTA 46 CM TERRACOTA,REYPLAST,2990,Construmart,18-02-2026,46CM,PLASTICO,1,0
506,MACETERO PLASTICO RECTANGULAR DURAKOTTA 61 CM TERRACOTA,REYPLAST,3990,Construmart,18-02-2026,61CM,PLASTICO,1,0
507,MACETERO PLASTICO REDONDO DURAKOTTA 17 CM TERRACOTA,REYPLAST,690,Construmart,18-02-2026,17CM,PLASTICO,1,0
508,MACETERO PLASTICO REDONDO DURAKOTTA 28 CM TERRACOTA,REYPLAST,2990,Construmart,18-02-2026,28CM,PLASTICO,1,0
509,MACETERO PLASTICO REDONDO DURAKOTTA 34 CM TERRACOTA,REYPLAST,4990,Construmart,18-02-2026,34CM,PLASTICO,1,0
510,MACETERO AUTORREGANTE 21 X 19 CM TAUPE,VITALY,3160,Construmart,18-02-2026,21X19,DESCONOCIDO,1,0
511,MACETERO AUTORREGANTE 23 X 21 CM TAUPE,VITALY,4190,Construmart,18-02-2026,23X21,DESCONOCIDO,1,0
512,MACETERO AUTORREGANTE 19 X 17 CM CAFE,VITALY,2090,Construmart,18-02-2026,19X17,DESCONOCIDO,1,0
513,MACETERO AUTORREGANTE 23 X19 CM CAFE,VITALY,4190,Construmart,18-02-2026,23X19,DESCONOCIDO,1,0
514,MACETERO LISO 25 X 21 CM CAFE,VITALY,2090,Construmart,18-02-2026,25X21,DESCONOCIDO,1,0
515,MACETERO CUADRADO CON RUEDAS 30 CM BLANCO,INNOVAPLAST,6990,Construmart,18-02-2026,30CM,DESCONOCIDO,1,0
516,MACETERO AUTORREGANTE 21 X 19 CM BEIGE,VITALY,3160,Construmart,18-02-2026,21X19,DESCONOCIDO,1,0
517,JARDINERA BALCON PLASTICA DOBLE MARFIL,GENERICO,4990,Construmart,18-02-2026,SIN MEDIDAS,PLASTICO,1,0
518,MACETERO BALCON NEW GRIS,INNOVAPLAST,4990,Construmart,18-02-2026,SIN MEDIDAS,DESCONOCIDO,1,0
519,MACETERO BALCON NEW TERRACOTA,INNOVAPLAST,4990,Construmart,18-02-2026,SIN MEDIDAS,DESCONOCIDO,1,0
520,MACETERO CERAMICA CAFE M,GENERICO,3990,Construmart,18-02-2026,M,CERAMICA,1,0
521,MACETERO CERAMICA PATRONES ROSADO L,PROJAÜS,9990,Construmart,18-02-2026,L,CERAMICA,1,0
522,MACETERO CERAMICA PATRONES ROSADO M,PROJAÜS,13690,Construmart,18-02-2026,M,CERAMICA,1,0
523,MACETERO PLASTICO MUNA GRANDE 43 CM ARENA,POTTERY,29990,Construmart,18-02-2026,43CM,PLASTICO,1,0
524,MACETERO PLASTICO RECTANGULAR DURAKOTTA 46 CM VERDE,REYPLAST,2990,Construmart,18-02-2026,46CM,PLASTICO,1,0
525,MACETERO PLASTICO REDONDO DURAKOTTA 40 CM TERRACOTA,REYPLAST,6290,Construmart,18-02-2026,40CM,PLASTICO,1,0
526,MACETERO PLASTICO REDONDO DURAKOTTA 40 CM VERDE,REYPLAST,7990,Construmart,18-02-2026,40CM,PLASTICO,1,0
527,MACETERO AUTORREGANTE 19 X17 CM BEIGE,VITALY,2090,Construmart,18-02-2026,19X17,DESCONOCIDO,1,0
528,MACETERO LISO 30 X 26 CM CAFE,VITALY,2990,Construmart,18-02-2026,30X26,DESCONOCIDO,1,0
529,MACETERO LUJO 55 X 43 CM CAFE,VITALY,12690,Construmart,18-02-2026,55X43,DESCONOCIDO,1,0
530,JARDINERA BALCON PLASTICA SIMPLE MARFIL,GENERICO,3990,Construmart,18-02-2026,SIN MEDIDAS,PLASTICO,1,0
531,JARDINERA BALCON PLASTICA SIMPLE ROJO,GENERICO,2990,Construmart,18-02-2026,SIN MEDIDAS,PLASTICO,1,0
532,JARDINERA RECTANGULAR REJA 45 CM TERRACOTA,HUMBER,8990,Construmart,18-02-2026,45CM,DESCONOCIDO,1,0
533,MACETERO CEMENTO TRADICIONAL L,PROJAÜS,29990,Construmart,18-02-2026,L,CEMENTICIO,1,0
534,MACETERO CEMENTO TRADICIONAL S,PROJAÜS,12990,Construmart,18-02-2026,S,CEMENTICIO,1,0
535,BERGEN 40X40 (PORTA MACETERO CERAMICA XL),,69990,Plantme,18-02-2026,40X40,CERAMICA,1,0
536,BANGKOK GRAFITO 75 (MACETERO FIBERCLAY),,149990,Plantme,18-02-2026,SIN MEDIDAS,CEMENTICIO,1,0
537,MADRID 40 AZUL (MACETERO PLASTICO RECICLADO XL),,44990,Plantme,18-02-2026,XL,PLASTICO,1,0
538,HONG KONG VERDE 54 (MACETERO FIBERCLAY),,54990,Plantme,18-02-2026,SIN MEDIDAS,CEMENTICIO,1,0
539,PACK TANTA (3 MACETEROS DE FIBRA DE ARCILLA),,127478,Plantme,18-02-2026,SIN MEDIDAS,CERAMICA,3,1
540,PHUKET XL 34X20 (MACETERO FIBRA DE ARCILLA),,34990,Plantme,18-02-2026,34X20,CERAMICA,1,0
541,MADRID 19 GRAFITO (MACETERO PLASTICO RECICLADO M),,9990,Plantme,18-02-2026,M,PLASTICO,1,0
542,"MADRID 26,5 GRAFITO (MACETERO PLASTICO RECICLADO L)",,19990,Plantme,18-02-2026,L,PLASTICO,1,0
543,BERGEN 20X20 (PORTA MACETERO CERAMICA M),,26990,Plantme,18-02-2026,20X20,CERAMICA,1,0
544,PHUKET XXL 44X26 (MACETERO FIBRA DE ARCILLA),,44990,Plantme,18-02-2026,44X26,CERAMICA,1,0
545,PHUKET XXXL 55X33 (MACETERO FIBRA DE ARCILLA),,54990,Plantme,18-02-2026,55X33,CERAMICA,1,0
546,KO SAMUI L 24X24 (MACETERO FIBRA DE ARCILLA),,24990,Plantme,18-02-2026,24X24,CERAMICA,1,0
547,KO SAMUI XL 33X33 (MACETERO FIBRA DE ARCILLA),,34990,Plantme,18-02-2026,33X33,CERAMICA,1,0
548,KO SAMUI XXL 43X43 (MACETERO FIBRA DE ARCILLA),,49990,Plantme,18-02-2026,43X43,CERAMICA,1,0
549,KO SAMUI XXXL 53X53 (MACETERO FIBRA DE ARCILLA),,64990,Plantme,18-02-2026,53X53,CERAMICA,1,0
550,BERGEN 27X27 (PORTA MACETERO CERAMICA L),,39990,Plantme,18-02-2026,27X27,CERAMICA,1,0
551,PACK CAIRO (3 MACETEROS DE FIBRA DE VIDRIO),,149978,Plantme,18-02-2026,SIN MEDIDAS,VIDRIO,3,1
552,PACK MARRUECOS BLANCO (3 MACETEROS DE FIBRA DE ARCILLA),,134978,Plantme,18-02-2026,SIN MEDIDAS,CERAMICA,3,1
553,CAIRO 34X34 BLANCO (MACETERO DE FIBRA DE VIDRIO L),,27492,Plantme,18-02-2026,34X34,VIDRIO,1,0
554,NORDICO NEGRO L (MACETERO DE CERAMICA),,44990,Plantme,18-02-2026,L,CERAMICA,1,0
555,NORDICO NEGRO XL (MACETERO DE CERAMICA),,79990,Plantme,18-02-2026,XL,CERAMICA,1,0
556,CAIRO 40X39 BLANCO (MACETERO DE FIBRA DE VIDRIO XL),,32492,Plantme,18-02-2026,40X39,VIDRIO,1,0
557,DINAMARCA 16X14 BLANCO (MACETERO PORCELANA S),,18990,Plantme,18-02-2026,16X14,CERAMICA,1,0
558,TANTA 34X31 BLANCO (MACETERO FIBRA DE ARCILLA L),,49990,Plantme,18-02-2026,34X31,CERAMICA,1,0
559,NUSA L (CANASTO DE FIBRA NATURAL),,16990,Plantme,18-02-2026,L,NATURAL,1,0
560,HONG KONG VERDE 32 (MACETERO FIBERCLAY),,29990,Plantme,18-02-2026,SIN MEDIDAS,CEMENTICIO,1,0
561,HONG KONG VERDE 42 (MACETERO FIBERCLAY),,44990,Plantme,18-02-2026,SIN MEDIDAS,CEMENTICIO,1,0
562,BANGKOK GRAFITO 62 (MACETERO FIBERCLAY),,124990,Plantme,18-02-2026,SIN MEDIDAS,CEMENTICIO,1,0
563,"SANTORINI NEGRO (CANASTO DE FIBRA NATURAL), XL",,24990,Plantme,18-02-2026,XL,NATURAL,1,0
564,"KENIA VERDE (CANASTO DE FIBRA NATURAL), L",,14990,Plantme,18-02-2026,L,NATURAL,1,0
565,MURCIA 27 GRIS OSCURO (MACETERO COLGANTE PLASTICO RECICLADO),,12990,Plantme,18-02-2026,SIN MEDIDAS,PLASTICO,1,0
566,PACK DE ZURICH VERDES (MACETERO DE CERAMICA),,14990,Plantme,18-02-2026,SIN MEDIDAS,CERAMICA,1,0
567,PACK DE ZURICH BLANCOS (MACETERO DE CERAMICA),,14990,Plantme,18-02-2026,SIN MEDIDAS,CERAMICA,1,0
568,"SANTORINI NEGRO (CANASTO DE FIBRA NATURAL), L",,14990,Plantme,18-02-2026,L,NATURAL,1,0
569,"KENIA NEGRO (CANASTO DE FIBRA NATURAL), L",,14990,Plantme,18-02-2026,L,NATURAL,1,0
570,"KRABI (CANASTO DE FIBRA NATURAL), XL",,29990,Plantme,18-02-2026,XL,NATURAL,1,0
571,"KRABI (CANASTO DE FIBRA NATURAL), L",,19990,Plantme,18-02-2026,L,NATURAL,1,0
572,"SANTORINI BLANCO (CANASTO DE FIBRA NATURAL), L",,14990,Plantme,18-02-2026,L,NATURAL,1,0
573,"PHUKET (CANASTO DE FIBRA NATURAL), XL",,24990,Plantme,18-02-2026,XL,NATURAL,1,0
574,"PHUKET (CANASTO DE FIBRA NATURAL), L",,14990,Plantme,18-02-2026,L,NATURAL,1,0
575,"MAR (CANASTO DE FIBRA NATURAL), L",,14990,Plantme,18-02-2026,L,NATURAL,1,0
576,"MAR (CANASTO DE FIBRA NATURAL), XL",,24990,Plantme,18-02-2026,XL,NATURAL,1,0
577,"SANTORINI BLANCO (CANASTO DE FIBRA NATURAL), XL",,24990,Plantme,18-02-2026,XL,NATURAL,1,0
578,"SIMBA (CANASTO DE FIBRA NATURAL), XL",,24990,Plantme,18-02-2026,XL,NATURAL,1,0
579,"KENIA NEGRO (CANASTO DE FIBRA NATURAL), XL",,24990,Plantme,18-02-2026,XL,NATURAL,1,0
580,MADRID 13 BLANCO (MACETERO PLASTICO RECICLADO S),,6990,Plantme,18-02-2026,S,PLASTICO,1,0
581,MADRID 13 AZUL (MACETERO PLASTICO RECICLADO S),,6990,Plantme,18-02-2026,S,PLASTICO,1,0
582,MADRID 13 GRAFITO (MACETERO PLASTICO RECICLADO S),,6990,Plantme,18-02-2026,S,PLASTICO,1,0
583,MADRID 19 AZUL (MACETERO PLASTICO RECICLADO M),,9990,Plantme,18-02-2026,M,PLASTICO,1,0
584,MADRID 19 BLANCO (MACETERO PLASTICO RECICLADO M),,9990,Plantme,18-02-2026,M,PLASTICO,1,0
585,MADRID 40 GRAFITO (MACETERO PLASTICO RECICLADO XL),,44990,Plantme,18-02-2026,XL,PLASTICO,1,0
586,CADIZ 13 GRIS (MACETERO PLASTICO RECICLADO ORQUIDEA),,6990,Plantme,18-02-2026,SIN MEDIDAS,PLASTICO,1,0
587,"MALAGA 13,5 COLOR PIEDRA (MACETERO COLGANTE ORQUIDEA)",,7990,Plantme,18-02-2026,SIN MEDIDAS,DESCONOCIDO,1,0
588,"KENIA VERDE (CANASTO DE FIBRA NATURAL), XL",,24990,Plantme,18-02-2026,XL,NATURAL,1,0
589,"SIMBA (CANASTO DE FIBRA NATURAL), L",,14990,Plantme,18-02-2026,L,NATURAL,1,0
590,"BALU (CANASTO DE FIBRA NATURAL), L",,14990,Plantme,18-02-2026,L,NATURAL,1,0
591,"BIGOTES (CANASTO DE FIBRA NATURAL), L",,14990,Plantme,18-02-2026,L,NATURAL,1,0
592,MARRUECOS 50X40 GRIS (MACETERO FIBRA DE ARCILLA XXL),,69990,Plantme,18-02-2026,50X40,CERAMICA,1,0
593,ASUAN 35 (FIBRA DE ARCILLA),,54990,Plantme,18-02-2026,SIN MEDIDAS,CERAMICA,1,0
594,BALI L (CANASTO DE FIBRA NATURAL),,14990,Plantme,18-02-2026,L,NATURAL,1,0
595,DINAMARCA 16X14 GRIS (MACETERO PORCELANA S),,18990,Plantme,18-02-2026,16X14,CERAMICA,1,0
596,NUSA XL (CANASTO DE FIBRA NATURAL),,26990,Plantme,18-02-2026,XL,NATURAL,1,0
597,LUXOR 31 (FIBRA DE ARCILLA),,49990,Plantme,18-02-2026,SIN MEDIDAS,CERAMICA,1,0
598,TANTA 40X35 BLANCO (MACETERO FIBRA DE ARCILLA XL),,59990,Plantme,18-02-2026,40X35,CERAMICA,1,0
599,PACK DINAMARCA GRIS (MACETEROS DE PORCELANA),,80970,Plantme,18-02-2026,SIN MEDIDAS,CERAMICA,1,0
600,BALI XL (CANASTO DE FIBRA NATURAL),,24990,Plantme,18-02-2026,XL,NATURAL,1,0
601,PACK MARRUECOS GRIS (3 MACETEROS DE FIBRA DE ARCILLA),,134978,Plantme,18-02-2026,SIN MEDIDAS,CERAMICA,3,1
602,PACK DINAMARCA BLANCO (3 MACETEROS DE PORCELANA),,80970,Plantme,18-02-2026,SIN MEDIDAS,CERAMICA,3,1
603,AMALFI 22X26 (MACETERO FIBRA DE ARCILLA) L,,34990,Plantme,18-02-2026,22X26,CERAMICA,1,0
604,DANES M NEGRO (PORTA MACETERO DE CERAMICA),,21990,Plantme,18-02-2026,M,CERAMICA,1,0
605,DANES M GRIS (PORTA MACETERO DE CERAMICA),,21990,Plantme,18-02-2026,M,CERAMICA,1,0
606,DANES M BLANCO (PORTA MACETERO DE CERAMICA),,21990,Plantme,18-02-2026,M,CERAMICA,1,0
607,PACK BERGEN (3 PORTA MACETEROS DE CERAMICA),,102728,Plantme,18-02-2026,SIN MEDIDAS,CERAMICA,1,0
608,OSLO 40X40 AZUL (PORTA MACETERO CERAMICA XL),,48993,Plantme,18-02-2026,40X40,CERAMICA,1,0
609,OSLO 20X20 AZUL (PORTA MACETERO CERAMICA M),,18893,Plantme,18-02-2026,20X20,CERAMICA,1,0
610,OSLO 27X27 AZUL (PORTA MACETERO CERAMICA L),,27993,Plantme,18-02-2026,27X27,CERAMICA,1,0
611,PACK OSLO (3 MACETEROS DE CERAMICA),,95879,Plantme,18-02-2026,SIN MEDIDAS,CERAMICA,3,1
612,AMALFI 43X49 (MACETERO FIBRA DE ARCILLA XXL),,79990,Plantme,18-02-2026,43X49,CERAMICA,1,0
613,MADRID 40 BLANCO (MACETERO PLASTICO RECICLADO XL),,44990,Plantme,18-02-2026,XL,PLASTICO,1,0
614,"MADRID 26,5 BLANCO (MACETERO PLASTICO RECICLADO L)",,24990,Plantme,18-02-2026,L,PLASTICO,1,0
615,"MACETERO, JACINTO DE AGUA, 12 CM",FRIDFULL,4990,Ikea,18-02-2026,12CM,DESCONOCIDO,1,0
616,"MACETERO, DORADO, 9 CM",DAIDAI,990,Ikea,18-02-2026,9CM,DESCONOCIDO,1,0
617,"MACETERO, BLANCO, 24 CM",SOJABÖNA,9990,Ikea,18-02-2026,24CM,DESCONOCIDO,1,0
618,"MACETERO, INTERIOR/EXTERIOR GRIS, 24 CM",NYPON,9990,Ikea,18-02-2026,24CM,DESCONOCIDO,1,0
619,"MACETERO, JACINTO DE AGUA, 24 CM",FRIDFULL,19990,Ikea,18-02-2026,24CM,DESCONOCIDO,1,0
620,"MACETERO, GRIS, 15 CM",GRADVIS,6990,Ikea,18-02-2026,15CM,DESCONOCIDO,1,0
621,"MACETERO, VERDE OSCURO, 12 CM",DAKSJUS,5990,Ikea,18-02-2026,12CM,DESCONOCIDO,1,0
622,"MACETERO, BLANCO, 32X15 CM",BITTERGURKA,12990,Ikea,18-02-2026,32X15,DESCONOCIDO,1,0
623,"MACETERO, INTERIOR/EXTERIOR BLANCO, 9 CM",FÖRENLIG,1490,Ikea,18-02-2026,9CM,DESCONOCIDO,1,0
624,"MACETERO COLGANTE, INTERIOR/EXTERIOR BLANCO, 12 CM",CHILISTRÅN,9990,Ikea,18-02-2026,12CM,DESCONOCIDO,1,0
625,"MACETERO, INTERIOR/EXTERIOR COLOR HUESO, 12 CM",SESAMFRÖN,5990,Ikea,18-02-2026,12CM,DESCONOCIDO,1,0
626,"MACETERO, GRIS OSC, 19 CM",PERSILLADE,12990,Ikea,18-02-2026,19CM,DESCONOCIDO,1,0
627,"MACETERO, INTERIOR/EXTERIOR/VERDE, 19 CM",HONUNGSPALM,18990,Ikea,18-02-2026,19CM,DESCONOCIDO,1,0
628,"MACETERO, INTERIOR/EXTERIOR/VERDE/CAFE, 15 CM",HASSELBUKETT,12990,Ikea,18-02-2026,15CM,DESCONOCIDO,1,0
629,"MACETERO CON PLATO, INTERIOR/EXTERIOR TERRACOTA, 15 CM",MUSKOTBLOMMA,6990,Ikea,18-02-2026,15CM,DESCONOCIDO,1,0
630,"MACETERO, INTERIOR/EXTERIOR/GRIS OSCURO, 24 CM",CITRONMELISS,9990,Ikea,18-02-2026,24CM,DESCONOCIDO,1,0
631,"MACETERO, GALVANIZADO, 9 CM",BINTJE,790,Ikea,18-02-2026,9CM,DESCONOCIDO,1,0
632,"MACETERO, MENTA, 15 CM",DAKSJUS,9990,Ikea,18-02-2026,15CM,DESCONOCIDO,1,0
633,"MACETERO, INTERIOR/EXTERIOR/GALVANIZADO, 12 CM",ÅKERBÄR,990,Ikea,18-02-2026,12CM,DESCONOCIDO,1,0
634,"MACETERO, BEIGE, 6 CM",KÖRSBÄRSBJÖRK,1390,Ikea,18-02-2026,6CM,DESCONOCIDO,1,0
635,"MACETERO, INTERIOR/EXTERIOR/OCRE, 12 CM",HASSELBUKETT,6990,Ikea,18-02-2026,12CM,DESCONOCIDO,1,0
636,"MACETERO, INTERIOR/EXTERIOR/BEIGE, 12 CM",BUSKKAPRIFOL,6990,Ikea,18-02-2026,12CM,DESCONOCIDO,1,0
637,"MACETERO, INTERIOR/EXTERIOR GRIS OSC/BEIGE, 24 CM",RÅGKORN,24990,Ikea,18-02-2026,24CM,DESCONOCIDO,1,0
638,"MACETERO, BLANCO, 12 CM",SOJABÖNA,2990,Ikea,18-02-2026,12CM,DESCONOCIDO,1,0
639,"MACETERO, BEIGE, 19 CM",PERSILLADE,12990,Ikea,18-02-2026,19CM,DESCONOCIDO,1,0
640,"MACETERO, BLANCO, 15 CM",SOJABÖNA,4990,Ikea,18-02-2026,15CM,DESCONOCIDO,1,0
641,"MACETERO CON PLATO, INTERIOR/EXTERIOR CAFE, 15 CM",KLARBÄR,9990,Ikea,18-02-2026,15CM,DESCONOCIDO,1,0
642,"MACETERO, BEIGE, 12 CM",PERSILLADE,3990,Ikea,18-02-2026,12CM,DESCONOCIDO,1,0
643,"MACETERO, INTERIOR/EXTERIOR/CAFE, 12 CM",HONUNGSPALM,6990,Ikea,18-02-2026,12CM,DESCONOCIDO,1,0
644,"MACETERO, INTERIOR/EXTERIOR/AZUL, 12 CM",FJÄRILSBUSKE,6990,Ikea,18-02-2026,12CM,DESCONOCIDO,1,0
645,"MACETERO CON PLATO, INTERIOR/EXTERIOR/PETROLEO, 6 CM",KLOTLÖNN,3990,Ikea,18-02-2026,6CM,DESCONOCIDO,1,0
646,"MACETERO, INTERIOR/EXTERIOR/BEIGE, 9 CM",HONUNGSPALM,4990,Ikea,18-02-2026,9CM,DESCONOCIDO,1,0
647,"MACETERO, INTERIOR/EXTERIOR/SEPIA, 12 CM",GRADVIS,7990,Ikea,18-02-2026,12CM,DESCONOCIDO,1,0
648,"MACETERO CON AUTORRIEGO, INTERIOR/EXTERIOR TRANSPARENTE/GRIS OSCURO, 12 CM",VÅRDTRÄD,3990,Ikea,18-02-2026,12CM,DESCONOCIDO,1,0
649,"MACETERO, INTERIOR/EXTERIOR/BEIGE, 19 CM",SANDKÖRSBÄR,18990,Ikea,18-02-2026,19CM,DESCONOCIDO,1,0
650,"MACETERO, INTERIOR/EXTERIOR/COLOR HUESO, 9 CM",KVASTSPIREA,2490,Ikea,18-02-2026,9CM,DESCONOCIDO,1,0
651,"MACETERO CON PLATO, INTERIOR/EXTERIOR/GRIS, 9 CM",KLOTLÖNN,4990,Ikea,18-02-2026,9CM,DESCONOCIDO,1,0
652,"MACETERO, INTERIOR/EXTERIOR/SEPIA, 9 CM",GRADVIS,4990,Ikea,18-02-2026,9CM,DESCONOCIDO,1,0
653,"MACETERO, INTERIOR/EXTERIOR/GRIS, 9 CM",BUSKKAPRIFOL,4990,Ikea,18-02-2026,9CM,DESCONOCIDO,1,0
654,"MACETERO CON AUTORRIEGO, INTERIOR/EXTERIOR TRANSPARENTE/GRIS OSCURO, 24 CM",VÅRDTRÄD,14990,Ikea,18-02-2026,24CM,DESCONOCIDO,1,0
655,"MACETERO, INTERIOR/EXTERIOR/BLANCO, 15 CM",AMBRARÖNN,12990,Ikea,18-02-2026,15CM,DESCONOCIDO,1,0
656,"MACETERO, HECHO A MANO BAMBU, 9 CM",KLYNNON,4990,Ikea,18-02-2026,9CM,NATURAL,1,0
657,"MACETERO, INTERIOR/EXTERIOR/COLOR HUESO, 12 CM",KVASTSPIREA,3990,Ikea,18-02-2026,12CM,DESCONOCIDO,1,0
658,"MACETERO CON AUTORRIEGO, INTERIOR/EXTERIOR TRANSPARENTE/GRIS OSCURO, 15 CM",VÅRDTRÄD,6990,Ikea,18-02-2026,15CM,DESCONOCIDO,1,0
659,"MACETERO, INTERIOR/EXTERIOR GRIS, 9 CM",SKOGSVINBÄR,2990,Ikea,18-02-2026,9CM,DESCONOCIDO,1,0
660,"MACETERO, INTERIOR/EXTERIOR AZUL OSCURO, 32 CM",ÅKERBÄR,14990,Ikea,18-02-2026,32CM,DESCONOCIDO,1,0
661,"MACETERO, RATAN, 12 CM",KAKTUSFIKON,5990,Ikea,18-02-2026,12CM,NATURAL,1,0
662,"MACETERO, FIBRAS DE PLATANO HECHO A MANO, 32 CM",TÖRNBÄR,49990,Ikea,18-02-2026,32CM,DESCONOCIDO,1,0
663,"MACETERO, GRIS EXT, 89X38 CM",ASPAREN,49990,Ikea,18-02-2026,89X38,DESCONOCIDO,1,0
664,"MACETERO, INTERIOR/EXTERIOR CAFE, 24 CM",FLODBJÖRK,24990,Ikea,18-02-2026,24CM,DESCONOCIDO,1,0
665,"MACETERO, EXT TERRACOTA, 26 CM",CURRYBLAD,14990,Ikea,18-02-2026,26CM,DESCONOCIDO,1,0
666,"MACETERO COLGANTE, INTERIOR/EXTERIOR AZUL OSCURO, 27 CM",ÅKERBÄR,9990,Ikea,18-02-2026,27CM,DESCONOCIDO,1,0
667,"JARDINERA, EXT ACACIA, 75X27 CM",STJÄRNANIS,34990,Ikea,18-02-2026,75X27,DESCONOCIDO,1,0
668,"MACETERO, INTERIOR/EXTERIOR/TAUPE, 24 CM",FRÄKENVÄXT,5990,Ikea,18-02-2026,24CM,DESCONOCIDO,1,0
669,"MACETERO, AMARILLO PASTEL, 15 CM",SOJABÖNA,4990,Ikea,18-02-2026,15CM,DESCONOCIDO,1,0
670,"MACETERO, INTERIOR/EXTERIOR GRIS OSC, 32 CM",BJÖRNBAMBU,29990,Ikea,18-02-2026,32CM,DESCONOCIDO,1,0
671,"MACETERO, INTERIOR/EXTERIOR/TURQUESA, 24 CM",VITLÖK,7990,Ikea,18-02-2026,24CM,DESCONOCIDO,1,0
672,SUSTRATO PARA MACETAS 7 L,,4990,Casa ideas,18-02-2026,7L,DESCONOCIDO,1,0
673,MACETA TEXTURADA CON CACTUS,,2990,Casa ideas,18-02-2026,SIN MEDIDAS,DESCONOCIDO,1,0
674,MACETA METALICA 16X15 CM,,2090,Casa ideas,18-02-2026,16X15,DESCONOCIDO,1,0
675,MACETA DE VIDRIO CON CACTUS,,2990,Casa ideas,18-02-2026,SIN MEDIDAS,VIDRIO,1,0
676,"MACETA TERRACOTA CACTUS 15,5X21 CM",,7190,Casa ideas,18-02-2026,"15,5X21",DESCONOCIDO,1,0
677,MACETA CON FLOR ALTA ORQUIDEA,,9590,Casa ideas,18-02-2026,SIN MEDIDAS,DESCONOCIDO,1,0
678,MACETA DE CERAMICA CON CACTUS,,7790,Casa ideas,18-02-2026,SIN MEDIDAS,CERAMICA,1,0
679,CACTUS CON MACETA 7X9.5 CM,,2390,Casa ideas,18-02-2026,7X9.5,DESCONOCIDO,1,0
680,MACETA REDONDA CON CACTUS DECORATIVO,,2690,Casa ideas,18-02-2026,SIN MEDIDAS,DESCONOCIDO,1,0
681,CACTUS CON MACETA 27X40 CM,,11390,Casa ideas,18-02-2026,27X40,DESCONOCIDO,1,0
682,MACETA DE CERAMICA 9X9.5 CM,,2990,Casa ideas,18-02-2026,9X9.5,CERAMICA,1,0
683,PLANTA CON MACETA 18X34 CM,,8390,Casa ideas,18-02-2026,18X34,DESCONOCIDO,1,0
684,CACTUS CON MACETA 12X16 CM,,4790,Casa ideas,18-02-2026,12X16,DESCONOCIDO,1,0
685,MACETA CERAMICA CACTUS DISENO 16X13 CM,,7790,Casa ideas,18-02-2026,16X13,CERAMICA,1,0
686,BASE PARA MACETA DE BAMBU REGULABLE,,12990,Casa ideas,18-02-2026,SIN MEDIDAS,NATURAL,1,0
687,"MACETA PLASTICA CON RUEDAS 46,5X42,5 CM",,22990,Casa ideas,18-02-2026,"46,5X42,5",PLASTICO,1,0
688,MACETA PLASTICA CON RUEDAS 31X15X25 CM,,2690,Casa ideas,18-02-2026,31X15X25,PLASTICO,1,0
689,MACETA PLASTICA CON RUEDAS 37X34 CM,,14990,Casa ideas,18-02-2026,37X34,PLASTICO,1,0
690,SOPORTE PARA MACETA BAMBU 25X40 CM,,12990,Casa ideas,18-02-2026,25X40,NATURAL,1,0
691,SOPORTE PARA MACETA BAMBU 25X60 CM,,14990,Casa ideas,18-02-2026,25X60,NATURAL,1,0
692,PLANTA DECORATIVA CON MACETA 8X17 CM,,2990,Casa ideas,18-02-2026,8X17,DESCONOCIDO,1,0
693,SUCULENTA ALTA CON MACETA 25X43 CM,,8990,Casa ideas,18-02-2026,25X43,DESCONOCIDO,1,0
694,MACETA DE CERAMICA CRUDO 10.5X10.8 CM,,3490,Casa ideas,18-02-2026,10.5X10.8,CERAMICA,1,0
695,MACETA DE CERAMICA CRUDO 13.5X13 CM,,4990,Casa ideas,18-02-2026,13.5X13,CERAMICA,1,0
696,MACETA DE CERAMICA CRUDO 16.8X15.5 CM,,7990,Casa ideas,18-02-2026,16.8X15.5,CERAMICA,1,0
697,MACETA DE CERAMICA CRUDO 18.6X18 CM,,10990,Casa ideas,18-02-2026,18.6X18,CERAMICA,1,0
698,MACETA DE CERAMICA FLOR 16.3X15.3X13.3 CM,,5090,Casa ideas,18-02-2026,16.3X15.3X13.3,CERAMICA,1,0
699,PLATO MACETA DE CERAMICA DIAMETRO 18 CM,,4990,Casa ideas,18-02-2026,18CM,CERAMICA,1,0
700,MACETA DOS TONOS CON CACTUS 8X13 CM,,2390,Casa ideas,18-02-2026,8X13,DESCONOCIDO,1,0
701,PLATO MACETA DE CERAMICA DIAMETRO 14 CM,,2390,Casa ideas,18-02-2026,14CM,CERAMICA,1,0
702,MACETA DE CERAMICA CON PATAS 15X10 CM,,5990,Casa ideas,18-02-2026,15X10,CERAMICA,1,0
703,MACETA DE CERAMICA CON TEXTURA 14X12.4 CM,,4990,Casa ideas,18-02-2026,14X12.4,CERAMICA,1,0
704,MACETA DE CERAMICA CON TEXTURA 19.8X8.7 CM,,8990,Casa ideas,18-02-2026,19.8X8.7,CERAMICA,1,0
705,MACETA DE CERAMICA CON TEXTURA 19.7X17.5 CM,,12990,Casa ideas,18-02-2026,19.7X17.5,CERAMICA,1,0
706,MACETA DE CERAMICA CON TEXTURA 15.7X7 CM,,4990,Casa ideas,18-02-2026,15.7X7,CERAMICA,1,0
707,MACETA DE CERAMICA CON TEXTURA 17.7X14.7 CM,,8990,Casa ideas,18-02-2026,17.7X14.7,CERAMICA,1,0
708,BASE PARA MACETA DE MADERA 40X12 CM,,13990,Casa ideas,18-02-2026,40X12,NATURAL,1,0
709,PORTA MACETA COLGANTE DE FIBRA 18X18 CM,,6590,Casa ideas,18-02-2026,18X18,DESCONOCIDO,1,0
710,BASE PARA MACETA CON RUEDAS DIAMETRO 30X7 CM,,9990,Casa ideas,18-02-2026,30X7,DESCONOCIDO,1,0
711,"MACETA DE VIDRIO CON CACTUS DIAMETRO 6,9X7,9 CM",,2190,Casa ideas,18-02-2026,"6,9X7,9",VIDRIO,1,0
712,"MACETA DE CERAMICA CON DISENO DIAMETRO 14X12,5 CM",,4890,Casa ideas,18-02-2026,"14X12,5",CERAMICA,1,0
713,MACETA DE CERAMICA CON DISENO Y PATAS 13 CM,,4990,Casa ideas,18-02-2026,13CM,CERAMICA,1,0
714,MACETA DE CERAMICA CON DISENO Y PATAS 16 CM,,7990,Casa ideas,18-02-2026,16CM,CERAMICA,1,0
715,MACETA COLGANTE DE FIBRA DE BAMBU 30.2X30.2X13 CM,,10990,Casa ideas,18-02-2026,30.2X30.2X13,NATURAL,1,0
716,SOPORTE PARA MACETA DE FIBRA NATURAL DIAMETRO 30X50 CM,,29390,Casa ideas,18-02-2026,30X50,NATURAL,1,0
717,MACETA DE CERAMICA CON BASE DE BAMBU 21X17 CM,,16990,Casa ideas,18-02-2026,21X17,NATURAL,1,0
718,MACETA DE FIBRA DE BAMBU CON PATAS 9.5X9.8 CM,,2990,Casa ideas,18-02-2026,9.5X9.8,NATURAL,1,0
719,MACETA DE CERAMICA CON BASE DE BAMBU 14X12 CM,,7990,Casa ideas,18-02-2026,14X12,NATURAL,1,0
720,MACETA DE CERAMICA CON BASE DE BAMBU 27X21 CM,,26990,Casa ideas,18-02-2026,27X21,NATURAL,1,0
721,PLATO PARA MACETERO CON FORMA DE FLOR 14 CM,,3990,Casa ideas,18-02-2026,14CM,DESCONOCIDO,1,0
722,PLATO PARA MACETERO CON FORMA DE FLOR 18 CM,,4990,Casa ideas,18-02-2026,18CM,DESCONOCIDO,1,0
723,PLATO PARA MACETERO CON FORMA DE FLOR 24 CM,,6990,Casa ideas,18-02-2026,24CM,DESCONOCIDO,1,0
724,JARDINERA PLASTICA PARA BALCON 59X36X25 CM,,6290,Casa ideas,18-02-2026,59X36X25,PLASTICO,1,0
725,ADORNO DE CERAMICA ANIMAL,,2390,Casa ideas,18-02-2026,SIN MEDIDAS,CERAMICA,1,0
726,TERRARIO DE VIDRIO CON CACTUS 122X12 CM,,5990,Casa ideas,18-02-2026,122X12,VIDRIO,1,0
727,RAMO TELA MIXTO,,5490,Casa ideas,18-02-2026,SIN MEDIDAS,DESCONOCIDO,1,0
728,SET DE ADORNO NATURAL L,,6990,Casa ideas,18-02-2026,L,DESCONOCIDO,1,0
729,PIEDRAS DECORATIVAS DE VIDRIO,,890,Casa ideas,18-02-2026,SIN MEDIDAS,VIDRIO,1,0
730,RAMO SECO DE SETARIA ROJA,,4790,Casa ideas,18-02-2026,SIN MEDIDAS,DESCONOCIDO,1,0
731,FLORERO CILINDRICO 10X20 CM,,5290,Casa ideas,18-02-2026,10X20,DESCONOCIDO,1,0
732,FLORERO BAJO DE VIDRIO DIAMETRO 19X17 CM,,7990,Casa ideas,18-02-2026,19X17,VIDRIO,1,0
733,FLORERO DE CERAMICA CON DISENO,,10190,Casa ideas,18-02-2026,SIN MEDIDAS,CERAMICA,1,0
734,FLORERO CONICO VIDRIO 15X15X25 CM,,7990,Casa ideas,18-02-2026,15X15X25,VIDRIO,1,0
735,TERRARIO DE VIDRIO CON CACTUS 13X12 CM,,3590,Casa ideas,18-02-2026,13X12,VIDRIO,1,0
736,"FLORERO LARGO DE VIDRIO DIAMETRO 8,5X25 CM",,4990,Casa ideas,18-02-2026,"8,5X25",VIDRIO,1,0
737,MACETERO 46CM GRAFIATO CONICO KD9952,SAN MARINO,12900,Paris,18-02-2026,46CM,DESCONOCIDO,1,0
738,MACETERO AZUL M,SARAH MILLER,17990,Paris,18-02-2026,M,DESCONOCIDO,1,0
739,MACETERO 60CM GRAFIATO CONICO KD9953,SAN MARINO,18900,Paris,18-02-2026,60CM,DESCONOCIDO,1,0
740,MACETERO MACETA DE CERAMICA BLANCO TEXTURA ACANALADA,FLIPEREX,5990,Paris,18-02-2026,SIN MEDIDAS,CERAMICA,1,0
741,MACETERO COLOR CEMENTO NATURAL RAY 30X40 CM,MACETEROS RAYUN,37990,Paris,18-02-2026,30X40,CEMENTICIO,1,0
742,MACETERO CEMENTO CILINDRO L,DECOGREEN,19990,Paris,18-02-2026,L,CEMENTICIO,1,0
743,MACETERO COBA 52X45 CM XL,MACETEROS RAYUN,69990,Paris,18-02-2026,52X45,DESCONOCIDO,1,0
744,MACETA DECORATIVA BELICE PEQUENA SOPORTE,MALLORCA,10990,Paris,18-02-2026,SIN MEDIDAS,DESCONOCIDO,1,0
745,MACETERO FLORIDIS AMSTERDAM NEGRO 44CM DE ALTO,FLORIDIS,34990,Paris,18-02-2026,44CM,DESCONOCIDO,1,0
746,MACETERO COBA 25X19 CM,MACETEROS RAYUN,24990,Paris,18-02-2026,25X19,DESCONOCIDO,1,0
747,MACETERO 14 CM CAPRI BLANCO OUTZEN,OUTZEN,1490,Paris,18-02-2026,14CM,DESCONOCIDO,1,0
748,MACETERO FLORIDIS AMSTERDAM 65CM DE ALTO,FLORIDIS,45990,Paris,18-02-2026,65CM,DESCONOCIDO,1,0
749,MACETERO AZUL S,SARAH MILLER,13990,Paris,18-02-2026,S,DESCONOCIDO,1,0
750,MACETERO ROTOMOLDEADO MUNA53 GRAFITO MATE (53CMX55CM),POTTERY,69990,Paris,18-02-2026,53CM,DESCONOCIDO,1,0
751,MACETERO MACETA DISENO RAYAS ENVEJECIDO DE PLASTICO BLANCO L,FLIPEREX,19900,Paris,18-02-2026,L,PLASTICO,1,0
752,PORTA MACETERO PEDESTAL MACETA PLANTAS BLANCO DORADO,FLIPEREX,24990,Paris,18-02-2026,SIN MEDIDAS,DESCONOCIDO,1,0
753,MACETERO PLASTICO DISENO EFECTO BARRIL DE MADERA MACETA S,FLIPEREX,11990,Paris,18-02-2026,S,PLASTICO,1,0
754,MACETERO FLORIDIS ZURIQUE NEGRO 34CM CON PLATO,FLORIDIS,35990,Paris,18-02-2026,34CM,DESCONOCIDO,1,0
755,MACETERO MACETA ACABADO CEMENTO RELIEVE HOJAS GRIS M,FLIPEREX,10990,Paris,18-02-2026,M,CEMENTICIO,1,0
756,MACETERO FLORIDIS ZURIQUE BEIGE 34CM CON PLATO,FLORIDIS,35990,Paris,18-02-2026,34CM,DESCONOCIDO,1,0
757,SET 3 MACETEROS MACETA DE CERAMICA COPON BLANCO BRILLANTE,FLIPEREX,34990,Paris,18-02-2026,SIN MEDIDAS,CERAMICA,3,1
758,MACETERO MACETA DE CERAMICA COPON BLANCO BRILLANTE S,FLIPEREX,6990,Paris,18-02-2026,S,CERAMICA,1,0
759,FLORERO MACETERO PORCELANA + PLANTA ARTIFICIAL,EKOL,14990,Paris,18-02-2026,SIN MEDIDAS,CERAMICA,1,0
760,MACETERO 16 CM CAPRI TAUPE,OUTZEN,1990,Paris,18-02-2026,16CM,DESCONOCIDO,1,0
761,MACETERO DECORATIVO DE GATO AMARILLO,PRINTS PATRO,7990,Paris,18-02-2026,SIN MEDIDAS,DESCONOCIDO,1,0
762,MACETERO DE CERAMICA PLANTA ARTIFICIAL MODERNO ROSTRO GRIEGO B,DECODECO,10990,Paris,18-02-2026,SIN MEDIDAS,CERAMICA,1,0
763,MACETERO DE CERAMICA GRIS MATE TEXTURA ACANALADA S,FLIPEREX,5990,Paris,18-02-2026,S,CERAMICA,1,0
764,MACETA DECORATIVA MALAUI OVALADA,MALLORCA,9990,Paris,18-02-2026,SIN MEDIDAS,DESCONOCIDO,1,0
765,MACETA CERAMICA MINIMALISTA,COLATERAL,7500,Paris,18-02-2026,SIN MEDIDAS,CERAMICA,1,0
766,MACETERO LUNA 29X35CM,MACETEROS RAYUN,29990,Paris,18-02-2026,29X35,DESCONOCIDO,1,0
767,MACETERO OCTOGONAL DORADO S,DECOGREEN,10990,Paris,18-02-2026,S,DESCONOCIDO,1,0
768,MACETA MACETERO MOLDE PLASTICO CIRCULAR ESTILO PIEDRA,REYPLAST,16990,Paris,18-02-2026,SIN MEDIDAS,PLASTICO,1,0
769,MACETA DECORATIVA LAUSANNA,MALLORCA,10990,Paris,18-02-2026,SIN MEDIDAS,DESCONOCIDO,1,0
770,MACETERO NEGRO MATE 25X45 CM,MACETEROS RAYUN,52990,Paris,18-02-2026,25X45,DESCONOCIDO,1,0
771,SET 2 MACETEROS OCTOGON S+M,DECOGREEN,28990,Paris,18-02-2026,S,DESCONOCIDO,2,1
772,CANASTOS O MACETEROS DE FIBRAS PARA CANASTOS Y ROPA,BRIC,12990,Paris,18-02-2026,SIN MEDIDAS,DESCONOCIDO,1,0
773,MACETERO PLASTICO REDONDO OVALADO MODERNO CON TEXTURA M,FLIPEREX,8990,Paris,18-02-2026,M,PLASTICO,1,0
774,PORTAMACETERO MOISES,BOHEMIK,22350,Paris,18-02-2026,SIN MEDIDAS,DESCONOCIDO,1,0
775,MACETERO ROTOMOLDEADO BEE27 CREMA (27CMX33CM),POTTERY,16990,Paris,18-02-2026,27CM,DESCONOCIDO,1,0
776,MACETERO GRANDE CIRCCA 36 GRAFITO,POTTERY,22990,Paris,18-02-2026,SIN MEDIDAS,DESCONOCIDO,1,0
777,MACETERO - DISENO PERRO,PRINTS PATRO,4990,Paris,18-02-2026,SIN MEDIDAS,DESCONOCIDO,1,0
778,MACETA COLGANTE MACETERO COLGANTE DE RESINA CANASTO REDONDO V,DECODECO,10990,Paris,18-02-2026,SIN MEDIDAS,DESCONOCIDO,1,0
779,MACETERO DE CERAMICA BLANCO MATE LINEAS DECORATIVAS MACETA S,FLIPEREX,5990,Paris,18-02-2026,S,CERAMICA,1,0
780,MACETERO REDONDO XL COLOR NEGRO,VADELL HOME,119990,Paris,18-02-2026,XL,DESCONOCIDO,1,0
781,MACETA 18 CM CAPRI TAUPE OUTZEN,OUTZEN,2990,Paris,18-02-2026,18CM,DESCONOCIDO,1,0
782,PORTA MACETERO PEDESTAL MACETA PLANTAS NEGRO DORADO,FLIPEREX,24990,Paris,18-02-2026,SIN MEDIDAS,DESCONOCIDO,1,0
783,MACETERO ENLOZADO BLANCO 17X15 DECOGREEN,DECOGREEN,16990,Paris,18-02-2026,17X15,DESCONOCIDO,1,0
784,MACETERO ENLOZADO AZUL 17X15 DECOGREEN,DECOGREEN,16990,Paris,18-02-2026,17X15,DESCONOCIDO,1,0
785,MACETERO MACETA DE CERAMICA COPON BLANCO BRILLANTE M,FLIPEREX,11990,Paris,18-02-2026,M,CERAMICA,1,0
786,MACETERO PEDESTAL MADERA,DECOGREEN,42990,Paris,18-02-2026,SIN MEDIDAS,NATURAL,1,0
787,MACETERO ENLOZADO AZUL 20X18 DECOGREEN,DECOGREEN,19990,Paris,18-02-2026,20X18,DESCONOCIDO,1,0
788,MACETERO DE CERAMICA GRIS MATE TEXTURA ACANALADA M,FLIPEREX,11990,Paris,18-02-2026,M,CERAMICA,1,0
789,MACETERO FLORIDIS AMSTERDAM GRIS CLARO 28CM DE ALTO,FLORIDIS,28990,Paris,18-02-2026,28CM,DESCONOCIDO,1,0
790,SET 2 MACETEROS CON PEDESTAL DORADOS,HOME ESSENTIALS,43990,Paris,18-02-2026,SIN MEDIDAS,DESCONOCIDO,2,1
791,MACETERO MACETA DE CERAMICA ELEGANTE BLANCO LISO BRILLANTE M,FLIPEREX,9900,Paris,18-02-2026,M,CERAMICA,1,0
792,SET 2 MACETEROS ENLOZADOS BLANCOS 17X15 Y 20X18,DECOGREEN,34990,Paris,18-02-2026,17X15,DESCONOCIDO,2,1
793,MACETA COLGANTE MACETERO COLGANTE DE PAJA CESTA PEQUENO,DECODECO,7990,Paris,18-02-2026,SIN MEDIDAS,DESCONOCIDO,1,0
794,MACETERO PLASTICO DISENO EFECTO BARRIL DE MADERA MACETA L,FLIPEREX,16990,Paris,18-02-2026,L,PLASTICO,1,0
795,MACETERO GRANDE NAZCA 40 PLATA,POTTERY,39990,Paris,18-02-2026,SIN MEDIDAS,DESCONOCIDO,1,0
796,MACETERO MACETA DE CERAMICA COPON BLANCO BRILLANTE L,FLIPEREX,18990,Paris,18-02-2026,L,CERAMICA,1,0
797,MACETERO FLORIDIS AMSTERDAM NEGRO 28CM DE ALTO,FLORIDIS,28990,Paris,18-02-2026,28CM,DESCONOCIDO,1,0
798,MACETERO REDONDO ESTILO PIEDRA,BRIC,19990,Paris,18-02-2026,SIN MEDIDAS,DESCONOCIDO,1,0
799,MACETERO CESTO CANASTO MACETA DE MIMBRE PEQUENA 26X18CM,OEM,17990,Paris,18-02-2026,26X18,DESCONOCIDO,1,0
800,MACETERO DECORATIVO DE CERAMICA,CREA TALLER,10990,Paris,18-02-2026,SIN MEDIDAS,CERAMICA,1,0
801,MACETERO DESERT 44X44 CM XL,MACETEROS RAYUN,69990,Paris,18-02-2026,44X44,DESCONOCIDO,1,0
802,PORTA MACETA MACETERO METAL COLGANTE DORADO DISENO NORDICO,REGALITOLINDO,19990,Paris,18-02-2026,SIN MEDIDAS,METAL,1,0
803,MACETERO HUAQUEN GRIS XL,AMOBLÉ,199900,Paris,18-02-2026,XL,DESCONOCIDO,1,0
804,MACETERO FLORIDIS FLORENCIA NEGRO 32CM CON PLATO,FLORIDIS,34990,Paris,18-02-2026,32CM,DESCONOCIDO,1,0
805,MACETERO DE CERAMICA BLANCO MATE LINEAS DECORATIVAS MACETA L,FLIPEREX,16990,Paris,18-02-2026,L,CERAMICA,1,0
806,MACETERO TERRACOTA CILIND L,DECOGREEN,19990,Paris,18-02-2026,L,DESCONOCIDO,1,0
807,MACETERO BANDEJA METALICO,BRIC,49990,Paris,18-02-2026,SIN MEDIDAS,METAL,1,0
808,MACETERO MACETA DE CERAMICA ELEGANTE BLANCO LISO BRILLANTE S,FLIPEREX,5990,Paris,18-02-2026,S,CERAMICA,1,0
809,MACETERO PAJARITO,BRIC,17990,Paris,18-02-2026,SIN MEDIDAS,DESCONOCIDO,1,0
810,MACETERO PLASTICO SEMI ESFERA PREMIUM DISENO A RAYAS M,FLIPEREX,19900,Paris,18-02-2026,M,PLASTICO,1,0
811,MACETERO FLORIDIS AMSTERDAM GRIS CLARO 44CM DE ALTO,FLORIDIS,34990,Paris,18-02-2026,44CM,DESCONOCIDO,1,0
812,PLANTA ARTIFICIAL ORQUIDEA GRANDE MACETERO DE CEMENTO,FLIPEREX,14990,Paris,18-02-2026,SIN MEDIDAS,CEMENTICIO,1,0
813,MACETERO WHITE MATE 30X26 CM,MACETEROS RAYUN,32990,Paris,18-02-2026,30X26,DESCONOCIDO,1,0
814,MACETERO DE MADERA TIPO BARRIL PARA JARDIN TERRAZA PLANTA XS,FLIPEREX,5990,Paris,18-02-2026,SIN MEDIDAS,NATURAL,1,0
815,SET 2 PLANTAS ARTIFICIALES DECORATIVAS MACETERO BICOLOR JHN,RONDON,27990,Paris,18-02-2026,SIN MEDIDAS,DESCONOCIDO,2,1
816,MACETA PLANTAS CACTUS CERAMICA FORMA CARA DECORATIVO LAU,RONDON,27990,Paris,18-02-2026,SIN MEDIDAS,CERAMICA,1,0
817,PEDESTAL PORTA MACETAS METALICO 2 NIVELES COLOR DORADO ENVEJECIDO.,DECOBAZAR,16990,Paris,18-02-2026,SIN MEDIDAS,METAL,1,0
818,SET 3 MACETEROS CEM C S+M+L,DECOGREEN,34990,Paris,18-02-2026,S,DESCONOCIDO,3,1
819,MACETERO JARDINERA CON PLATO,BRIC,14990,Paris,18-02-2026,SIN MEDIDAS,DESCONOCIDO,1,0
820,MACETERO CESTO MACETA DE YUTE TEJIDA RUSTICA CON ASAS M,FLIPEREX,12990,Paris,18-02-2026,M,DESCONOCIDO,1,0
821,MACETERO DE METAL CANASTO CON DISENOS MACETA BALDE 20X12CM N,DECODECO,5990,Paris,18-02-2026,20X12,METAL,1,0
822,MACETERO DESERT 24X24 CM,MACETEROS RAYUN,21990,Paris,18-02-2026,24X24,DESCONOCIDO,1,0
823,MACETERO PLASTICO ALARGADO PREMIUM BASE CIRCULAR CONICA,FLIPEREX,34990,Paris,18-02-2026,SIN MEDIDAS,PLASTICO,1,0
824,MACETERO REDONDO COLOR NEGRO,BRIC,21990,Paris,18-02-2026,SIN MEDIDAS,DESCONOCIDO,1,0
825,MACETERO DE METAL CANASTO CON DISENOS MACETA BALDE METAL B,DECODECO,7490,Paris,18-02-2026,SIN MEDIDAS,METAL,1,0
826,"MACETERO DINAMARCA NEGRO 24, (MACETERO CERAMICA)",PLANTME,34990,Paris,18-02-2026,SIN MEDIDAS,CERAMICA,1,0
827,SET 2 MACETEROS TUBULAR DOR,DECOGREEN,21990,Paris,18-02-2026,SIN MEDIDAS,DESCONOCIDO,2,1
828,MACETERO OCTOGONAL DORADO M,DECOGREEN,19990,Paris,18-02-2026,M,DESCONOCIDO,1,0
829,MACETERO TERRACOTA CILIND M,DECOGREEN,14990,Paris,18-02-2026,M,DESCONOCIDO,1,0
830,MACETERO DANES M NEGRO (PORTA MACETERO DE CERAMICA),PLANTME,21990,Paris,18-02-2026,M,CERAMICA,1,0
831,MACETERO DE BAMBU,BRIC,6990,Paris,18-02-2026,SIN MEDIDAS,NATURAL,1,0
832,MOLDE MACETA MACETERO CIRCULAR PLASTICO RATAN,REYPLAST,13990,Paris,18-02-2026,SIN MEDIDAS,PLASTICO,1,0
833,MACETERO CESTO CANASTO MACETA DE MIMBRE TEJIDA PLEGABLE 35CM B,DECODECO,15990,Paris,18-02-2026,35CM,DESCONOCIDO,1,0
834,MACETERO ROTOMOLDEADO MUNA53 ARENA (53CMX55CM),POTTERY,69988,Paris,18-02-2026,53CM,DESCONOCIDO,1,0
835,MACETERO PLASTICO ALARGADO PREMIUM BASE CUADRADA CONICA,FLIPEREX,34990,Paris,18-02-2026,SIN MEDIDAS,PLASTICO,1,0
836,MACETERO GRIS 33X26 CM,MACETEROS RAYUN,22990,Paris,18-02-2026,33X26,DESCONOCIDO,1,0
837,MACETERO WHITE MATE 50X43 CM XL,MACETEROS RAYUN,79990,Paris,18-02-2026,50X43,DESCONOCIDO,1,0
838,MACETA DECORATIVA GABON MEDIANA,MALLORCA,12490,Paris,18-02-2026,SIN MEDIDAS,DESCONOCIDO,1,0
839,MACETERO ELEFANTE OUTZEN,OUTZEN,29990,Paris,18-02-2026,SIN MEDIDAS,DESCONOCIDO,1,0
840,MACETERO MODERNO,PRINTS PATRO,11990,Paris,18-02-2026,SIN MEDIDAS,DESCONOCIDO,1,0
841,MACETERO FLORIDIS AMSTERDAM CAFE 28CM DE ALTO,FLORIDIS,28990,Paris,18-02-2026,28CM,DESCONOCIDO,1,0
842,MACETERO FLORIDIS AMSTERDAM GRAFITO 45CM CON PLATO,FLORIDIS,45990,Paris,18-02-2026,45CM,DESCONOCIDO,1,0
843,MACETERO DE MIMBRE PORTA MACETA RUSTICA RATTAN,DECODECO,16990,Paris,18-02-2026,SIN MEDIDAS,DESCONOCIDO,1,0
844,MACETERO CESTO MACETA DE YUTE TEJIDA RUSTICA CON ASAS S,FLIPEREX,9900,Paris,18-02-2026,S,DESCONOCIDO,1,0
845,MACETERO LORET M,AMOBLÉ,34900,Paris,18-02-2026,M,DESCONOCIDO,1,0
846,MACETERO DE CEMENTO BLANCO/DORADO 14 CM,HOME ESSENTIALS,9990,Paris,18-02-2026,14CM,CEMENTICIO,1,0
847,"MACETERO DINAMARCA GRIS 16, (MACETERO CERAMICA)",PLANTME,18990,Paris,18-02-2026,SIN MEDIDAS,CERAMICA,1,0
848,MACETERO MIMBRE,BRIC,6990,Paris,18-02-2026,SIN MEDIDAS,DESCONOCIDO,1,0
849,MACETERO REDONDO,BRIC,31990,Paris,18-02-2026,SIN MEDIDAS,DESCONOCIDO,1,0
850,MACETERO DE COLGAR,BRIC,18990,Paris,18-02-2026,SIN MEDIDAS,DESCONOCIDO,1,0
851,SET 2 MACETEROS CEM C M+L,DECOGREEN,29990,Paris,18-02-2026,M,DESCONOCIDO,2,1
852,MACETERO CESTO CANASTO MACETA DE MIMBRE TEJIDA PLEGABLE,DECODECO,13990,Paris,18-02-2026,SIN MEDIDAS,DESCONOCIDO,1,0
853,SET 3 MACETEROS PLASTICO REDONDO OVALADO MODERNO TEXTURA S,FLIPEREX,19900,Paris,18-02-2026,S,PLASTICO,3,1
854,MACETEROS REDONDOS SET DE 3,BRIC,16990,Paris,18-02-2026,SIN MEDIDAS,DESCONOCIDO,3,1
855,MACETERO COLGANTE METALICO FLORES NEGRO,BRIC,21988,Paris,18-02-2026,SIN MEDIDAS,METAL,1,0
856,MACETERO DEL CONEJO GREEN,BILBOLA,24990,Paris,18-02-2026,SIN MEDIDAS,DESCONOCIDO,1,0
857,MACETERO 14 CM CAPRI ANTRACITA OUTZEN,OUTZEN,1490,Paris,18-02-2026,14CM,DESCONOCIDO,1,0
858,MACETERO FLORIDIS AMSTERDAM BLANCO 45CM CON PLATO,FLORIDIS,45990,Paris,18-02-2026,45CM,DESCONOCIDO,1,0
859,MACETERO FLORIDIS ZURIQUE BLANCO 34CM CON PLATO,FLORIDIS,35990,Paris,18-02-2026,34CM,DESCONOCIDO,1,0
860,MACETERO FLORIDIS GENEBRA BLANCO 80CM CON PLATO,FLORIDIS,75990,Paris,18-02-2026,80CM,DESCONOCIDO,1,0
861,MACETERO ELITE NEGRO CON PEDESTAL NEGRO,KAUTIVA,38900,Paris,18-02-2026,SIN MEDIDAS,DESCONOCIDO,1,0
862,MACETERO FLORIDIS AMSTERDAM GRAFITO 44CM DE ALTO,FLORIDIS,34990,Paris,18-02-2026,44CM,DESCONOCIDO,1,0
863,SUCULENTAS DE 17 CM CON MACETERO,VADELL,20990,Paris,18-02-2026,17CM,DESCONOCIDO,1,0
864,SET 3 MACETEROS MACETA DE CERAMICA NEGRO TEXTURA ACANALADA,FLIPEREX,16990,Paris,18-02-2026,SIN MEDIDAS,CERAMICA,3,1
865,"MACETERO DINAMARCA NEGRO 16, (MACETERO CERAMICA)",PLANTME,18990,Paris,18-02-2026,SIN MEDIDAS,CERAMICA,1,0
866,MACETERO BICICLETA,BRIC,21990,Paris,18-02-2026,SIN MEDIDAS,DESCONOCIDO,1,0
867,MACETA 15 CM MADAGASCAR ANTRACITA OUTZEN,OUTZEN,1490,Paris,18-02-2026,15CM,DESCONOCIDO,1,0
868,MACETA VASUM 17CM TERRADUO DEROMA,DEROMA,6000,Paris,18-02-2026,17CM,DESCONOCIDO,1,0
869,MACETERO RECTANGULAR L COLOR NEGRO,VADELL HOME,89990,Paris,18-02-2026,L,DESCONOCIDO,1,0
870,"MACETA BIODEGRADABLE CURVO NEGRO C/PLATO 16,5X13",DECOGREEN,5990,Paris,18-02-2026,"16,5X13",DESCONOCIDO,1,0
871,MACETERO FLORIDIS AMSTERDAM BEIGE 44CM DE ALTO,FLORIDIS,34990,Paris,18-02-2026,44CM,DESCONOCIDO,1,0
872,"SET 2 MACETA BIO C/PLATO CUADRAD BLANCO13,3X12,4",DECOGREEN,8990,Paris,18-02-2026,"13,3X12,4",DESCONOCIDO,2,1
873,MACETERO DE METAL CANASTO CON DISENOS MACETA PARA PLANTAS N,DECODECO,5990,Paris,18-02-2026,SIN MEDIDAS,METAL,1,0
874,MACETERO COLGANTE,BRIC,14990,Paris,18-02-2026,SIN MEDIDAS,DESCONOCIDO,1,0
875,SET 2 MACETA DECORATIVA MULTIFUNCIONAL MINIMALISTA JHN,RONDON,32488,Paris,18-02-2026,SIN MEDIDAS,DESCONOCIDO,2,1
876,PLANTA ARTIFICIAL CON MACETERO 45 CM RUBBER OUTZEN,OUTZEN,4990,Paris,18-02-2026,45CM,DESCONOCIDO,1,0
877,SET 2 PORTA MACETERO PEDESTAL MACETA PLANTAS NEGRO DORADO,FLIPEREX,49990,Paris,18-02-2026,SIN MEDIDAS,DESCONOCIDO,2,1
878,MACETA VASUM 31CM TERRADUO DEROMA,DEROMA,18000,Paris,18-02-2026,31CM,DESCONOCIDO,1,0
879,"MACETA BIODEGRADABLE CURVO GRIS C/PLATO 16,5X13",DECOGREEN,5990,Paris,18-02-2026,"16,5X13",DESCONOCIDO,1,0
880,MACETERO PLANTA ARTIFICIAL FLORES MACETA DECORATIVA HOGAR,DECODECO,7990,Paris,18-02-2026,SIN MEDIDAS,DESCONOCIDO,1,0
881,MACETERO OCTOGONAL DORADO L,DECOGREEN,25590,Paris,18-02-2026,L,DESCONOCIDO,1,0
882,SET 3 MACETEROS OCTO S+M+L,DECOGREEN,49990,Paris,18-02-2026,S,DESCONOCIDO,3,1
883,"MACETERO DINAMARCA GRIS 19, (MACETERO CERAMICA)",PLANTME,26990,Paris,18-02-2026,SIN MEDIDAS,CERAMICA,1,0
884,MACETERO LLAVE,BRIC,24990,Paris,18-02-2026,SIN MEDIDAS,DESCONOCIDO,1,0
885,"MACETAS WEICHENGXING, 12/10/9/8/ PULGADAS GRANDES MACETAS DE PLASTICO AUTO-RIEGO PARA PLANTAS DE INTERIOR Y EXTERIOR CON AGUJEROS DE DRENAJE, DEPOSITO PROFUNDO, MACETA DE PLANTACION PARA VIVERO PARA",,56123,Amazon,18-02-2026,SIN MEDIDAS,PLASTICO,1,0
886,"PAQUETE DE 120 MACETAS DE VIVERO DE 4 PULGADAS PARA PLANTAS, MACETAS DE PLASTICO INICIADORAS DE SEMILLAS CON AGUJEROS DE DRENAJE, PEQUENAS MACETAS DE PLASTICO PARA SUCULENTAS, PLANTULAS, CORTE",,23286,Amazon,18-02-2026,4PULGADAS,PLASTICO,120,1
887,"PAQUETE DE 10 MACETAS DE 6 PULGADAS CON DRENAJE Y PLATILLOS, MACETAS DE PLASTICO NEGRO PARA PLANTAS DE INTERIOR Y EXTERIOR, MACETAS APILABLES PARA PLANTAS DE INTERIOR Y HIERBAS, COLOR NEGRO",,30057,Amazon,18-02-2026,6PULGADAS,PLASTICO,10,1
888,"110 PIEZAS DE MACETAS PEQUENAS DE PLASTICO, MACETAS DE 4 PULGADAS CON DRENAJE, MACETAS DE INICIO PARA PLANTULAS DE PLANTAS, IDEALES PARA HIERBAS, ESQUEJES Y PLANTAS DE INICIO",,22143,Amazon,18-02-2026,4PULGADAS,PLASTICO,1,0
889,"-MACETAS DE RIEGO AUTOMATICO PARA INTERIORES CON AGUJEROS DE DRENAJE Y PLATILLOS, 8, 7, 6.5, 6, 5.5, 5 PULGADAS, COLOR NEGRO, 6 MACETAS",,35773,Amazon,18-02-2026,5PULGADAS,DESCONOCIDO,6,1
890,"JUEGO DE 20 MACETAS DE VIVERO TRANSPARENTES DE 10/12,7/15,2/17,8 CM CON PLATILLOS, MACETAS DE PLASTICO CON AGUJEROS DE DRENAJE, PAQUETE VARIADO DE MACETAS DE JARDIN PARA PLANTULAS PARA",,35296,Amazon,18-02-2026,"17,8CM",PLASTICO,20,1
891,"MACETAS PARA PLANTAS DE 10/9/8/7.5/7 PULGADAS CON AUTORIEGO, JUEGO DE 5 MACETAS DE PLASTICO CON AGUJEROS DE DRENAJE Y PLATILLOS, MACETAS DE FLORES DE PLASTICO, MACETA DE VIVERO PARA PLANTAS DE",,47316,Amazon,18-02-2026,7PULGADAS,PLASTICO,5,1
892,"PAQUETE DE 10 MACETAS DE 6 PULGADAS CON DRENAJE Y PLATILLOS, MACETAS DE PLASTICO NEGRO PARA PLANTAS DE INTERIOR Y EXTERIOR, MACETAS APILABLES PARA PLANTAS DE INTERIOR Y HIERBAS, COLOR NEGRO",,30057,Amazon,18-02-2026,6PULGADAS,PLASTICO,10,1
893,"JUEGO DE 2 MACETAS DE CERAMICA PARA PLANTAS DE INTERIOR, MACETAS VINTAGE DE FLORES DE 4.7+5.7 PULGADAS SIN AGUJERO DE DRENAJE, JUEGO DE MACETAS MARRONES RUSTICAS, MACETAS DECORATIVAS PARA PLANTAS DE",,64496,Amazon,18-02-2026,5.7PULGADAS,CERAMICA,2,1
894,"MACETAS WEICHENGXING, 12/10/9/8/ PULGADAS GRANDES MACETAS DE PLASTICO AUTO-RIEGO PARA PLANTAS DE INTERIOR Y EXTERIOR CON AGUJEROS DE DRENAJE, DEPOSITO PROFUNDO, MACETA DE PLANTACION PARA VIVERO PARA",,56123,Amazon,18-02-2026,SIN MEDIDAS,PLASTICO,1,0
895,MACETAS DE INTERIOR CON PLATILLO Y DRENAJE - PAQUETE DE 6 MACETAS - MACETAS DE PLASTICO PARA PLANTAS DE INTERIOR - TAMANOS DE 7.5/6.6/5.8/5.0/4.3/3.5 PULGADAS PARA TODO TIPO DE PLANTAS,,23839,Amazon,18-02-2026,3.5PULGADAS,PLASTICO,6,1
896,"KANTE - MACETA REDONDA DE HORMIGON DESGASTADO DE 18 PULGADAS DE DIAMETRO, MACETA GRANDE PARA INTERIORES Y EXTERIORES CON AGUJERO DE DRENAJE Y TAPON DE GOMA PARA PATIO Y JARDIN DEL HOGAR, HORMIGON",,202234,Amazon,18-02-2026,18PULGADAS,DESCONOCIDO,1,0
897,"MACETAS CON AUTORRIEGO PARA INTERIOR CON ORIFICIOS DE DRENAJE Y PLATILLOS, 8, 7, 6.5, 6, 5.5, 5 PULGADAS, VERDE, 6 MACETAS.",,35634,Amazon,18-02-2026,5PULGADAS,DESCONOCIDO,6,1
898,"AMAZON BASICS MACETA REDONDA DE CERAMICA ACANALADA, 10 PULGADAS, COLOR NEGRO",,97081,Amazon,18-02-2026,10PULGADAS,CERAMICA,1,0
899,"SOPORTE PARA PLANTAS DE INTERIOR CON LUCES DE CULTIVO, ESTANTE GRANDE DE 55 PULGADAS DE ALTO CON 7 NIVELES PARA PLANTAS DE INTERIOR, ESTANTE EN FORMA DE JARRON, SOPORTE PARA MACETAS",,98796,Amazon,18-02-2026,55PULGADAS,DESCONOCIDO,1,0
900,"PAQUETE DE 9 BOLSAS DE CULTIVO A GRANEL, MACETAS DE TELA GRUESA DE ALTA RESISTENCIA, BOLSAS PARA PLANTAS NO TEJIDAS CON ASAS, CONTENEDORES TRANSPIRABLES PARA CULTIVO DE PLANTAS, BOLSAS PARA",,45584,Amazon,18-02-2026,SIN MEDIDAS,DESCONOCIDO,1,0
901,"JUEGO DE 2 MACETAS ALTAS DE RIEGO AUTOMATICO, MACETAS GRANDES DE 24 PULGADAS CON INDICADOR DE NIVEL DE AGUA PARA PLANTAS DE INTERIOR Y EXTERIOR, MACETAS MODERNAS PARA JARDIN, PATIO, BALCON",,164219,Amazon,18-02-2026,24PULGADAS,DESCONOCIDO,2,1
902,"GEPEGE JUEGO DE 2 MACETAS DE CERAMICA CON CUENTAS DE 6 PULGADAS CON ORIFICIO DE DRENAJE Y PLATILLO PARA PLANTAS, MACETA REDONDA GRANDE PARA ORQUIDEAS SUCULENTAS PARA INTERIORES Y EXTERIORES, COLOR",,42709,Amazon,18-02-2026,6PULGADAS,CERAMICA,2,1
903,"MACETAS DE RIEGO AUTOMATICO DE 8/10/12 PULGADAS PARA PLANTAS DE INTERIOR/EXTERIOR - MACETA GRANDE DE PLASTICO CON AGUJEROS DE DRENAJE, INDICADOR DE NIVEL DE AGUA Y RESERVORIO PROFUNDO",,50762,Amazon,18-02-2026,12PULGADAS,PLASTICO,1,0
904,"-MACETAS DE RIEGO AUTOMATICO PARA INTERIORES CON AGUJEROS DE DRENAJE Y PLATILLOS, 8, 7, 6.5, 6, 5.5, 5 PULGADAS, COLOR BLANCO, 6 MACETAS",,35556,Amazon,18-02-2026,5PULGADAS,DESCONOCIDO,6,1
905,"KETER JUEGO DE 2 MACETAS DE RESINA MODERNAS PARA EXTERIORES DE 22 PULGADAS DE ALTO, MACETAS DE ASPECTO DE MADERA CONICA PARA PLANTAS AL AIRE LIBRE Y DECORACION DE PORCHE DELANTERO, GRAFITO",,182958,Amazon,18-02-2026,22PULGADAS,NATURAL,2,1
906,"JUEGO DE 3 MACETAS DE PARED DE CERAMICA CON GANCHOS, MACETA COLGANTE PARA VEGETACION Y FLORES SECAS, DECORACION DE PARED PARA EL HOGAR Y LA OFICINA",,,Amazon,18-02-2026,SIN MEDIDAS,CERAMICA,3,1
907,"MACETAS DE CERAMICA. MACETAS PARA PLANTAS. MACETAS CON AGUJEROS DE DRENAJE Y PLATILLOS PARA PLANTAS DE INTERIOR. 5.5 PULGADAS DE ANCHO, 4.3 PULGADAS DE PROFUNDIDAD. JUEGO DE 2.",,45245,Amazon,18-02-2026,5.5PULGADAS,CERAMICA,1,0
908,"JUEGO DE MACETAS COLGANTES DE RIEGO AUTOMATICO DE 4 A 8 PULGADAS PARA INTERIORES Y EXTERIORES, MACETAS COLGANTES CON DRENAJE Y BANDEJA EXTRAIBLE, SOPORTE PARA MACETAS COLGANTES PARA HIEDRA",,34967,Amazon,18-02-2026,8PULGADAS,DESCONOCIDO,1,0
909,"JUEGO DE DOS MACETAS COLGANTES DE GRAN TAMANO DE 13 PULGADAS, MACETAS PARA PLANTAS DE INTERIOR Y EXTERIOR. COLOCA MACETAS EN DIVERSOS ENTORNOS, INCLUIDOS ALFEIZARES, SALA DE ESTAR Y JARDINES",,55655,Amazon,18-02-2026,13PULGADAS,DESCONOCIDO,1,0
910,MACETAS VOGUE DE CLASSIC HOME & GARDEN CON ACABADO DE CALIDAD CERAMICA - MACETAS MODERNAS PARA INTERIORES Y EXTERIORES - MACETAS PARA PORCHE RESISTENTES A LOS RAYOS UV - MACETA DECORATIVA PARA FLORES,,29417,Amazon,18-02-2026,SIN MEDIDAS,CERAMICA,1,0
911,"MACETAS DE 6 PULGADAS, PAQUETE DE 5 MACETAS PARA EXTERIORES E INTERIORES, MACETAS CON AGUJEROS DE DRENAJE Y PLATILLOS DE BANDEJA (MULTICOLOR)",,31468,Amazon,18-02-2026,6PULGADAS,DESCONOCIDO,5,1
912,"JUEGO DE 3 MACETAS DE CERAMICA DE 6.75/5.6/4.2 PULGADAS CON AGUJEROS DE DRENAJE Y PLATILLO, MACETA PARA EXTERIORES E INTERIORES, MACETAS DECORATIVAS MODERNAS PARA PLANTAS DE CASA, JARDIN",,36300,Amazon,18-02-2026,4.2PULGADAS,CERAMICA,3,1
913,"RAOOKIF PAQUETE DE 100 MACETAS DE GUARDERIA, MACETAS DE 4, 5 Y 6 PULGADAS PARA PLANTAS, MACETAS DE PLASTICO CON AGUJEROS DE DRENAJE, MACETAS DE JARDIN PARA TRASPLANTAR, SUCULENTAS, ESQUEJES, PLANTULAS",,23017,Amazon,18-02-2026,6PULGADAS,PLASTICO,100,1
914,"ANYUMOCZ 60 PIEZAS DE 1 GALON DE MACETAS FLEXIBLES PARA VIVERO DE PLANTAS, MACETA DE PLANTULA DE PLASTICO SUAVE Y ENGROSADO CON AGUJEROS, CONTENEDOR DE PLANTAS DE FLORES PARA SUCULENTAS, ESQUEJES",,35443,Amazon,18-02-2026,SIN MEDIDAS,PLASTICO,1,0
915,"MACETAS DE 12/10/8 PULGADAS CON RIEGO AUTOMATICO PARA PLANTAS DE INTERIOR, MACETA GRANDE DE PLASTICO PARA PLANTAS DE EXTERIOR, MACETA DE FLORES CON VENTANA DE NIVEL DE AGUA Y ESPACIOSO RESERVORIO",,51273,Amazon,18-02-2026,8PULGADAS,PLASTICO,1,0
916,"MACETAS PARA PLANTAS DE 10/9/8/7.5/7 PULGADAS CON AUTORIEGO, JUEGO DE 5 MACETAS DE PLASTICO CON AGUJEROS DE DRENAJE Y PLATILLOS, MACETAS DE FLORES DE PLASTICO, MACETA DE VIVERO PARA PLANTAS DE",,46701,Amazon,18-02-2026,7PULGADAS,PLASTICO,5,1
917,"MACETA DE CERAMICA CON ORIFICIO DE DRENAJE Y PLATILLO, REDONDA, ESMALTADA, MODERNA, PARA SUCULENTAS, LENGUA DE SUEGRA (SANSEVIERIA), PLANTAS DE INTERIOR Y EXTERIOR, 6 PULGADAS",,31486,Amazon,18-02-2026,6PULGADAS,CERAMICA,1,0
918,"MACETAS DE CERAMICA TOSCANA, MACETAS VINTAGE DE 6.11 PULGADAS CON ORIFICIO DE DRENAJE PARA PLANTAS DE INTERIOR, JARRON VERDE DE GRANJA Y MACETAS, DECORACION DEL HOGAR, COCINA, JARDIN",,35383,Amazon,18-02-2026,6.11PULGADAS,CERAMICA,1,0
919,"LIFEMASTER - MACETAS CON MULTIPLES ORIFICIOS DE DRENAJE, 5 PIEZAS, DE PLASTICO, RESISTENTES Y VERSATILES, APILABLES, PARA DECORACION DEL HOGAR, JARDINERIA INTERIOR Y EXTERIOR, COLOR NEGRO",,21960,Amazon,18-02-2026,SIN MEDIDAS,PLASTICO,1,0
920,"DEECOO JUEGO DE 3 MACETAS DE CERAMICA PARA INTERIORES CON AGUJEROS DE DRENAJE, 5.7/4.7/3.5/PULGADAS, MACETAS DECORATIVAS MODERNAS PARA PLANTAS AL AIRE LIBRE, LIRIOS, CACTUS, SUCULENTAS, SERPIENTES Y",,43782,Amazon,18-02-2026,SIN MEDIDAS,CERAMICA,3,1
921,"PAQUETE DE 5 MACETAS CON DRENAJE DE 7/6.5/6/5.5/5 PULGADAS, MACETAS DE RIEGO AUTOMATICO PARA PLANTAS DE INTERIOR, MACETAS PARA PLANTAS DE INTERIOR Y EXTERIOR, MACETA DE PLASTICO, MACETA PARA",,53672,Amazon,18-02-2026,5PULGADAS,PLASTICO,5,1
922,"QCQHDU MACETA DE 8 PULGADAS, PAQUETE DE 2 MACETAS PARA PLANTAS DE INTERIOR CON AGUJEROS DE DRENAJE Y PLATILLO, MACETAS PARA EXTERIORES, DECORACION MODERNA PARA EL HOGAR Y EL JARDIN",,33399,Amazon,18-02-2026,8PULGADAS,DESCONOCIDO,2,1
923,"MIXC MACETAS DE VIVERO ENGROSADAS TRANSPARENTES CON BASE DE SILICONA PARA FACIL TRASPLANTE, 30 PAQUETES DE 4 PULGADAS, MACETA TRANSPARENTE REUTILIZABLE PARA PLANTULAS DE VEGETALES, ESQUEJES DE RAIZ",,59699,Amazon,18-02-2026,4PULGADAS,DESCONOCIDO,1,0
924,"ORCELER MACETAS DE TERRACOTA Y ARCILLA DE 6 PULGADAS PARA PLANTAS CON PLATILLO, MACETAS MEDIANAS DE TERRACOTA CON ORIFICIO DE DRENAJE, MACETA CON BANDEJA, MACETA DE TERRACOTA PARA PLANTAS DE INTERIOR",,40016,Amazon,18-02-2026,6PULGADAS,CERAMICA,1,0
925,"MACETAS DE 4 PULGADAS, JUEGO DE 6 MACETAS DE INTERIOR, MACETAS CON AGUJEROS DE DRENAJE Y BANDEJAS PARA ORQUIDEAS, VIOLETAS, SUCULENTAS, HIERBAS Y OTRAS PLANTAS, COLORIDAS",,19952,Amazon,18-02-2026,4PULGADAS,DESCONOCIDO,6,1
926,"MACETAS DE INTERIOR DE 6 PULGADAS CON ORIFICIO DE DRENAJE Y PLATILLO DE BANDEJA, MACETAS PARA PLANTAS Y FLORES DE JARDIN DE INTERIORES Y EXTERIORES, MULTICOLOR, 4 PAQUETES",,23762,Amazon,18-02-2026,6PULGADAS,DESCONOCIDO,1,0
927,"LAND GUARD - KIT DE MACETA DE JARDIN ELEVADA DE METAL GALVANIZADO, PARA EXTERIORES, GRANDE, OVALADA, PARA VEGETALES",,65458,Amazon,18-02-2026,SIN MEDIDAS,METAL,1,0
928,"LE TAUCI MACETAS DE 12 PULGADAS PARA PLANTAS, MACETAS DE CERAMICA CON AGUJEROS DE DRENAJE Y PLATILLOS, MACETA GRANDE ELEGANTE Y DURADERA, PERFECTA PARA DECORACION DEL HOGAR Y LA OFICINA, COLOR BLANCO",,117371,Amazon,18-02-2026,12PULGADAS,CERAMICA,1,0
929,"LINDAS MACETAS DE CERAMICA PARA SUCULENTAS, MACETA CON DRENAJE Y PLATILLO ADJUNTO, JUEGO DE 5 PLANTAS NO INCLUIDAS (REDONDA)",,62340,Amazon,18-02-2026,SIN MEDIDAS,CERAMICA,1,0
930,"PAQUETE DE 30 MACETAS DE PLASTICO DE 5 GALONES, MACETAS SUAVES DE 12.8 PULGADAS DE GROSOR CON AGUJEROS DE DRENAJE, CONTENEDOR DE FLORES PARA PLANTAS DE SEMILLERO, JARDIN, INTERIOR Y EXTERIOR",,94406,Amazon,18-02-2026,12.8PULGADAS,PLASTICO,30,1
931,UTOPIA HOME MACETAS PARA PLANTAS DE INTERIOR CON AGUJEROS DE DRENAJE - JUEGO DE 5 MACETAS DE FLORES DE PLASTICO BLANCO (7/6.6/6/5.3/4.8 PULGADAS) - MACETAS MODERNAS PARA PLANTAS DE INTERIOR,,29244,Amazon,18-02-2026,4.8PULGADAS,PLASTICO,5,1
932,"PAQUETE DE 10 MACETAS DE 6 PULGADAS CON DRENAJE Y PLATILLOS, MACETAS DE PLASTICO NEGRO PARA PLANTAS DE INTERIOR Y EXTERIOR, MACETAS APILABLES PARA PLANTAS DE INTERIOR Y HIERBAS, COLOR NEGRO",,30057,Amazon,18-02-2026,6PULGADAS,PLASTICO,10,1
933,"JUEGO DE 2 MACETAS GRANDES ALTAS PARA INTERIORES O EXTERIORES, 24 PULGADAS, MACETAS ALTAS CONICAS CON BANDEJA PARA PORCHE, PATIO, PATIO TRASERO, MACETAS GRANDES PARA PLANTAS DE INTERIOR AL AIRE",,130299,Amazon,18-02-2026,24PULGADAS,DESCONOCIDO,2,1
934,"MACETA PARA EXTERIORES CON DISENO DE CELOSIA - MACETA CUADRADA DE 14.75 PULGADAS, 13 PULGADAS DE ALTO, MACETA BLANCA PARA PLANTAS - MACETAS DECORATIVAS PARA DECORACION DE PORCHE DELANTERO - MACETAS AL",,41384,Amazon,18-02-2026,14.75PULGADAS,DESCONOCIDO,1,0
935,"WORTH JUEGO DE MACETAS REDONDAS DE 9 GALONES DE ALTO, 2-14 PULGADAS DE DIAMETRO X 21 PULGADAS DE ALTO, CON ACABADO DE PIEDRA, CONTENEDOR DECORATIVO PARA INTERIORES, JARDIN, PATIO, IRROMPIBLE, BEIGE",,,Amazon,18-02-2026,14PULGADAS,DESCONOCIDO,1,0
936,"MACETAS WEICHENGXING, 12/10/9/8/ PULGADAS GRANDES MACETAS DE PLASTICO AUTO-RIEGO PARA PLANTAS DE INTERIOR Y EXTERIOR CON AGUJEROS DE DRENAJE, DEPOSITO PROFUNDO, MACETA DE PLANTACION PARA VIVERO PARA",,56123,Amazon,18-02-2026,SIN MEDIDAS,PLASTICO,1,0
937,"JERIA PAQUETE DE 100 MACETAS DE PLASTICO DE 4 PULGADAS QUE VIENEN CON 100 ETIQUETAS PARA PLANTAS, CONTENEDOR DE PLANTAS DE FLORES DE PLANTULAS Y MACETAS DE INICIO DE SEMILLAS",,20662,Amazon,18-02-2026,4PULGADAS,PLASTICO,100,1
938,"LE TAUCI MACETAS DE 4.1 + 5.1 + 6.5 PULGADAS, JUEGO DE 3, MACETAS DE CERAMICA CON ORIFICIO DE DRENAJE Y PLATILLO, MACETA DE INTERIOR CON ALMOHADILLA DE MALLA DE AGUJERO, REGALOS PARA MAMA, ESMALTE",,51333,Amazon,18-02-2026,6.5PULGADAS,CERAMICA,1,0
939,"QUARUT PAQUETE DE 3 MACETAS DE 10 PULGADAS, MACETAS DE BARRIL DE WHISKY CON AGUJEROS DE DRENAJE Y PLATILLO, MACETAS DE PLASTICO PARA DECORACION DE FLORES CON DISENO DE BARRIL DE VINO IMITACION, PARA",,44380,Amazon,18-02-2026,10PULGADAS,PLASTICO,3,1
940,"GEPEGE - MACETAS BLANCAS DE INTERIOR, MACETA DE CERAMICA CON ORIFICIO DE DRENAJE, 6.0, 5.0 Y 4.0 PULGADAS, MACETA PARA ORQUIDEAS Y SUCULENTAS, ESMALTE PERLADO DE ARCOIRIS",,36491,Amazon,18-02-2026,4.0PULGADAS,CERAMICA,1,0
941,"PAQUETE DE 6 MACETAS DE TERRACOTA Y ARCILLA DE 6 PULGADAS CON PLATILLO PARA PLANTAS, MACETA GRANDE DE TERRACOTA CON ORIFICIO DE DRENAJE, MACETA PARA PLANTAS DE INTERIOR Y EXTERIOR",,43592,Amazon,18-02-2026,6PULGADAS,CERAMICA,6,1
942,CREATIVE CO-OP - MACETA GRANDE DE CERAMICA BLANCA MATE CON RELIEVE,,148198,Amazon,18-02-2026,SIN MEDIDAS,CERAMICA,1,0
943,"KANTE - MACETA REDONDA DE HORMIGON DE 24 PULGADAS DE ALTURA, MACETAS GRANDES PARA INTERIORES Y EXTERIORES CON ORIFICIO DE DRENAJE Y TAPON DE GOMA, MACETAS DECORATIVAS MODERNAS DE JARDIN PARA PATIO",,226965,Amazon,18-02-2026,24PULGADAS,DESCONOCIDO,1,0
944,"COSMOLIVING BY COSMOPOLITAN - MACETA DE METAL PARA INTERIORES Y EXTERIORES, MACETA GRANDE CON SOPORTE EXTRAIBLE, JUEGO DE 2 MACETAS DE 19 PULGADAS, 22 PULGADAS DE ALTO, COLOR DORADO",,134612,Amazon,18-02-2026,19PULGADAS,METAL,2,1
945,"PAQUETE DE 300 MACETAS DE PLASTICO DE 4 PULGADAS PARA PLANTAS, MACETAS PEQUENAS PARA PLANTULAS, MACETAS PARA SUCULENTAS, MACETAS CON AGUJEROS DE DRENAJE, INCLUYE 300 ETIQUETAS PARA PLANTAS",,38145,Amazon,18-02-2026,4PULGADAS,PLASTICO,300,1
946,CLASSIC HOME AND GARDEN ROSIE - MACETA MODERNA CON DRENAJE - CUENCOS DE MACETAS CONTEMPORANEOS - JARRONES REDONDOS POCO PROFUNDOS PARA PLANTAS PEQUENAS - MACETAS VERSATILES PARA INTERIORES Y,,30715,Amazon,18-02-2026,SIN MEDIDAS,DESCONOCIDO,1,0
947,"PAQUETE DE 30 MACETAS TRANSPARENTES PARA PLANTAS DE VIVERO, MACETA DE PLASTICO DE ALTA TRANSPARENCIA DE 3.5/4/5 PULGADAS CON AGUJEROS DE DRENAJE, INCLUYE 20 ETIQUETAS",,21337,Amazon,18-02-2026,5PULGADAS,PLASTICO,30,1
948,"SOPORTE PARA PLANTAS DE INTERIOR CON LUCES DE CULTIVO, ESTANTE GRANDE DE 55 PULGADAS DE ALTO CON 7 NIVELES PARA PLANTAS DE INTERIOR, ESTANTE EN FORMA DE JARRON, SOPORTE PARA MACETAS",,98796,Amazon,18-02-2026,55PULGADAS,DESCONOCIDO,1,0
949,"MACETAS WEICHENGXING, 12/10/9/8/ PULGADAS GRANDES MACETAS DE PLASTICO AUTO-RIEGO PARA PLANTAS DE INTERIOR Y EXTERIOR CON AGUJEROS DE DRENAJE, DEPOSITO PROFUNDO, MACETA DE PLANTACION PARA VIVERO PARA",,56123,Amazon,18-02-2026,SIN MEDIDAS,PLASTICO,1,0
950,"100 PACK DE MACETAS DE VIVERO DE PLANTAS DE 8 CM, MACETAS CUADRADAS DURADERAS PARA PLANTULAS CON AGUJEROS DE DRENAJE, MACETAS DE PLASTICO REUTILIZABLES PEQUENAS PARA PLANTAS DE SEMILLAS",,68402,Amazon,18-02-2026,8CM,PLASTICO,1,0
951,MACETERO S COLOMBA OUTZEN,OUTZEN,14990,Easy,27-02-2026,S,DESCONOCIDO,1,0
952,MACETERO 14 CM BOHO NATURAL OUTZEN,OUTZEN,3493,Easy,27-02-2026,14CM,DESCONOCIDO,1,0
953,MACETERO 33 CM PIEDRA TAUPE REYPLAST,REYPLAST,9990,Easy,27-02-2026,33CM,DESCONOCIDO,1,0
954,MACETERO 18 CM PIEDRA BLANCO REYPLAST,REYPLAST,2990,Easy,27-02-2026,18CM,DESCONOCIDO,1,0
955,MACETERO ENLOZADO BLANCO 14X12X12 CM,DECOGREEN,6990,Easy,27-02-2026,14X12X12,DESCONOCIDO,1,0
956,MACETERO 11.5 CM HANOVER MOSTAZA JAPI,JAPI,2598,Easy,27-02-2026,11.5CM,DESCONOCIDO,1,0
957,MACETERO 33 CM RUSTIC ROUND PLANTER IV JAPI,JAPI,19990,Easy,27-02-2026,33CM,DESCONOCIDO,1,0
958,MACETERO 33 CM PIEDRA BLANCO REYPLAST,REYPLAST,9990,Easy,27-02-2026,33CM,DESCONOCIDO,1,0
959,MACETERO HAZEL MARRON OUTZEN,OUTZEN,6993,Easy,27-02-2026,SIN MEDIDAS,DESCONOCIDO,1,0
960,MACETERO ESTILO PIEDRA AZUL ACERO 17X16.7X17 CM,REYPLAST,2990,Easy,27-02-2026,17X16.7X17,METAL,1,0
961,MACETA BILLIE BLANCO 44.45 CM,OUTZEN,8393,Easy,27-02-2026,44.45CM,DESCONOCIDO,1,0
962,MACETERO S BASIC JADE OUTZEN,OUTZEN,4893,Easy,27-02-2026,S,DESCONOCIDO,1,0
963,MACETA OLEANDER VERDE 15 CM,OUTZEN,2990,Easy,27-02-2026,15CM,DESCONOCIDO,1,0
964,MACETERO 57 CM RUSTIC ROUND PLANTER VI JAPI.,JAPI,49990,Easy,27-02-2026,57CM,DESCONOCIDO,1,0
965,MACETERO HAZEL CRUDO OUTZEN,OUTZEN,6993,Easy,27-02-2026,SIN MEDIDAS,DESCONOCIDO,1,0
966,MACETERO 18 CM CAPRI ANTRACITA OUTZEN,OUTZEN,2093,Easy,27-02-2026,18CM,DESCONOCIDO,1,0
967,MACETA BILLIE GRIS 28.6 CM,OUTZEN,2793,Easy,27-02-2026,28.6CM,DESCONOCIDO,1,0
968,MACETERO 20 CM S CANASTO NATURAL OUTZEN,OUTZEN,4193,Easy,27-02-2026,20CM,DESCONOCIDO,1,0
969,MACETA BASE MADERA OCRE 21 CM,OUTZEN,6993,Easy,27-02-2026,21CM,NATURAL,1,0
970,MACETA OLEANDER ECRUE 15 CM,OUTZEN,2990,Easy,27-02-2026,15CM,DESCONOCIDO,1,0
971,MACETERO 28 CM BOHO NATURAL OUTZEN,OUTZEN,10493,Easy,27-02-2026,28CM,DESCONOCIDO,1,0
972,MACETA BASE MADERA VERDE 21 CM,GENERICO,6993,Easy,27-02-2026,21CM,NATURAL,1,0
973,MACETERO HAZEL GRIS CLARO OUTZEN,OUTZEN,6993,Easy,27-02-2026,SIN MEDIDAS,DESCONOCIDO,1,0
974,MACETERO CILINDRO GRAFITO CON PLATO DORADO L 18X18 CM,DECOGREEN,7794,Easy,27-02-2026,18X18,DESCONOCIDO,1,0
975,MACETA BILLIE GRIS 44.45 CM,OUTZEN,8393,Easy,27-02-2026,44.45CM,DESCONOCIDO,1,0
976,MACETERO L BASIC BLANCO OUTZEN,OUTZEN,10493,Easy,27-02-2026,L,DESCONOCIDO,1,0
977,MACETERO 14 CM CAPRI ANTRACITA OUTZEN,OUTZEN,1043,Easy,27-02-2026,14CM,DESCONOCIDO,1,0
978,MACETERO CILINDRO VERDE MUSGO CON PLATO DORADO M 15X15 CM,DECOGREEN,6990,Easy,27-02-2026,15X15,DESCONOCIDO,1,0
979,MACETA BILLIE BLANCO 28.6 CM,OUTZEN,2793,Easy,27-02-2026,28.6CM,DESCONOCIDO,1,0
980,MACETA LORCA 21 CM,OUTZEN,6993,Easy,27-02-2026,21CM,DESCONOCIDO,1,0
981,MACETERO S BASIC GRIS OUTZEN,OUTZEN,4893,Easy,27-02-2026,S,DESCONOCIDO,1,0
982,MACETA BOCAYA BEIGE 46 CM,OUTZEN,35693,Easy,27-02-2026,46CM,DESCONOCIDO,1,0
983,MACETA STRIPES AZUL 20 CM,OUTZEN,6993,Easy,27-02-2026,20CM,DESCONOCIDO,1,0
984,MACETA CERAMICA ALINE XL GLOSSY AZUL,OUTZEN,13993,Easy,27-02-2026,XL,CERAMICA,1,0
985,MACETERO 18 CM ESTILO PIEDRA GREEN TERRA,REYPLAST,2990,Easy,27-02-2026,18CM,DESCONOCIDO,1,0
986,MACETA AZUL 16 CM,OUTZEN,6993,Easy,27-02-2026,16CM,DESCONOCIDO,1,0
987,PLATO PARA MACETERO 15 CM PIEDRA BLANCO,REYPLAST,790,Easy,27-02-2026,15CM,DESCONOCIDO,1,0
988,MACETERO ENLOZADO BLANCO 20X18X18 CM,DECOGREEN,12990,Easy,27-02-2026,20X18X18,DESCONOCIDO,1,0
989,MACETERO N10 TAUPE 28 CM,REYPLAST,3990,Easy,27-02-2026,28CM,DESCONOCIDO,1,0
990,MACETERO CILINDRO GRAFITO CON PLATO DORADO M 15X15 CM,DECOGREEN,6594,Easy,27-02-2026,15X15,DESCONOCIDO,1,0
991,MACETA BASE MADERA GRIS 21 CM,GENERICO,6993,Easy,27-02-2026,21CM,NATURAL,1,0
992,MACETERO 20 CM BOHO NATURAL OUTZEN,OUTZEN,6993,Easy,27-02-2026,20CM,DESCONOCIDO,1,0
993,MACETERO PERRO OUTZEN,OUTZEN,20993,Easy,27-02-2026,SIN MEDIDAS,DESCONOCIDO,1,0
994,MACETA BOCAYA 46 CM,OUTZEN,35693,Easy,27-02-2026,46CM,DESCONOCIDO,1,0
995,MACETA LOFT GRIS OSCURO 17 CM,OUTZEN,4193,Easy,27-02-2026,17CM,DESCONOCIDO,1,0
996,MACETERO S BASIC JADE OUTZEN,OUTZEN,4893,Easy,27-02-2026,S,DESCONOCIDO,1,0
997,MACETA OVIEDO GRIS 40 CM,OUTZEN,27993,Easy,27-02-2026,40CM,DESCONOCIDO,1,0
998,MACETA LORCA 21 CM,OUTZEN,6993,Easy,27-02-2026,21CM,DESCONOCIDO,1,0
999,MACETA OLEANDER NEGRO 19 CM,OUTZEN,4990,Easy,27-02-2026,19CM,DESCONOCIDO,1,0
1000,MACETERO CILINDRO GRAFITO CON PLATO DORADO M 15X15 CM,DECOGREEN,6594,Easy,27-02-2026,15X15,DESCONOCIDO,1,0
1001,SOPORTE MACETA DOBLE NEGRO OUTZEN,OUTZEN,13993,Easy,27-02-2026,SIN MEDIDAS,DESCONOCIDO,1,0
1002,MACETERO CILINDRO GRAFITO CON PLATO DORADO L 18X18 CM,DECOGREEN,7794,Easy,27-02-2026,18X18,DESCONOCIDO,1,0
1003,MACETA MURCIA 50 CM,OUTZEN,20993,Easy,27-02-2026,50CM,DESCONOCIDO,1,0
1004,PLATO PARA MACETERO 15 CM PIEDRA BLANCO,REYPLAST,790,Easy,27-02-2026,15CM,DESCONOCIDO,1,0
1005,MACETERO CILINDRO VERDE MUSGO CON PLATO DORADO M 15X15 CM,DECOGREEN,6990,Easy,27-02-2026,15X15,DESCONOCIDO,1,0
1006,MACETERO HAZEL GRIS CLARO OUTZEN,OUTZEN,6993,Easy,27-02-2026,SIN MEDIDAS,DESCONOCIDO,1,0
1007,MACETERO 18 CM CAPRI ANTRACITA OUTZEN,OUTZEN,2093,Easy,27-02-2026,18CM,DESCONOCIDO,1,0
1008,MACETA RUSTIC CASK 55 CM SANDSTONE,JAPI,69990,Easy,27-02-2026,55CM,DESCONOCIDO,1,0
1009,MACETA VIGO 32 CM,OUTZEN,20993,Easy,27-02-2026,32CM,DESCONOCIDO,1,0
1010,MACETA ROJO 16 CM,OUTZEN,6993,Easy,27-02-2026,16CM,DESCONOCIDO,1,0
1011,MACETERO 55 CM FLUTE TALL PLANTER IV JAPI.,JAPI,49990,Easy,27-02-2026,55CM,DESCONOCIDO,1,0
1012,MACETA PAMPLONA 75X48 CM,OUTZEN,48993,Easy,27-02-2026,75X48,DESCONOCIDO,1,0
1013,MACETA BILLIE VERDE 28.6 CM,OUTZEN,2793,Easy,27-02-2026,28.6CM,DESCONOCIDO,1,0
1014,MACETA AGAVE 12X14 CM,OUTZEN,3493,Easy,27-02-2026,12X14,DESCONOCIDO,1,0
1015,MACETERO CILINDRO VERDE MUSGO CON PLATO DORADO S 13X13 CM,DECOGREEN,4990,Easy,27-02-2026,13X13,DESCONOCIDO,1,0
1016,MACETERO 14 CM CAPRI ANTRACITA OUTZEN,OUTZEN,1043,Easy,27-02-2026,14CM,DESCONOCIDO,1,0
1017,MACETA CANASTO RING 36 CM,OUTZEN,10493,Easy,27-02-2026,36CM,DESCONOCIDO,1,0
1018,TIERRA MACETEROS 6 LT,ROOTS,1990,Easy,27-02-2026,6L,DESCONOCIDO,1,0
1019,MACETA BOCAYA 36 CM,OUTZEN,25193,Easy,27-02-2026,36CM,DESCONOCIDO,1,0
1020,MACETERO CILINDRO TERRACOTA CON PEDESTAL BAMBOO 25X19 CM,DECOGREEN,6990,Easy,27-02-2026,25X19,DESCONOCIDO,1,0
1021,MACETERO 33 CM RUSTIC ROUND PLANTER I JAPI,JAPI,19990,Easy,27-02-2026,33CM,DESCONOCIDO,1,0
1022,PORTA MACETA COLGANTE 15 CM ROOTS,OUTZEN,2793,Easy,27-02-2026,15CM,DESCONOCIDO,1,0
1023,PLATO MACETA REDONDO DK-G4 CAFE REYPLAST,REYPLAST,190,Easy,27-02-2026,SIN MEDIDAS,DESCONOCIDO,1,0
1024,MACETA LECCE 77X37X37 CM,OUTZEN,48993,Easy,27-02-2026,77X37X37,DESCONOCIDO,1,0
1025,MACETA CERAMICA ELAINE L MOSTAZA,OUTZEN,6990,Easy,27-02-2026,L,CERAMICA,1,0
1026,MACETERO 33 CM RATAN MARRON REYPLAST,REYPLAST,8980,Easy,27-02-2026,33CM,NATURAL,1,0
1027,MACETERO M CILINDRO TERRACOTA DECOGREEN,DECOGREEN,6990,Easy,27-02-2026,M,DESCONOCIDO,1,0
1028,MACETA URBINO 37.5X80X37 CM,OUTZEN,41993,Easy,27-02-2026,37.5X80X37,DESCONOCIDO,1,0
1029,MACETA MANOS 6.8X14.5X13.5 CM,OUTZEN,3493,Easy,27-02-2026,6.8X14.5X13.5,DESCONOCIDO,1,0
1030,MACETERO L BASIC BLANCO OUTZEN,OUTZEN,10493,Easy,27-02-2026,L,DESCONOCIDO,1,0
1031,PORTA MACETA NEGRO 20.5 CM,OUTZEN,5593,Easy,27-02-2026,20.5CM,DESCONOCIDO,1,0
1032,SET 3 MACETEROS PIZARRA + BANDEJA CREMA,DECOGREEN,6990,Easy,27-02-2026,SIN MEDIDAS,DESCONOCIDO,3,1
1033,PLATO PARA MACETERO 30 CM PIEDRA BLANCO,REYPLAST,1990,Easy,27-02-2026,30CM,DESCONOCIDO,1,0
1034,MACETERO L CILINDRO CEMENTO DECOGREEN,DECOGREEN,9990,Easy,27-02-2026,L,CEMENTICIO,1,0
1035,MACETA EMBOSS PERFIL BLANCO 17 CM,OUTZEN,4893,Easy,27-02-2026,17CM,DESCONOCIDO,1,0
1036,MACETA BILLIE BLANCO 30.26 CM,OUTZEN,6993,Easy,27-02-2026,30.26CM,DESCONOCIDO,1,0
1037,MACETA AUTORREGANTE STONE BEIGE 28 CM,OUTZEN,20993,Easy,27-02-2026,28CM,DESCONOCIDO,1,0
1038,MACETERO 32.5 CM XL CANASTO NATURAL OUTZEN,OUTZEN,8393,Easy,27-02-2026,32.5CM,DESCONOCIDO,1,0
1039,MACETERO M BASIC BLANCO OUTZEN,OUTZEN,8393,Easy,27-02-2026,M,DESCONOCIDO,1,0
1040,MACETA COATI VERDE 15.8 CM,OUTZEN,3493,Easy,27-02-2026,15.8CM,DESCONOCIDO,1,0
1041,MACETA LECCE 63X30X30 CM,OUTZEN,31493,Easy,27-02-2026,63X30X30,DESCONOCIDO,1,0
1042,MACETERO 16 CM PIEDRA TAUPE REYPLAST.,REYPLAST,2990,Easy,27-02-2026,16CM,DESCONOCIDO,1,0
1043,MACETA HERA 22X30 CM,OUTZEN,13993,Easy,27-02-2026,22X30,DESCONOCIDO,1,0
1044,MACETA CERAMICA XL ALINE GLOSSY BLANCO,OUTZEN,13993,Easy,27-02-2026,XL,CERAMICA,1,0
1045,MACETA COATI MOSTAZA 15.8 CM,OUTZEN,3493,Easy,27-02-2026,15.8CM,DESCONOCIDO,1,0
1046,MACETA TALLA S CANASTO BASE BUKAN OUTZEN,OUTZEN,10493,Easy,27-02-2026,S,DESCONOCIDO,1,0
1047,SOPORTE MACETA NEGRO OUTZEN,OUTZEN,13993,Easy,27-02-2026,SIN MEDIDAS,DESCONOCIDO,1,0
1048,MACETERO CILINDRO CEMENTO CON PEDESTAL BAMBOO 25X19 CM,DECOGREEN,5394,Easy,27-02-2026,25X19,CEMENTICIO,1,0
1049,MACETERO BIODEGRADABLE BAMBOO CUADRADO BLANCO 13.3X13.3X12.4 CM,DECOGREEN,2590,Easy,27-02-2026,13.3X13.3X12.4,DESCONOCIDO,1,0
1050,MACETA UMBRELLA PINK 30 CM,OUTZEN,7990,Easy,27-02-2026,30CM,DESCONOCIDO,1,0
1051,MACETA BILLIE BLANCO 48.8 CM,OUTZEN,13993,Easy,27-02-2026,48.8CM,DESCONOCIDO,1,0
1052,MACETA BOCAYA BEIGE 28 CM,OUTZEN,18193,Easy,27-02-2026,28CM,DESCONOCIDO,1,0
1053,MACETA PORTER COTTON 16.6 CM,OUTZEN,2793,Easy,27-02-2026,16.6CM,DESCONOCIDO,1,0
1054,MACETERO 25 CM RATAN MARRON REYPLAST,REYPLAST,4980,Easy,27-02-2026,25CM,NATURAL,1,0
1055,MACETERO N10 TAUPE 28 CM,REYPLAST,3990,Easy,27-02-2026,28CM,DESCONOCIDO,1,0
1056,MACETA COATI BEIGE 15.8 CM,OUTZEN,3493,Easy,27-02-2026,15.8CM,DESCONOCIDO,1,0
1057,MACETA RUSTIC CASK 44 CM SANDSTONE,JAPI,44990,Easy,27-02-2026,44CM,DESCONOCIDO,1,0
1058,MACETERO 45 CM RUSTIC ROUND PLANTER II JAPI,JAPI,39990,Easy,27-02-2026,45CM,DESCONOCIDO,1,0
1059,MACETERO ROMBO TEXTURA CEMENTO 13.5X13 CM,DECOGREEN,4194,Easy,27-02-2026,13.5X13,CEMENTICIO,1,0
1060,MACETA BILLIE GRIS 38.6 CM,OUTZEN,6293,Easy,27-02-2026,38.6CM,DESCONOCIDO,1,0
1061,MACETERO 24 CM M CANASTO NATURAL OUTZEN,OUTZEN,5593,Easy,27-02-2026,24CM,DESCONOCIDO,1,0
1062,MACETERO ENLOZADO MOSTAZA 17X15X15 CM,DECOGREEN,9990,Easy,27-02-2026,17X15X15,DESCONOCIDO,1,0
1063,PLATO PARA MACETERO 22 CM PIEDRA BLANCO,REYPLAST,1290,Easy,27-02-2026,22CM,DESCONOCIDO,1,0
1064,MACETERO L BASIC GRIS,OUTZEN,10493,Easy,27-02-2026,L,DESCONOCIDO,1,0
1065,MACETA RUSTIC CASK 55 CM CHARCOAL,JAPI,69990,Easy,27-02-2026,55CM,DESCONOCIDO,1,0
1066,MACETERO 24 CM BUDA OUTZEN,OUTZEN,17493,Easy,27-02-2026,24CM,DESCONOCIDO,1,0
1067,MACETERO 16 CM CAPRI ANTRACITA OUTZEN,OUTZEN,1393,Easy,27-02-2026,16CM,DESCONOCIDO,1,0
1068,FIGURA DECORATIVA 65 CM SOLDADO OUTZEN,OUTZEN,14990,Easy,27-02-2026,65CM,DESCONOCIDO,1,0
1069,MACETA AMARILLO 17X16X16 CM,OUTZEN,6993,Easy,27-02-2026,17X16X16,DESCONOCIDO,1,0
1070,MACETA D2 AJOLOTE 12 CM,OUTZEN,4990,Easy,27-02-2026,12CM,DESCONOCIDO,1,0
1071,MACETA ARCADIOS 16 CM,OUTZEN,5593,Easy,27-02-2026,16CM,DESCONOCIDO,1,0
1072,MACETA AUTORREGANTE STONE BEIGE 33 CM,OUTZEN,27993,Easy,27-02-2026,33CM,DESCONOCIDO,1,0
1073,MACETERO L BASIC JADE OUTZEN,OUTZEN,10493,Easy,27-02-2026,L,DESCONOCIDO,1,0
1074,MACETERO METALICO BLANCO 12X24X10 CM,DECOGREEN,4194,Easy,27-02-2026,12X24X10,METAL,1,0
1075,MACETERO HOJA TEXTURA CEMENTO 13.5X13 CM,DECOGREEN,4990,Easy,27-02-2026,13.5X13,CEMENTICIO,1,0
1076,MACETERO CANASTO 20 CM RAMA NATURAL,DECOGREEN,5990,Easy,27-02-2026,20CM,DESCONOCIDO,1,0
1077,MACETA RIMINI BLANCO 20X51X20 CM,OUTZEN,18624,Easy,27-02-2026,20X51X20,DESCONOCIDO,1,0
1078,MACETA BOCAYA BEIGE 36 CM,OUTZEN,25193,Easy,27-02-2026,36CM,DESCONOCIDO,1,0
1079,MACETERO S BASIC GRIS OUTZEN,OUTZEN,4893,Easy,27-02-2026,S,DESCONOCIDO,1,0
1080,MACETA 21 CM MADAGASCAR VERDE SECO OUTZEN,OUTZEN,1743,Easy,27-02-2026,21CM,DESCONOCIDO,1,0
1081,HUERTO 80X69X39 CM VENEZIA ARTEVASI.,OUTZEN,34993,Easy,27-02-2026,80X69X39,DESCONOCIDO,1,0
1082,MACETERO 20 CM CAPRI BLANCO OUTZEN,OUTZEN,2793,Easy,27-02-2026,20CM,DESCONOCIDO,1,0
1083,MACETA D1 AJOLOTE 12 CM,OUTZEN,4990,Easy,27-02-2026,12CM,DESCONOCIDO,1,0
1084,MACETA FACE 37X37X33 CM,OUTZEN,20993,Easy,27-02-2026,37X37X33,DESCONOCIDO,1,0
1085,MACETA COLGAR C 16.5 CM,OUTZEN,5593,Easy,27-02-2026,16.5CM,DESCONOCIDO,1,0
1086,PORTA MACETA COLGANTE 20 CM ROOTS,OUTZEN,3493,Easy,27-02-2026,20CM,DESCONOCIDO,1,0
1087,MACETERO 45 CM RUSTIC ROUND PLANTER V JAPI,JAPI,39990,Easy,27-02-2026,45CM,DESCONOCIDO,1,0
1088,MACETERO 28.5 CM L CANASTO NATURAL OUTZEN,OUTZEN,6993,Easy,27-02-2026,28.5CM,DESCONOCIDO,1,0
1089,PLATO MACETERO 18 CM RATAN MARRON REYPLAST,REYPLAST,690,Easy,27-02-2026,18CM,NATURAL,1,0
1090,MACETA RUSTIC CASK 44 CM CHARCOAL,JAPI,44990,Easy,27-02-2026,44CM,DESCONOCIDO,1,0
1091,MACETA AGAVE MOSTAZA 12X14 CM,OUTZEN,3493,Easy,27-02-2026,12X14,DESCONOCIDO,1,0
1092,MACETA ARTEMIS BOWL BLANCO 21 CM,OUTZEN,19990,Easy,27-02-2026,21CM,DESCONOCIDO,1,0
1093,FIGURA DECORATIVA BUDA 47 CM,OUTZEN,20993,Easy,27-02-2026,47CM,DESCONOCIDO,1,0
1094,MACETERO ENLOZADO BLANCO 20X18X18 CM,DECOGREEN,12990,Easy,27-02-2026,20X18X18,DESCONOCIDO,1,0
1095,MACETERO N14 TAUPE 40 CM,REYPLAST,8990,Easy,27-02-2026,40CM,DESCONOCIDO,1,0
1096,MACETA LEYVA 33 CM,OUTZEN,10493,Easy,27-02-2026,33CM,DESCONOCIDO,1,0
1097,MACETERO 20 CM CAPRI TAUPE OUTZEN,OUTZEN,2793,Easy,27-02-2026,20CM,DESCONOCIDO,1,0
1098,MACETERO ENLOZADO MOSTAZA 20X18X18 CM,DECOGREEN,12990,Easy,27-02-2026,20X18X18,DESCONOCIDO,1,0
1099,MACETERO ENLOZADO MOSTAZA 14X12X12 CM,DECOGREEN,6990,Easy,27-02-2026,14X12X12,DESCONOCIDO,1,0
1100,MACETERO N6 TAUPE 17 CM,REYPLAST,990,Easy,27-02-2026,17CM,DESCONOCIDO,1,0
1101,MACETERO COLGANTE XL 35 CM NEGRO,DECOGREEN,5994,Easy,27-02-2026,35CM,DESCONOCIDO,1,0
1102,MACETA BOCAYA 28 CM,OUTZEN,18193,Easy,27-02-2026,28CM,DESCONOCIDO,1,0
1103,MACETERO BIODEGRADABLE BAMBOO BLANCO 24X24X18 CM,DECOGREEN,6990,Easy,27-02-2026,24X24X18,DESCONOCIDO,1,0
1104,MACETERO CAPRI TAUPE OUTZEN,OUTZEN,9093,Easy,27-02-2026,SIN MEDIDAS,DESCONOCIDO,1,0
1105,MACETA HUDSON ANTIQUE BASALT 27.94 CM,OUTZEN,4893,Easy,27-02-2026,27.94CM,DESCONOCIDO,1,0
1106,MACETA LOFT BLANCO 17 CM,OUTZEN,4193,Easy,27-02-2026,17CM,DESCONOCIDO,1,0
1107,MACETERO 18 CM ESTILO PIEDRA GREEN TERRA,REYPLAST,2990,Easy,27-02-2026,18CM,DESCONOCIDO,1,0
1108,MACETERO S BASIC BLANCO OUTZEN,OUTZEN,4893,Easy,27-02-2026,S,DESCONOCIDO,1,0
1109,MACETA TERUEL 16 CM,OUTZEN,10493,Easy,27-02-2026,16CM,DESCONOCIDO,1,0
1110,MACETERO 20 CM CAPRI ANTRACITA OUTZEN,OUTZEN,2793,Easy,27-02-2026,20CM,DESCONOCIDO,1,0
1111,MACETERO CON PLATO BIODEGRADABLE BAMBOO CURVO BLANCO 13X16.5X16.5 CM,DECOGREEN,4990,Easy,27-02-2026,13X16.5X16.5,DESCONOCIDO,1,0
1112,MACETERO RUSTICO CASK GRIS OSCURO 47X44 CM,JAPI,44990,Easy,27-02-2026,47X44,DESCONOCIDO,1,0
1113,MACETERO 14 CM CAPRI TAUPE OUTZEN,ARTEVASI,1043,Easy,27-02-2026,14CM,DESCONOCIDO,1,0
1114,MACETA TERUEL 49 CM,OUTZEN,34993,Easy,27-02-2026,49CM,DESCONOCIDO,1,0
1115,MACETERO 57 CM ESSENTIAL PLANTER I JAPI,JAPI,49990,Easy,27-02-2026,57CM,DESCONOCIDO,1,0
1116,MACETERO 16.8 CM HANOVER MOSTAZA JAPI,JAPI,5098,Easy,27-02-2026,16.8CM,DESCONOCIDO,1,0
1117,MACETERO 24 CM ACTUAL NEGRO,DECOGREEN,6990,Easy,27-02-2026,24CM,DESCONOCIDO,1,0
1118,MACETERO AMALFI BEIGE 36X30 CM,PLANT ME,29990,Easy,27-02-2026,36X30,DESCONOCIDO,1,0
1119,MACETA PORTER COTTON 31 CM,OUTZEN,6993,Easy,27-02-2026,31CM,DESCONOCIDO,1,0
1120,MACETERO CON PLATO BIODEGRADABLE BAMBOO CUADRADO AMARILLO 12.4X13.3X13.3 CM,DECOGREEN,3990,Easy,27-02-2026,12.4X13.3X13.3,DESCONOCIDO,1,0
1121,SET MACETERO + PLATO BIO BAMBOO ACTUAL BLANCO 18X24 CM,DECOGREEN,7990,Easy,27-02-2026,18X24,DESCONOCIDO,1,0
1122,MACETERO CON PLATO BIODEGRADABLE BAMBOO CUADRADO BLANCO 12.4X13.3X13.3 CM,DECOGREEN,3990,Easy,27-02-2026,12.4X13.3X13.3,DESCONOCIDO,1,0
1123,MACETERO METALICO ASA L NEGRO MATE 24X12X10 CM,DECOGREEN,4990,Easy,27-02-2026,24X12X10,METAL,1,0
1124,MACETERO M + MACETERO L OCTOGONALES METALICOS,DECOGREEN,41990,Easy,27-02-2026,M,DESCONOCIDO,1,0
1125,SET 2 MACETEROS + BANDEJA CREMA,DECOGREEN,6398,Easy,27-02-2026,SIN MEDIDAS,DESCONOCIDO,2,1
1126,MACETERO CILINDRO CEMENTO 3 PIEZAS DECOGREEN,DECOGREEN,29990,Easy,27-02-2026,SIN MEDIDAS,CEMENTICIO,1,0
1127,MACETERO CON PLATO CILINDRO CEMENTO 13X13X13 CM,DECOGREEN,5990,Easy,27-02-2026,13X13X13,CEMENTICIO,1,0
1128,MACETA SALAMANCA 50 CM,OUTZEN,34993,Easy,27-02-2026,50CM,DESCONOCIDO,1,0
1129,PLATO PARA MACETERO 22 CM PIEDRA TAUPE,REYPLAST,1290,Easy,27-02-2026,22CM,DESCONOCIDO,1,0
1130,MACETA HUDSON ANTIQUE BASALT 44.45 CM,OUTZEN,19593,Easy,27-02-2026,44.45CM,DESCONOCIDO,1,0
1131,MACETA 18 CM CAPRI TAUPE OUTZEN,OUTZEN,2093,Easy,27-02-2026,18CM,DESCONOCIDO,1,0
1132,MACETA 25.5 CM FIBER CLAY GAIA DORADO,OUTZEN,13993,Easy,27-02-2026,25.5CM,CEMENTICIO,1,0
1133,MACETERO DURA KOTTA Ndeg 10 ROSA TERRA 22.4X28.4 CM,REYPLAST,3990,Easy,27-02-2026,22.4X28.4,DESCONOCIDO,1,0
1134,MACETA CERAMICA ALINE M GLOSSY BLANCO,OUTZEN,6993,Easy,27-02-2026,M,CERAMICA,1,0
1135,SET 4 MACETEROS BIO BAMBOO ACTUAL BLANCO 18X24 CM,DECOGREEN,21990,Easy,27-02-2026,18X24,DESCONOCIDO,4,1
1136,MACETERO CILINDRO TERRACOTA 3 PIEZAS DECOGREEN,DECOGREEN,29990,Easy,27-02-2026,SIN MEDIDAS,DESCONOCIDO,1,0
1137,MACETA BOCAYA AZUL 28 CM,OUTZEN,18193,Easy,27-02-2026,28CM,DESCONOCIDO,1,0
1138,MACETERO 57 CM RUSTIC ROUND PLANTER III JAPI.,JAPI,49990,Easy,27-02-2026,57CM,DESCONOCIDO,1,0
1139,MACETA 22 CM FIBER CLAY ELENA BLANCO,OUTZEN,11893,Easy,27-02-2026,22CM,CEMENTICIO,1,0
1140,MACETERO ENLOZADO BLANCO 17X15X15 CM,DECOGREEN,9990,Easy,27-02-2026,17X15X15,DESCONOCIDO,1,0
1141,MACETERO ENLOZADO BLANCO 3 PIEZAS,DECOGREEN,41990,Easy,27-02-2026,SIN MEDIDAS,DESCONOCIDO,1,0
1142,MACETA ETOLIOS 14 CM,OUTZEN,4193,Easy,27-02-2026,14CM,DESCONOCIDO,1,0
1143,MACETA SALAMANCA 35 CM,OUTZEN,20993,Easy,27-02-2026,35CM,DESCONOCIDO,1,0
1144,MACETERO CON PLATO BIODEGRADABLE BAMBOO CUADRADO ROSADO 12.4X13.3X13.3 CM,DECOGREEN,3990,Easy,27-02-2026,12.4X13.3X13.3,DESCONOCIDO,1,0
1145,SET MACETERO ENLOZADO AZUL S+M,DECOGREEN,25990,Easy,27-02-2026,S,DESCONOCIDO,1,0
1146,SET 2 MACETEROS CON PLATO BIODEGRADABLE BAMBOO ACTUAL BLANCO,DECOGREEN,16990,Easy,27-02-2026,SIN MEDIDAS,DESCONOCIDO,2,1
1147,MACETERO AUTOR REGANTE CHONO BLANCO 28X27 CM,PLANT ME,49990,Easy,27-02-2026,28X27,DESCONOCIDO,1,0
1148,MACETERO CON PLATO BIODEGRADABLE BAMBOO CURVO NEGRO 13X16.5X16.5 CM,DECOGREEN,4990,Easy,27-02-2026,13X16.5X16.5,DESCONOCIDO,1,0
1149,SET 2 MACETEROS BIODEGRADABLE BAMBOO CURVO GRIS,DECOGREEN,5590,Easy,27-02-2026,SIN MEDIDAS,DESCONOCIDO,2,1
1150,SET MACETERO ENLOZADO MOSTAZA M+L,DECOGREEN,33990,Easy,27-02-2026,M,DESCONOCIDO,1,0
1151,MACETA FERN CEMENT GRIS 16 CM,OUTZEN,4193,Easy,27-02-2026,16CM,DESCONOCIDO,1,0
1152,MACETA SIRACUSA 18 CM,OUTZEN,4893,Easy,27-02-2026,18CM,DESCONOCIDO,1,0
1153,MACETA CON PLATO COCO 21.4 CM,OUTZEN,4893,Easy,27-02-2026,21.4CM,DESCONOCIDO,1,0
1154,MACETA COLGAR B 16.5 CM,OUTZEN,5593,Easy,27-02-2026,16.5CM,DESCONOCIDO,1,0
1155,FIGURA DECORATIVA 50 CM BUDA MEDITANDO OUTZEN,OUTZEN,17493,Easy,27-02-2026,50CM,DESCONOCIDO,1,0
1156,MACETA CERAMICA ALINE L AZUL GLOSSY,OUTZEN,10493,Easy,27-02-2026,L,CERAMICA,1,0
1157,MACETA CAPRI ANTRACITA 30 CM,OUTZEN,5593,Easy,27-02-2026,30CM,DESCONOCIDO,1,0
1158,MACETA FERN CEMENT,OUTZEN,9093,Easy,27-02-2026,SIN MEDIDAS,DESCONOCIDO,1,0
1159,MACETA D3 AJOLOTE 12 CM,OUTZEN,4990,Easy,27-02-2026,12CM,DESCONOCIDO,1,0
1160,ALMACIGUERA EXHIBIDOR PROPAGACION 10 UNIDADES,ROOTS,2392,Easy,27-02-2026,SIN MEDIDAS,DESCONOCIDO,10,1
1161,MACETERO DURA KOTTA Ndeg 6 ROSA TERRA 13.6X17.1 CM,REYPLAST,990,Easy,27-02-2026,13.6X17.1,DESCONOCIDO,1,0
1162,SET 2 MACETEROS CON PLATO BIODEGRADABLE BAMBOO CURVO NEGRO 13X16.5X16.5 CM,DECOGREEN,9990,Easy,27-02-2026,13X16.5X16.5,DESCONOCIDO,2,1
1163,MACETA CERAMICA ALINE S GLOSSY BLANCO,OUTZEN,4893,Easy,27-02-2026,S,CERAMICA,1,0
1164,MACETERO CANASTO 32 CM BRAHMA CAFE,DECOGREEN,13990,Easy,27-02-2026,32CM,DESCONOCIDO,1,0
1165,MACETA AUTORREGANTE STONE BEIGE 40 CM,OUTZEN,34993,Easy,27-02-2026,40CM,DESCONOCIDO,1,0
1166,MACETA SARAMANGO BOWL ANTIQUE 31 CM,OUTZEN,11893,Easy,27-02-2026,31CM,DESCONOCIDO,1,0
1167,PORTA MACETA COLGANTE 30 CM ROOTS,OUTZEN,4193,Easy,27-02-2026,30CM,DESCONOCIDO,1,0
1168,MACETERO M BASIC GRIS,OUTZEN,8393,Easy,27-02-2026,M,DESCONOCIDO,1,0
1169,MACETERO 30 CM VOLANS,OUTZEN,20993,Easy,27-02-2026,30CM,DESCONOCIDO,1,0
1170,MACETERO CILINDRO 2 PIEZAS DECOGREEN,DECOGREEN,23990,Easy,27-02-2026,SIN MEDIDAS,DESCONOCIDO,1,0
1171,MACETERO 16 CM CAPRI TAUPE,OUTZEN,1393,Easy,27-02-2026,16CM,DESCONOCIDO,1,0
1172,MACETA ARCADIOS 21 CM,OUTZEN,10493,Easy,27-02-2026,21CM,DESCONOCIDO,1,0
1173,MACETERO ENLOZADO AZUL 20X18X18 CM,DECOGREEN,12990,Easy,27-02-2026,20X18X18,DESCONOCIDO,1,0
1174,MACETERO CANASTO 38 CM BRAHMA NATURAL,DECOGREEN,16990,Easy,27-02-2026,38CM,DESCONOCIDO,1,0
1175,MACETERO 16 CM CAPRI BLANCO,OUTZEN,1393,Easy,27-02-2026,16CM,DESCONOCIDO,1,0
1176,MACETERO 17X15 CM ENLOZADO OLIVA DECOGREEN,DECOGREEN,9990,Easy,27-02-2026,17X15,DESCONOCIDO,1,0
1177,MACETA LEYVA 22 CM,OUTZEN,6993,Easy,27-02-2026,22CM,DESCONOCIDO,1,0
1178,MACETERO PEDESTAL GRIS DECOGREEN,DECOGREEN,53990,Easy,27-02-2026,SIN MEDIDAS,DESCONOCIDO,1,0
1179,MACETERO CILINDRO TERRACOTA 15X15 CM,DECOGREEN,4794,Easy,27-02-2026,15X15,DESCONOCIDO,1,0
1180,MACETERO 10 CM BIODEGRADABLE 6 UNIDADES HUERTO SANO.,HUERTO SANO,2290,Easy,27-02-2026,10CM,DESCONOCIDO,6,1
1181,MACETA CANASTO RING 28 CM,OUTZEN,9093,Easy,27-02-2026,28CM,DESCONOCIDO,1,0
1182,MACETA UMBRELLA BLANCO 30 CM,OUTZEN,7990,Easy,27-02-2026,30CM,DESCONOCIDO,1,0
1183,MACETA UMBRELLA NEGRO 30 CM,OUTZEN,7990,Easy,27-02-2026,30CM,DESCONOCIDO,1,0
1184,MACETERO DURA KOTTA Ndeg 8 ROSA TERRA 18X22.8 CM,REYPLAST,1990,Easy,27-02-2026,18X22.8,DESCONOCIDO,1,0
1185,MACETA AGAVE BEIGE 12X14 CM,OUTZEN,3493,Easy,27-02-2026,12X14,DESCONOCIDO,1,0
1186,MACETA CANASTO BASE NEGRO 32 CM,OUTZEN,9093,Easy,27-02-2026,32CM,DESCONOCIDO,1,0
1187,MACETERO BIODEGRADABLE BAMBOO GRIS 24X24X18 CM,DECOGREEN,6990,Easy,27-02-2026,24X24X18,DESCONOCIDO,1,0
1188,MACETERO ENLOZADO AZUL 14X12X12 CM,DECOGREEN,6990,Easy,27-02-2026,14X12X12,DESCONOCIDO,1,0
1189,MACETERO 36 CM FLUTE TALL PLANTER III JAPI,JAPI,29990,Easy,27-02-2026,36CM,DESCONOCIDO,1,0
1190,MACETERO CILINDRO VERDE MUSGO CON PLATO DORADO L 18X18 CM,DECOGREEN,9990,Easy,27-02-2026,18X18,DESCONOCIDO,1,0
1191,BANCA DE MADERA CON MACETERO INCORPORADO NSCOMPANY,,179990,Mercado Libre,27-02-2026,SIN MEDIDAS,NATURAL,1,0
1192,SET PEDESTALES PORTA MACETEROS MESITAS,,34990,Mercado Libre,27-02-2026,SIN MEDIDAS,DESCONOCIDO,1,0
1193,JARDINERA DE MADERA PREMIUM CAFE,,54990,Mercado Libre,27-02-2026,SIN MEDIDAS,NATURAL,1,0
1194,MACETERO 46CM GRAFIATO CONICO DECORATIVO GRANDE PARA INTERIOR Y EXTERIOR ATENZA(r),,13590,Mercado Libre,27-02-2026,46CM,DESCONOCIDO,1,0
1195,MACETERO 46CM GRAFIATO CONICO KD9952,,13900,Mercado Libre,27-02-2026,46CM,DESCONOCIDO,1,0
1196,MACETERO 60CM GRAFIATO CONICO KD9953W,,27506,Mercado Libre,27-02-2026,60CM,DESCONOCIDO,1,0
1197,MACETERO 38CM GRAFIATO CONICO KD9951 NEGRO,,8500,Mercado Libre,27-02-2026,38CM,DESCONOCIDO,1,0
1198,PORTA MACETERO PEDESTAL MACETA PLANTAS BLANCO DORADO MEDIANO BLANCO,,18990,Mercado Libre,27-02-2026,SIN MEDIDAS,DESCONOCIDO,1,0
1199,PORTA MACETERO PEDESTAL MACETA PLANTAS BLANCO DORADO GRANDE,,19900,Mercado Libre,27-02-2026,SIN MEDIDAS,DESCONOCIDO,1,0
1200,TIERRA PARA MACETEROS ANASAC 6 LITROS,,3685,Mercado Libre,27-02-2026,6L,DESCONOCIDO,1,0
1201,MACETERO DE MADERA GRANDE FRESADO.,,29990,Mercado Libre,27-02-2026,SIN MEDIDAS,NATURAL,1,0
1202,MACETA DECORATIVA RANA DE CERAMICA PARA TU HOGAR VERDE VERDE MUSGO BALDES,,9000,Mercado Libre,27-02-2026,SIN MEDIDAS,CERAMICA,1,0
1203,PORTA MACETERO PEDESTAL MACETA PLANTAS NEGRO DORADO GRANDE,,19890,Mercado Libre,27-02-2026,SIN MEDIDAS,DESCONOCIDO,1,0
1204,PACK DE 3 MACETEROS PARA PLANTAS COLGANTE REDONDOS,,11990,Mercado Libre,27-02-2026,SIN MEDIDAS,DESCONOCIDO,3,1
1205,JARDINERA DE MADERA GRANDE BLANCO CERESTAIN NEGRO LEONS,,49900,Mercado Libre,27-02-2026,SIN MEDIDAS,NATURAL,1,0
1206,MACETERO DE MADERA DELUXE MARRON OSCURO DELUXE IMPERMEABLE,,57990,Mercado Libre,27-02-2026,SIN MEDIDAS,NATURAL,1,0
1207,9 PCS MACETAS DE PLASTICO CON SEPARADOR DE AGUA TRICOLOR,,19980,Mercado Libre,27-02-2026,SIN MEDIDAS,PLASTICO,9,1
1208,FERTILIZANTE ESPECIFICO FLORES DE MACETERO Y JARDINERAS 1 KG,,4990,Mercado Libre,27-02-2026,SIN MEDIDAS,DESCONOCIDO,1,0
1209,MACETERO DE MADERA GRANDE FRESADO ALERCE,,19790,Mercado Libre,27-02-2026,SIN MEDIDAS,NATURAL,1,0
1210,MACETERO DE MADERA PARA JARDIN 0 ZUS 25,,32610,Mercado Libre,27-02-2026,SIN MEDIDAS,NATURAL,1,0
1211,SET 4 MINIATURAS CASITAS JARDIN DECORACION HOGAR MACETEROS,,8990,Mercado Libre,27-02-2026,SIN MEDIDAS,DESCONOCIDO,4,1
1212,PACK 100 MACETEROS FLEXIBLES 15X13 TERRACOTA KIT INICIAL,,16505,Mercado Libre,27-02-2026,15X13,DESCONOCIDO,100,1
1213,MACETERO DE MADERA GRANDE FRESADO PREMIUM NOGAL MACETERO N12,,32990,Mercado Libre,27-02-2026,SIN MEDIDAS,NATURAL,1,0
1214,EXHIBICION MACETERO DE BAMBU CON 9 REPISAS,,17990,Mercado Libre,27-02-2026,SIN MEDIDAS,NATURAL,1,0
1215,MINIATURAS NOVIOS DECORACION JARDIN HOGAR MACETEROS,,8990,Mercado Libre,27-02-2026,SIN MEDIDAS,DESCONOCIDO,1,0
1216,JARDINERAS MACETERO DE MADERA RECTANGULAR GRANDE CON BORDE DE MADERA,,37990,Mercado Libre,27-02-2026,SIN MEDIDAS,NATURAL,1,0
1217,MACETERO NORDICO GRANDE COLOR BEIGE 40X40X30CM - MACETA CUADRADO MODERNA PARA PLANTAS Y FLORES - DISENO MINIMALISTA DE ALTA CALIDAD,,29990,Mercado Libre,27-02-2026,40X40X30,DESCONOCIDO,1,0
1218,SET 5 MINI CASITAS JARDIN DECORACION HOGAR MACETEROS,,9990,Mercado Libre,27-02-2026,SIN MEDIDAS,DESCONOCIDO,5,1
1219,"JARDINERA MACETERO PARA PLANTAS, DE MADERA GRANDE CAFE",,52990,Mercado Libre,27-02-2026,SIN MEDIDAS,NATURAL,1,0
1220,PACK MACETEROS DE CERAMICA ZORRO DECORATIVOS PARA TU HOGAR COLORES SURTIDOS MACETERO CERAMICA-PACK ZORROS,,10000,Mercado Libre,27-02-2026,SIN MEDIDAS,CERAMICA,1,0
1221,MACETERO PLASTICO REDONDO 30CM SIENA JARDINERAS,,7990,Mercado Libre,27-02-2026,30CM,PLASTICO,1,0
1222,MACETERO DE MADERA ARTESANAL CON RUEDAS ROBLE RUSTICO 22,,37160,Mercado Libre,27-02-2026,SIN MEDIDAS,NATURAL,1,0
1223,MACETERO 46CM GRAFIATO CONICO KD9952,,13900,Mercado Libre,27-02-2026,46CM,DESCONOCIDO,1,0
1224,MACETERO ESFERA 29 CM BLANCO SPLOFY,,12990,Mercado Libre,27-02-2026,29CM,DESCONOCIDO,1,0
1225,MACETERO DE PLASTICO MODERNO DECORACION PARA EL HOGAR,,17990,Mercado Libre,27-02-2026,SIN MEDIDAS,PLASTICO,1,0
1226,1:12 MACETAS DE CERAMICA EN MINIATURA DE PARA PLANTAS DE,,6582,Mercado Libre,27-02-2026,SIN MEDIDAS,CERAMICA,12,1
1227,MACETERO TERRA RED 250 TERRACOTA,,5938,Mercado Libre,27-02-2026,SIN MEDIDAS,DESCONOCIDO,1,0
1228,JARDINERAS MACETERO DE MADERA CUADRADO GRANDE,,37990,Mercado Libre,27-02-2026,SIN MEDIDAS,NATURAL,1,0
1229,MACETERO 13X13 CM NEGRO CASA VIVA,,5990,Mercado Libre,27-02-2026,13X13,DESCONOCIDO,1,0
1230,MACETERO REDONDO CERAMICA CAFE CLARO 17X17CM BIGHOUSE,,16990,Mercado Libre,27-02-2026,17X17,CERAMICA,1,0
1231,MACETERO DE PLASTICO MEDIANO DISENO RAYAS HOGAR DECORACION,,19980,Mercado Libre,27-02-2026,SIN MEDIDAS,PLASTICO,1,0
1232,"MINIBANCO DE RESINA PARA MUEBLES DE JARDIN, 3 UNIDADES",,4860,Mercado Libre,27-02-2026,SIN MEDIDAS,DESCONOCIDO,3,1
1233,"MACETERO PLASTICO 60X56,5CM NEGRO BIGHOUSE",,33990,Mercado Libre,27-02-2026,"60X56,5",PLASTICO,1,0
1234,JARDINERAS MACETERO DE MADERA CUADRADA DISENO INDUSTRIAL,,16919,Mercado Libre,27-02-2026,SIN MEDIDAS,NATURAL,1,0
1235,3 PZS MUEBLES MINIATURA JARDIN ADORNO BANCO RESINA,,4121,Mercado Libre,27-02-2026,SIN MEDIDAS,DESCONOCIDO,3,1
1236,2 MACETEROS BARRIL SIMULACION MADERA 4L C/ AGUJERO 22.8x17CM,,13800,Mercado Libre,27-02-2026,22.8x17,NATURAL,2,1
1237,MACETERO SUCULENTAS INTERIOR EXTERIOR PARA MUEBLE,,7765,Mercado Libre,27-02-2026,SIN MEDIDAS,DESCONOCIDO,1,0
1238,MACETERO 38CM GRAFIATO CONICO KD9951 NEGRO,,8500,Mercado Libre,27-02-2026,38CM,DESCONOCIDO,1,0
1239,MACETERO DE PLASTICO MEDIANO TERRAZA JARDIN DECORACION HOGAR,,19980,Mercado Libre,27-02-2026,SIN MEDIDAS,PLASTICO,1,0
1240,CUBO CON ARREGLOS FLORALES PARA MUEBLES DECORATIVOS PARA EL,,3095,Mercado Libre,27-02-2026,SIN MEDIDAS,DESCONOCIDO,1,0
1241,MACETERO PARA PLANTAS HOGAR Y JARDIN 17X13 CM SET X2 MARRON,,11990,Mercado Libre,27-02-2026,17X13,DESCONOCIDO,2,1
1242,MACETERO PARA PLANTAS DECORACION HOGAR MACETA FLORES BLANCO,,19990,Mercado Libre,27-02-2026,SIN MEDIDAS,DESCONOCIDO,1,0
1243,MACETERO 46CM GRAFIATO CONICO KD9952,,13900,Mercado Libre,27-02-2026,46CM,DESCONOCIDO,1,0
1244,MACETERO 60CM GRAFIATO CONICO KD9953W,,27506,Mercado Libre,27-02-2026,60CM,DESCONOCIDO,1,0
1245,MACETERO 38CM GRAFIATO CONICO KD9951 NEGRO,,8500,Mercado Libre,27-02-2026,38CM,DESCONOCIDO,1,0
1246,PORTA MACETERO PEDESTAL MACETA PLANTAS BLANCO DORADO MEDIANO BLANCO,,18990,Mercado Libre,27-02-2026,SIN MEDIDAS,DESCONOCIDO,1,0
1247,MACETERO DE PLASTICO MEDIANO DISENO RAYAS HOGAR,,19980,Mercado Libre,27-02-2026,SIN MEDIDAS,PLASTICO,1,0
1248,MACETERO 60CM GRAFIATO CONICO KD9953W,,27506,Mercado Libre,27-02-2026,60CM,DESCONOCIDO,1,0
1249,JARDINERAS MACETERO DE MADERA RECTANGULAR NACIONAL INDUSTRIAL,,19980,Mercado Libre,27-02-2026,SIN MEDIDAS,NATURAL,1,0
1250,MACETERO COLGANTE DE PLASTICO DECORACION HOGAR TERRAZA,,16990,Mercado Libre,27-02-2026,SIN MEDIDAS,PLASTICO,1,0
1251,HUERTO VERTICAL DE CULTIVO DE MADERA CAFE,,57990,Mercado Libre,27-02-2026,SIN MEDIDAS,NATURAL,1,0
1252,MACETERO HUERTO APILABLE COLGABLE MURALLA COLORES 32 CM,,7990,Mercado Libre,27-02-2026,32CM,DESCONOCIDO,1,0
1253,"MACETERO DE CERAMICA FIGURAS VARIADAS, PACK DE 2 COLOR VARIADOS GATITO",,5790,Mercado Libre,27-02-2026,SIN MEDIDAS,CERAMICA,2,1
1254,JARDINERA MACETA 60 CM CON PLATO GRANDE,,7980,Mercado Libre,27-02-2026,60CM,DESCONOCIDO,1,0
1255,"MESA PLEGABLE MALETA 180CM NEGRO ARMA FACIL, CAMPING, OFERTA NEGRO BLANCO",,36990,Mercado Libre,27-02-2026,180CM,DESCONOCIDO,1,0
1256,9 PCS MACETAS DE PLASTICO CON SEPARADOR DE AGUA TRICOLOR,,19980,Mercado Libre,27-02-2026,SIN MEDIDAS,PLASTICO,9,1
1257,MACETERO NORDICO GRANDE COLOR BEIGE 40X40X30CM - MACETA CUADRADO MODERNA PARA PLANTAS Y FLORES - DISENO MINIMALISTA DE ALTA CALIDAD,,29990,Mercado Libre,27-02-2026,40X40X30,DESCONOCIDO,1,0
1258,PORTA MACETERO PEDESTAL MACETA PLANTAS NEGRO DORADO NEGRO,,19900,Mercado Libre,27-02-2026,SIN MEDIDAS,DESCONOCIDO,1,0
1259,MACETERO DISENO PARA EL HOGAR Y JARDIN BLANCO,,19990,Mercado Libre,27-02-2026,SIN MEDIDAS,DESCONOCIDO,1,0
1260,MACETERO HUERTO APILABLE COLGABLE MURALLA COLORES 26 CM,,5990,Mercado Libre,27-02-2026,26CM,DESCONOCIDO,1,0
1261,"MUEBLE PARA PLANTAS DE FIERRO INTERIOR/EXTERIOR 1,60MTSX50CM NEGRO ESTANTE",,270000,Mercado Libre,27-02-2026,50CM,METAL,1,0
1262,MACETEROS DE GREDA 15X15. PACK 3 UNID. JARDIN DEL CARMEN. COLOR TERRACOTA,,19980,Mercado Libre,27-02-2026,15X15,CERAMICA,3,1
1263,PACK 5 MACETEROS+5 PLATOS 15CM X14CM ALT PLASTICO DURO VERDE,,7850,Mercado Libre,27-02-2026,15CM,PLASTICO,5,1
1264,Y- 1 PEQUENA BOLA DE DISCO MACETA PARA DECORACION DE MUEBLES,,5808,Mercado Libre,27-02-2026,SIN MEDIDAS,DESCONOCIDO,1,0
1265,MACETA COLGANTE FIBRA DE COCO,,7970,Mercado Libre,27-02-2026,SIN MEDIDAS,DESCONOCIDO,1,0
1266,MACETERO TEJIDO CON PATAS 45X29X45 CM GENERICO BLANCO CON NEGRO LISO,,18990,Mercado Libre,27-02-2026,45X29X45,DESCONOCIDO,1,0
1267,MACETERO CUADRADO 58CM DE PLASTICO KD9942 NEGRO,,25983,Mercado Libre,27-02-2026,58CM,PLASTICO,1,0
1268,SOPORTE PARA 8 MACETAS ESTANTE JARDINERA HUERTO PLANTAS,,19980,Mercado Libre,27-02-2026,SIN MEDIDAS,DESCONOCIDO,8,1
1269,2 MACETEROS BARRIL SIMULACION MADERA 4L C/ AGUJERO 22.8x17CM,,13800,Mercado Libre,27-02-2026,22.8x17,NATURAL,2,1
1270,MACETERO 38CM CONICO DE PLASTICO KD9951W,,9900,Mercado Libre,27-02-2026,38CM,PLASTICO,1,0
1271,SET DE MACETAS DE PARED BIODEGRADABLES DECO HOGAR OFICINA NEGRO,,17000,Mercado Libre,27-02-2026,SIN MEDIDAS,DESCONOCIDO,1,0
1272,"MACETERO IRROMPIBLE DE BUEN GUSTO, SALA DE ESTUDIO, HOGAR, B",,2860,Mercado Libre,27-02-2026,SIN MEDIDAS,DESCONOCIDO,1,0
1273,NUEVO SET DE MACETAS PARED DECO HOGAR OFICINA BIODEGRADABLES,,22000,Mercado Libre,27-02-2026,SIN MEDIDAS,DESCONOCIDO,1,0
1274,MACETERO TIENDA LA RUTA N50 50CM REDONDO,,9980,Mercado Libre,27-02-2026,50CM,DESCONOCIDO,1,0
1275,"MACETAS DE PLASTICO PARA EXTERIORES, MACETA, MUEBLES PARA EL",,2608,Mercado Libre,27-02-2026,SIN MEDIDAS,PLASTICO,1,0
1276,MACETERO AUTORREGANTE SET DE 4 UNIDADES - AUTORRIEGO BLANCO BLANCO AUTORREGANTE,,12090,Mercado Libre,27-02-2026,SIN MEDIDAS,DESCONOCIDO,4,1
1277,MACETERO 38CM CONICO DE PLASTICO KD9951W,,9900,Mercado Libre,27-02-2026,38CM,PLASTICO,1,0
1278,MACETA DORADA PHALAENOPSIS PARA EL HOGAR,,27582,Mercado Libre,27-02-2026,SIN MEDIDAS,DESCONOCIDO,1,0
1279,MESA DE CULTIVO MACETERO HUERTO XL,,69990,Mercado Libre,27-02-2026,XL,DESCONOCIDO,1,0
1280,PACK 6 JARDINERAS BALCONERAS 3 COLORES VARIEDAD VERDE MUSGO 3COLORES,,14900,Mercado Libre,27-02-2026,SIN MEDIDAS,DESCONOCIDO,6,1
1281,"PACK DE 3 MACETAS CON PLANTAS ARTIFICIALES COLGANTES, HOMEY VERDE",,14990,Mercado Libre,27-02-2026,SIN MEDIDAS,DESCONOCIDO,3,1
1282,MACETERO CREATIVO FORMA DE BOLSA DE DINERO L 2,,10069,Mercado Libre,27-02-2026,L,DESCONOCIDO,1,0
1283,"DE 2 MACETEROS GEOMETRICOS, PLASTICO RESISTENTE. BLANCO-NEGRO",,6200,Mercado Libre,27-02-2026,SIN MEDIDAS,PLASTICO,2,1
1284,"MACETA CON FORMA DE BUHO PARA DECORACION DEL HOGAR, DIVERTID",,10869,Mercado Libre,27-02-2026,SIN MEDIDAS,DESCONOCIDO,1,0
1285,MACETERO DE PLASTICO PARA TERRAZA JARDIN HOGAR DECORACION,,19980,Mercado Libre,27-02-2026,SIN MEDIDAS,PLASTICO,1,0
1286,PACK 4 JARDINERA COLGANTE BALCON 40 CM HUERTO COLOR SURTIDO JARDINERA BALCON,,9700,Mercado Libre,27-02-2026,40CM,DESCONOCIDO,4,1
1287,MACETEROS DE GREDA (TINAJA). PACK 10 UNID. JARDIN DEL CARMEN COLOR TERRACOTA,,11990,Mercado Libre,27-02-2026,SIN MEDIDAS,CERAMICA,10,1
1288,"JARDINERA DE MADERA CON FORMA DE BARRIL PARA JARDIN, HOGAR,",,38643,Mercado Libre,27-02-2026,SIN MEDIDAS,NATURAL,1,0
1289,JARDINERA EXTERIOR DE BARANDILLA PARA BALCON 50X20X12 CM YIBAINI,,14990,Mercado Libre,27-02-2026,50X20X12,DESCONOCIDO,1,0
1290,MACETERO DE PLASTICO PARA TERRAZA JARDIN DECORACION HOGAR CAFE LISO,,19980,Mercado Libre,27-02-2026,SIN MEDIDAS,PLASTICO,1,0
1291,"MACETAS PARA MUEBLES EN MINIATURA, MINICESTA PARA FLORES, 20",,13556,Mercado Libre,27-02-2026,SIN MEDIDAS,DESCONOCIDO,1,0
1292,"PACK DE 2 MACETEROS PARA SUCULENTAS, DISENO DE ANIMALITOS MOD-2 GATO",,6990,Mercado Libre,27-02-2026,SIN MEDIDAS,DESCONOCIDO,2,1
1293,JARDINERAS MACETERO DE MADERA RECTANGULAR GRANDE,,39990,Mercado Libre,27-02-2026,SIN MEDIDAS,NATURAL,1,0
1294,MACETERO PLASTICO REDONDO 50 CM GRANDE / MACETA NEGRO,,12990,Mercado Libre,27-02-2026,50CM,PLASTICO,1,0
1295,MACETERO DE PLASTICO MODERNO WAKESHOME ANCHO 17CM ALTO 30CM COLOR CAFE,,14990,Mercado Libre,27-02-2026,17CM,PLASTICO,1,0
1296,"CANTARO, TINAJA DE GREDA 20X20. JARDIN DEL CARMEN!! COLOR TERRACOTA",,9990,Mercado Libre,27-02-2026,20X20,CERAMICA,1,0
1297,"MACETERO DE RESINA MUNECA, TIERNO PARA HOGAR U OFICINA",,5347,Mercado Libre,27-02-2026,SIN MEDIDAS,DESCONOCIDO,1,0
1298,"SOPORTE DE PLANTA EN MINIATURA A ESCALA 1:12, MUEBLES ROSA",,6304,Mercado Libre,27-02-2026,SIN MEDIDAS,DESCONOCIDO,1,0
1299,MACETERO CUADRADO 58CM DE PLASTICO KD9942 NEGRO,,25983,Mercado Libre,27-02-2026,58CM,PLASTICO,1,0
1300,MACETA TEJIDA HECHA A MANO PARA DECORACION DEL HOGAR Y PLANT,,5513,Mercado Libre,27-02-2026,SIN MEDIDAS,DESCONOCIDO,1,0
1301,MACETA JARDINERA Ndeg60 CON PLATO CAFE CHOCOLATE JARDINERA 60 CON PLATO,,7990,Mercado Libre,27-02-2026,SIN MEDIDAS,DESCONOCIDO,1,0
1302,MACETA MASGABANA ME-130 12 CM IDEAL PARA ORQUIDEAS TRANSPARENTE MODELO ME130,,20500,Mercado Libre,27-02-2026,12CM,DESCONOCIDO,1,0
1303,MACETERO 46CM GRAFIATO CONICO KD9952,,13900,Mercado Libre,27-02-2026,46CM,DESCONOCIDO,1,0
1304,MACETERO 60CM GRAFIATO CONICO KD9953W,,27506,Mercado Libre,27-02-2026,60CM,DESCONOCIDO,1,0
1305,MACETERO 38CM GRAFIATO CONICO KD9951 NEGRO,,8500,Mercado Libre,27-02-2026,38CM,DESCONOCIDO,1,0
1306,PORTA MACETERO PEDESTAL MACETA PLANTAS BLANCO DORADO MEDIANO BLANCO,,18990,Mercado Libre,27-02-2026,SIN MEDIDAS,DESCONOCIDO,1,0
1307,MACETA JARDINERA Ndeg60 CON PLATO CAFE CHOCOLATE JARDINERA 60 CON PLATO,,7990,Mercado Libre,27-02-2026,SIN MEDIDAS,DESCONOCIDO,1,0
1308,MACETA MASGABANA ME-130 12 CM IDEAL PARA ORQUIDEAS TRANSPARENTE MODELO ME130,,20500,Mercado Libre,27-02-2026,12CM,DESCONOCIDO,1,0
1309,MACETERO 21X23 CM NEGRO CASA VIVA BEIGE,,4690,Mercado Libre,27-02-2026,21X23,DESCONOCIDO,1,0
1310,JARDINERAS 105 CM CASTANO / ROBLE / ALERCE JARDINERA 105,,39900,Mercado Libre,27-02-2026,105CM,DESCONOCIDO,1,0
1311,MUEBLE PORTA MACETERO INTERIOR,,58000,Mercado Libre,27-02-2026,SIN MEDIDAS,DESCONOCIDO,1,0
1312,"PACK DE 3 MACETAS, MELAMINA DE RESINA, 3 COLORES SURTIDOS. VARIADOS",,8490,Mercado Libre,27-02-2026,SIN MEDIDAS,DESCONOCIDO,3,1
1313,DECORACION EN MACETA E PARA DECORACION DEL HOGAR Y LA OFICIN,,4304,Mercado Libre,27-02-2026,SIN MEDIDAS,DESCONOCIDO,1,0
1314,MACETEROS DE GREDA TERRARIO. PACK 3 UNID. JARDIN DEL CARMEN. COLOR TERRACOTA,,19980,Mercado Libre,27-02-2026,SIN MEDIDAS,CERAMICA,3,1
1315,"MESA PLEGABLE MALETA 180CM NEGRO ARMA FACIL, CAMPING, OFERTA NEGRO BLANCO",,36990,Mercado Libre,27-02-2026,180CM,DESCONOCIDO,1,0
1316,9 PCS MACETAS DE PLASTICO CON SEPARADOR DE AGUA TRICOLOR,,19980,Mercado Libre,27-02-2026,SIN MEDIDAS,PLASTICO,9,1
1317,MACETERO NORDICO GRANDE COLOR BEIGE 40X40X30CM - MACETA CUADRADO MODERNA PARA PLANTAS Y FLORES - DISENO MINIMALISTA DE ALTA CALIDAD,,29990,Mercado Libre,27-02-2026,40X40X30,DESCONOCIDO,1,0
1318,PORTA MACETERO PEDESTAL MACETA PLANTAS NEGRO DORADO NEGRO,,19900,Mercado Libre,27-02-2026,SIN MEDIDAS,DESCONOCIDO,1,0
1319,JARDINERA DECOWAY COLOR - 50 CM,,20990,Mercado Libre,27-02-2026,50CM,DESCONOCIDO,1,0
1320,MACETERO REDONDO 74X63CM CEMA NEW ACEAN,,59990,Mercado Libre,27-02-2026,74X63,DESCONOCIDO,1,0
1321,MACETA MACETERO PLASTICO REDONDO ESTILO RATAN 33X30 CM RATAN MARCA REYPLAST,,19980,Mercado Libre,27-02-2026,33X30,PLASTICO,1,0
1322,MACETERO RUSTICO DECORACION HOGAR 1 UNIDAD,,5339,Mercado Libre,27-02-2026,SIN MEDIDAS,DESCONOCIDO,1,0
1323,MACETERO LOOK BARRIL NEGRO,,10671,Mercado Libre,27-02-2026,SIN MEDIDAS,DESCONOCIDO,1,0
1324,"DECORACION DEL HOGAR, LINDO GATO DE LA FORTUNA DE DIBUJOS AN",,3521,Mercado Libre,27-02-2026,SIN MEDIDAS,DESCONOCIDO,1,0
1325,2X1: 12 MUEBLES DE SOPORTE DE ESTANTE DE ALMACENAMIENTO EN,,9365,Mercado Libre,27-02-2026,2X1,DESCONOCIDO,1,0
1326,"MINI MACETERO DE CERAMICA CIRCULAR, PACK DE 6 COLOR VARIADOS LISO",,11990,Mercado Libre,27-02-2026,SIN MEDIDAS,CERAMICA,6,1
1327,MACETERO CUADRADO 58CM DE PLASTICO KD9942 NEGRO,,25983,Mercado Libre,27-02-2026,58CM,PLASTICO,1,0
1328,SOPORTE PARA 8 MACETAS ESTANTE JARDINERA HUERTO PLANTAS,,19980,Mercado Libre,27-02-2026,SIN MEDIDAS,DESCONOCIDO,8,1
1329,2 MACETEROS BARRIL SIMULACION MADERA 4L C/ AGUJERO 22.8x17CM,,13800,Mercado Libre,27-02-2026,22.8x17,NATURAL,2,1
1330,MACETERO 38CM CONICO DE PLASTICO KD9951W,,9900,Mercado Libre,27-02-2026,38CM,PLASTICO,1,0
1331,JARDINERAS DE MADERA JARDINERA 55,,20900,Mercado Libre,27-02-2026,SIN MEDIDAS,NATURAL,1,0
1332,PACK 10 MACETEROS PLASTICO REDONDO Ndeg23 TERRA VIC,,15990,Mercado Libre,27-02-2026,SIN MEDIDAS,PLASTICO,10,1
1333,SOB MACETA TREEMAN BABY GROOT MACETA SUCULENTA BONITAS PLANT,,6990,Mercado Libre,27-02-2026,SIN MEDIDAS,DESCONOCIDO,1,0
1334,MACETERO GRANDE PLASTICO DURO 50 CM MARRON LISO,,12500,Mercado Libre,27-02-2026,50CM,PLASTICO,1,0
1335,"COLGADOR DE MACETAS HECHO A MANO PARA DECORACION DEL HOGAR,",,11000,Mercado Libre,27-02-2026,SIN MEDIDAS,DESCONOCIDO,1,0
1336,"PACK DE 2 MACETEROS PARA SUCULENTAS, DISENO DE ANIMALITOS MOD-1 ELEFANTE",,6990,Mercado Libre,27-02-2026,SIN MEDIDAS,DESCONOCIDO,2,1
1337,LF D- 1/12 SOPORTE DE PLANTA EN MINIATURA MUEBLES DE CASA DE,,10487,Mercado Libre,27-02-2026,SIN MEDIDAS,DESCONOCIDO,12,1
1338,"CUBO VINTAGE DE HIERRO PARA PLANTAR FLORES PARA EL HOGAR, 2",,39408,Mercado Libre,27-02-2026,SIN MEDIDAS,METAL,1,0
1339,"ARREGLO DE REGALO DE MESA EN MAL ESTADO, DECORACION DEL HOGA",,4869,Mercado Libre,27-02-2026,SIN MEDIDAS,DESCONOCIDO,1,0
1340,JARDINERA DE MADERA CLASICA CON PROTECTOR,,62990,Mercado Libre,27-02-2026,SIN MEDIDAS,NATURAL,1,0
1341,MACETERO DE CERAMICA DISENO DE CARITAS CON PLATO PACK DE 6 COLOR VARIADO EMOGIE,,11990,Mercado Libre,27-02-2026,SIN MEDIDAS,CERAMICA,6,1
1342,MACETERO 12X12X10CM TERRACOTA LIFE ART,,6490,Mercado Libre,27-02-2026,12X12X10,DESCONOCIDO,1,0
1343,1 JUEGO DE MACETAS HOGAR CON DRENAJE,,68748,Mercado Libre,27-02-2026,SIN MEDIDAS,DESCONOCIDO,1,0
1344,MACETAS CON LUCES PARA ALMACIGOS Y SEMILLEROS COLOR MACETA DE 12 COMPARTIMENTOS,,18477,Mercado Libre,27-02-2026,SIN MEDIDAS,DESCONOCIDO,1,0
1345,"9 MACETAS PRACTICAS PARA GATOS, CAJA DE SIEMBRA HOGAR CL",,46200,Mercado Libre,27-02-2026,SIN MEDIDAS,DESCONOCIDO,9,1
1346,MACETAS PLANTAS TREPADORA ENREDADERA ESTANTE JARDINERA 2PZS NEGRO,,49985,Mercado Libre,27-02-2026,SIN MEDIDAS,DESCONOCIDO,2,1
1347,ACCESORIOS PARA MUEBLES YKC444 22*30CM,,16452,Mercado Libre,27-02-2026,30CM,DESCONOCIDO,1,0
1348,MACETAS 9X8CM TERRACOTA 135 MACETA CALIDAD MATEC VIVERO MARRON 135PCS,,10690,Mercado Libre,27-02-2026,9X8,DESCONOCIDO,135,1
1349,"MACETERO METALIZADO, PACK 2 COLOR VARIADOS MOD 61",,4590,Mercado Libre,27-02-2026,SIN MEDIDAS,DESCONOCIDO,2,1
1350,MACETERO 12X12X10CM TERRACOTA CREMA LIFE ART,,6490,Mercado Libre,27-02-2026,12X12X10,DESCONOCIDO,1,0
1351,MACETAS PARA COLGAR EN LA PARED DEL HOGAR Y EL JARDIN,,4617,Mercado Libre,27-02-2026,SIN MEDIDAS,DESCONOCIDO,1,0
1352,RESINA PLANTA JARDINERA MACETA HOGAR JARDIN,,42391,Mercado Libre,27-02-2026,SIN MEDIDAS,DESCONOCIDO,1,0
1353,"PERGOLA COMPLETA LUX. CON ASIENTO, MACETERO, FONDO TRILLAGE.",,649000,Mercado Libre,27-02-2026,SIN MEDIDAS,DESCONOCIDO,1,0
1354,"MACETA DE FLORES TEJIDA, CESTA DE BAMBU DECORATIVA, CESTA",,11026,Mercado Libre,27-02-2026,SIN MEDIDAS,NATURAL,1,0
1355,MACETA TEJIDA YUTE CON PATAS MADERA DECORATIVO PARA PLANTAS COLOR BEIGE,,9990,Mercado Libre,27-02-2026,SIN MEDIDAS,NATURAL,1,0
1356,"MACETA PARA NINA, DECORACION DEL HOGAR, PARA PLANTAS, ESTILO",,11547,Mercado Libre,27-02-2026,SIN MEDIDAS,DESCONOCIDO,1,0
1357,"MACETA DE FUNDICION PARA DECORACION DEL HOGAR,",,15443,Mercado Libre,27-02-2026,SIN MEDIDAS,DESCONOCIDO,1,0
1358,MACETERO REDONDO 74X63CM NEW ACEAN,,59990,Mercado Libre,27-02-2026,74X63,DESCONOCIDO,1,0
1359,"MACETA COLGANTE PARA EL HOGAR, BALCON, JARDIN, DECORACION",,5121,Mercado Libre,27-02-2026,SIN MEDIDAS,DESCONOCIDO,1,0
1360,MACETA DECORATIVA PANTALONES JEANS FLORES ADORNO JARDIN AZUL ACERO,,7990,Mercado Libre,27-02-2026,SIN MEDIDAS,METAL,1,0
1361,MACETERO JARDINERA RECTANGULAR MEDIANA 35CM CON PLATO MACETA MARRON MEDIANO M,,6100,Mercado Libre,27-02-2026,35CM,DESCONOCIDO,1,0
1362,2X ESCULTURA ABSTRACTA MACETERO PARED ROSTRO HOGAR,,17191,Mercado Libre,27-02-2026,SIN MEDIDAS,DESCONOCIDO,1,0
1363,PORTA MACETERO PEDESTAL MACETA PLANTAS BLANCO DORADO MEDIANO BLANCO,,18990,Mercado Libre,27-02-2026,SIN MEDIDAS,DESCONOCIDO,1,0
1364,"MESA PLEGABLE MALETA 180CM NEGRO ARMA FACIL, CAMPING, OFERTA NEGRO BLANCO",,36990,Mercado Libre,27-02-2026,180CM,DESCONOCIDO,1,0
1365,PORTA MACETERO PEDESTAL MACETA PLANTAS NEGRO DORADO NEGRO,,19900,Mercado Libre,27-02-2026,SIN MEDIDAS,DESCONOCIDO,1,0
1366,MACETERO CUADRADO 58CM DE PLASTICO KD9942 NEGRO,,25983,Mercado Libre,27-02-2026,58CM,PLASTICO,1,0
1367,MACETERO JARDINERA RECTANGULAR MEDIANA 35CM CON PLATO MACETA MARRON MEDIANO M,,6100,Mercado Libre,27-02-2026,35CM,DESCONOCIDO,1,0
1368,2X ESCULTURA ABSTRACTA MACETERO PARED ROSTRO HOGAR,,17191,Mercado Libre,27-02-2026,SIN MEDIDAS,DESCONOCIDO,1,0
1369,"SOPORTE PARA PLANTAS EN MINIATURA 1/12, MINIESTANTE DE VERDE",,7034,Mercado Libre,27-02-2026,SIN MEDIDAS,DESCONOCIDO,1,0
1370,"MACETAS COLGANTES PARA DECORACION DEL HOGAR, CON RIEGO AUTOM",,7582,Mercado Libre,27-02-2026,SIN MEDIDAS,DESCONOCIDO,1,0
1371,"MACETERO DE CERAMICA FIGURAS VARIADAS, PACK DE 2 COLOR VARIADOS CONEJO",,5790,Mercado Libre,27-02-2026,SIN MEDIDAS,CERAMICA,2,1
1372,12 MACETAS CON BANDEJAS PARA DECORACION DEL HOGAR,,6452,Mercado Libre,27-02-2026,SIN MEDIDAS,DESCONOCIDO,12,1
1373,"MACETERO PLASTICO 45X42,8CM NEGRO BIGHOUSE",,40650,Mercado Libre,27-02-2026,"45X42,8",PLASTICO,1,0
1374,ADORNO HOGAR MACETERO BONSAI DE CACTUS MODERNO 18X18.5X12 CM,,75261,Mercado Libre,27-02-2026,18X18.5X12,DESCONOCIDO,1,0
1375,SOPORTE PARA 8 MACETAS ESTANTE JARDINERA HUERTO PLANTAS,,19980,Mercado Libre,27-02-2026,SIN MEDIDAS,DESCONOCIDO,8,1
1376,MACETERO 38CM CONICO DE PLASTICO KD9951W,,9900,Mercado Libre,27-02-2026,38CM,PLASTICO,1,0
1377,MACETA MASGABANA ME-130 12 CM IDEAL PARA ORQUIDEAS TRANSPARENTE MODELO ME130,,20500,Mercado Libre,27-02-2026,12CM,DESCONOCIDO,1,0
1378,MACETERO CUADRADO DE PLASTICO KD9943 NEGRO,,39000,Mercado Libre,27-02-2026,SIN MEDIDAS,PLASTICO,1,0
1379,"PEQUENAS MACETAS PARA DECORACION DEL HOGAR, DECORACION DE PL",,5460,Mercado Libre,27-02-2026,SIN MEDIDAS,DESCONOCIDO,1,0
1380,PACK 6 MACETEROS MODELOS VARIADOS MACETA-HOEMY VARIADOS MACETAPACK6,,9990,Mercado Libre,27-02-2026,SIN MEDIDAS,DESCONOCIDO,6,1
1381,MACETEROS DE CERAMICA CON VARIEDAD DISENO (POR UNIDAD) COLOR CAQUI GRABADO,,5290,Mercado Libre,27-02-2026,SIN MEDIDAS,CERAMICA,1,0
1382,"SOPORTE DE PLANTA EN MINIATURA A ESCALA 1:12, MUEBLES VERDE",,4817,Mercado Libre,27-02-2026,SIN MEDIDAS,DESCONOCIDO,1,0
1383,MACETERO 16X19.5 CM NEGRO CASA VIVA,,11888,Mercado Libre,27-02-2026,16X19.5,DESCONOCIDO,1,0
1384,MACETERO DE PLASTICO MODERNO WAKESHOME ANCHO 16CM ALTO 31CM COLOR CAFE,,14990,Mercado Libre,27-02-2026,16CM,PLASTICO,1,0
1385,PORTA MACETERO PEDESTAL MACETA PLANTAS NEGRO DORADO NEGRO,,19900,Mercado Libre,27-02-2026,SIN MEDIDAS,DESCONOCIDO,1,0
1386,2 MACETAS SUCULENTAS PARA DECORACION DE INTERIORES Y,,14504,Mercado Libre,27-02-2026,SIN MEDIDAS,DESCONOCIDO,2,1
1387,MACETERO NORDICO GRANDE COLOR GRIS OSCURO 40X40X30CM - MACETA CUADRADO MODERNA PARA PLANTAS Y FLORES - DISENO MINIMALISTA DE ALTA CALIDAD,,29990,Mercado Libre,27-02-2026,40X40X30,DESCONOCIDO,1,0
1388,JARDINERA GAGE GRUNDENS AMARILLA,,42830,Mercado Libre,27-02-2026,SIN MEDIDAS,DESCONOCIDO,1,0
1389,NUEVO SET DE MACETAS PARED DECO HOGAR OFICINA BIODEGRADABLES,,22000,Mercado Libre,27-02-2026,SIN MEDIDAS,DESCONOCIDO,1,0
1390,PEDESTAL PARA 3 PLANTAS / PORTA MACETEROS METALICO - NORPLAT NEGRO LISA,,29980,Mercado Libre,27-02-2026,SIN MEDIDAS,METAL,1,0
1391,MACETERO DE PLASTICO MODERNO WAKESHOME ANCHO 16CM ALTO 31CM COLOR BLANCO,,14990,Mercado Libre,27-02-2026,16CM,PLASTICO,1,0
1392,PACK 4 MODELOS BABY GROOT MACETA LAPICERO REGALO CON ORIFICIO,,24990,Mercado Libre,27-02-2026,SIN MEDIDAS,DESCONOCIDO,4,1
1393,"MACETA DE SILICONA PARA NINA, CANDELABRO DE HORMIGON, RESINA",,4800,Mercado Libre,27-02-2026,SIN MEDIDAS,DESCONOCIDO,1,0
1394,XJF ACCESORIOS FOR MUEBLES YKC444 22*30CM,,9843,Mercado Libre,27-02-2026,30CM,DESCONOCIDO,1,0
1395,MACETA DE RESINA PARA SUCULENTAS DECORACION HOGAR B +,,13765,Mercado Libre,27-02-2026,SIN MEDIDAS,DESCONOCIDO,1,0
1396,"BOLSAS GRUESAS PARA PLANTAS, VIVERO 200 UNIDADES",,3460,Mercado Libre,27-02-2026,SIN MEDIDAS,DESCONOCIDO,200,1
1397,MACETERO REDONDO 74X63CM VERDE NEW ACEAN,,59990,Mercado Libre,27-02-2026,74X63,DESCONOCIDO,1,0
1398,"PACK 2, MACETERO DE CERAMICA MODELOS VARIADOS OSITOS",,5290,Mercado Libre,27-02-2026,SIN MEDIDAS,CERAMICA,2,1
1399,"MACETA APILABLE, MACETAS APILABLES DE FLORES DE PLASTICO",,7478,Mercado Libre,27-02-2026,SIN MEDIDAS,PLASTICO,1,0
1400,MACETERO 14X15 CM MARRON CASA VIVA MARRON,,4690,Mercado Libre,27-02-2026,14X15,DESCONOCIDO,1,0
1401,BOLSAS DE CULTIVO CON BOLSILLOS PARA COLGAR. BOLSAS PARA PLA,,10434,Mercado Libre,27-02-2026,SIN MEDIDAS,DESCONOCIDO,1,0
1402,ORIENTAL - SOPORTE DE EXHIBICION DE MUEBLES DE MADERA ...,,70819,Mercado Libre,27-02-2026,SIN MEDIDAS,NATURAL,1,0
1403,"PACK 2, MACETERO DE CERAMICA MODELOS VARIADOS COLOR BLANCO GATITOS",,5290,Mercado Libre,27-02-2026,SIN MEDIDAS,CERAMICA,2,1
1404,SOPORTES PARA MACETAS DE BALCON 2 UDS.,,12887,Mercado Libre,27-02-2026,SIN MEDIDAS,DESCONOCIDO,1,0
1405,MACETERO ESFERA 37 CM VERDE SPLOFY,,22598,Mercado Libre,27-02-2026,37CM,DESCONOCIDO,1,0
1406,"JAULA PARA CULTIVO DE TOMATES, ENREJADO EN MACETA, DOBLE CAP",,6226,Mercado Libre,27-02-2026,SIN MEDIDAS,DESCONOCIDO,1,0
1407,MACETA CON FORMA DE FIGURA DE NINA PARA DECORACION DEL HOGAR,,4530,Mercado Libre,27-02-2026,SIN MEDIDAS,DESCONOCIDO,1,0
1408,MACETEROS DE CERAMICA ARMONIOSOS COLORES Y FORMAS PACK DE 4 COLOR VARIADO MACETERO,,9900,Mercado Libre,27-02-2026,SIN MEDIDAS,CERAMICA,4,1
1409,"MACETA DE MADERA PARA EL HOGAR, OFICINA, ESCRITORIO, 3 FLORE",,9521,Mercado Libre,27-02-2026,SIN MEDIDAS,NATURAL,1,0
1410,MACETA DE MADERA MACIZA VINTAGE CON BARRIL DE MADERA PORTATI,,2660,Mercado Libre,27-02-2026,SIN MEDIDAS,NATURAL,1,0
1411,2 PIEZAS ESCULTURA FACIAL MACETA DE CABEZA MACETA,,103131,Mercado Libre,27-02-2026,SIN MEDIDAS,DESCONOCIDO,1,0
1412,50 MACETERO BIODEGRADABLE 6X6CM PARA CULTIVO CON 50 ETIQUETA,,10999,Mercado Libre,27-02-2026,6X6,DESCONOCIDO,1,0
1413,BANDEJA PARA MACETAS PARA PLANTAS TAPETE PARA MACETAS PARA S,,7965,Mercado Libre,27-02-2026,S,DESCONOCIDO,1,0
1414,"MACETA PLATEAU CATTLE PARA DECORACION DEL HOGAR Y EL JARDIN,",,8208,Mercado Libre,27-02-2026,SIN MEDIDAS,DESCONOCIDO,1,0
1415,"MACETERO PLASTICO 22X20,5CM NEGRO BIGHOUSE",,5990,Mercado Libre,27-02-2026,"22X20,5",PLASTICO,1,0
1416,"MACETERO - BOLSA PARA CAMA DE JARDIN, TELA LOS 70X30CM",,14860,Mercado Libre,27-02-2026,70X30,DESCONOCIDO,1,0
1417,MACETERO / BALCONERA DE MADERA CON GANCHOS 60CM NEGRO NEGRO,,22990,Mercado Libre,27-02-2026,60CM,NATURAL,1,0
1418,"FIGURA COLGANTE PARA COLGAR EN MACETA, HADA, JARDIN, NUTRIA",,8043,Mercado Libre,27-02-2026,SIN MEDIDAS,DESCONOCIDO,1,0
1419,"MACETA DE HIERRO RETRO, SOPORTE PARA PLANTAS DEL HOGAR, 1 PI",,5113,Mercado Libre,27-02-2026,SIN MEDIDAS,METAL,1,0
1420,"BANERA COLGANTE PARA PAJAROS, DE 9.25 PULGADAS, PARA PAJAROS",,6434,Mercado Libre,27-02-2026,9.25PULGADAS,DESCONOCIDO,1,0
1421,"ARREGLO FLORAL CREATIVO RETRO PARA EL HOGAR EN MACETA, 3 PIE",,6373,Mercado Libre,27-02-2026,SIN MEDIDAS,DESCONOCIDO,1,0
1422,"MACETERO PLASTICO 45X42,8CM GRIS ENVEJECIDO BIGHOUSE",,34784,Mercado Libre,27-02-2026,"45X42,8",PLASTICO,1,0
1423,PORTA MACETERO PEDESTAL MACETA PLANTAS BLANCO DORADO MEDIANO BLANCO,,18990,Mercado Libre,27-02-2026,SIN MEDIDAS,DESCONOCIDO,1,0
1424,"MESA PLEGABLE MALETA 180CM NEGRO ARMA FACIL, CAMPING, OFERTA NEGRO BLANCO",,36990,Mercado Libre,27-02-2026,180CM,DESCONOCIDO,1,0
1425,PORTA MACETERO PEDESTAL MACETA PLANTAS NEGRO DORADO NEGRO,,19900,Mercado Libre,27-02-2026,SIN MEDIDAS,DESCONOCIDO,1,0
1426,SOPORTE PARA 8 MACETAS ESTANTE JARDINERA HUERTO PLANTAS,,19980,Mercado Libre,27-02-2026,SIN MEDIDAS,DESCONOCIDO,8,1
1427,"MACETERO YOTOWORTH CON ENREJADO, CAMAS ELEVADAS PARA JARDIN",,214783,Mercado Libre,27-02-2026,SIN MEDIDAS,DESCONOCIDO,1,0
1428,MACETERO REDONDO MEDIANO 33CM BOCA EXTERIOR PLASTICO DURO MARRON MEDIANO M,,6200,Mercado Libre,27-02-2026,33CM,PLASTICO,1,0
1429,MACETERO FLOTANTE PARA 30 CENTIMETROS CON PUNTA GRIS OSCURO,,8721,Mercado Libre,27-02-2026,SIN MEDIDAS,DESCONOCIDO,1,0
1430,"MACETA DE CERAMICA PARA BONSAI, MACETA PARA HOGAR, ADORNO PA",,9008,Mercado Libre,27-02-2026,SIN MEDIDAS,CERAMICA,1,0
1431,PORTA MACETERO PEDESTAL MACETA PLANTAS BLANCO DORADO MEDIANO BLANCO,,18990,Mercado Libre,27-02-2026,SIN MEDIDAS,DESCONOCIDO,1,0
1432,DECORACION DE JARDIN DE TORTUGAS DECORACION AL AIRE LIBRE DE,,4808,Mercado Libre,27-02-2026,SIN MEDIDAS,DESCONOCIDO,1,0
1433,"MACETA DE CERAMICA PARA MACETA, HOGAR, VACAS, 8 X 6,5 X 7,5",,6330,Mercado Libre,27-02-2026,"8X6,5X7,5",CERAMICA,1,0
1434,"MACETERO ELEVADO DE TELA PARA JARDIN, 4 CUADRICULAS DIVIDIDA",,4860,Mercado Libre,27-02-2026,SIN MEDIDAS,DESCONOCIDO,1,0
1435,MACETERO CUADRADO DE PLASTICO KD9943 NEGRO,,39000,Mercado Libre,27-02-2026,SIN MEDIDAS,PLASTICO,1,0
1436,MACETERO NORDICO GRANDE COLOR GRIS OSCURO 40X40X30CM - MACETA CUADRADO MODERNA PARA PLANTAS Y FLORES - DISENO MINIMALISTA DE ALTA CALIDAD,,29990,Mercado Libre,27-02-2026,40X40X30,DESCONOCIDO,1,0
1437,JARDINERA GAGE GRUNDENS AMARILLA,,42830,Mercado Libre,27-02-2026,SIN MEDIDAS,DESCONOCIDO,1,0
1438,PEDESTAL PARA 3 PLANTAS / PORTA MACETEROS METALICO - NORPLAT NEGRO LISA,,29980,Mercado Libre,27-02-2026,SIN MEDIDAS,METAL,1,0
1439,"MACETERO PLASTICO 60X56,5CM GRIS ENVEJECIDO BIGHOUSE",,33990,Mercado Libre,27-02-2026,"60X56,5",PLASTICO,1,0
1440,"PACK 2, MACETERO DE CERAMICA MODELOS VARIADOS COLOR BLANCO ARCOIRIR",,5290,Mercado Libre,27-02-2026,SIN MEDIDAS,CERAMICA,2,1
1441,BOLSA DE CULTIVO DE PLANTAS CAMA DE JARDIN DE TELA MACETERO,,18287,Mercado Libre,27-02-2026,SIN MEDIDAS,DESCONOCIDO,1,0
1442,CUBO DE FLORES DE HIERRO PARA DECORACION DEL HOGAR CON BONSA,,13191,Mercado Libre,27-02-2026,SIN MEDIDAS,METAL,1,0
1443,"MACETERO PLASTICO 24,5X29,5CM GRIS ENVEJECIDO BIGHOUSE",,5990,Mercado Libre,27-02-2026,"24,5X29,5",PLASTICO,1,0
1444,"MACETERO DE MADERA CON MICROPAISAJE, DECORACION DE AZUL",,6660,Mercado Libre,27-02-2026,SIN MEDIDAS,NATURAL,1,0
1445,ADORNO DECORATIVO PARA EL HOGAR EN MACETA,,10226,Mercado Libre,27-02-2026,SIN MEDIDAS,DESCONOCIDO,1,0
1446,"MACETERO DE CUBO PLANO VINTAGE, DECORACION DE PEQUENO",,6791,Mercado Libre,27-02-2026,SIN MEDIDAS,DESCONOCIDO,1,0
1447,SET ORGANIZADOR 3 PEDESTAL MACETERO DESMONTABLE METAL 66CM,,18850,Mercado Libre,27-02-2026,66CM,METAL,1,0
1448,JARDINERA GENERICA 100X40X30 CM HORMIGON RECTANGULAR,,65000,Mercado Libre,27-02-2026,100X40X30,DESCONOCIDO,1,0
1449,50 MACETERO BIODEGRADABLE 6X6CM PARA CULTIVO CON 50 ETIQUETA,,10999,Mercado Libre,27-02-2026,6X6,DESCONOCIDO,1,0
1450,6 PCS MOLDES DE MACETAS DE PLASTICO CON JARDINERA PALLET,,29990,Mercado Libre,27-02-2026,SIN MEDIDAS,PLASTICO,6,1
1451,"ADORNO CREATIVO DE ESCRITORIO, MACETERO PARA EL HOGAR, 2 PIE",,8713,Mercado Libre,27-02-2026,SIN MEDIDAS,DESCONOCIDO,1,0
1452,MACETERO REDONDO CERAMICA AZUL RELIEVE 17X17CM BIGHOUSE,,16990,Mercado Libre,27-02-2026,17X17,CERAMICA,1,0
1453,MACETERO PEQUENO RESINA INTERIOR EXTERIOR JARDIN CACTUS,,32139,Mercado Libre,27-02-2026,SIN MEDIDAS,DESCONOCIDO,1,0
1454,MACETERO / BALCONERA DE MADERA CON GANCHOS 1 METRO ROBLE MARRON,,32990,Mercado Libre,27-02-2026,SIN MEDIDAS,NATURAL,1,0
1455,5 MACETEROS DE MADERA CON FORMA DE BARRIL Y ASAS PARA,,115644,Mercado Libre,27-02-2026,SIN MEDIDAS,NATURAL,5,1
1456,TIERRA DE HOJA 20 LITROS (10 KG NETO),,4500,Mercado Libre,27-02-2026,20L,DESCONOCIDO,1,0
1457,"MACETA PARA PLANTAS DE BALCON, DECORACION DEL HOGAR, FLORES",,8956,Mercado Libre,27-02-2026,SIN MEDIDAS,DESCONOCIDO,1,0
1458,MACETERO VINTAGE METALICO PEQUENO TIPO CUBETA PLANA,,5721,Mercado Libre,27-02-2026,SIN MEDIDAS,METAL,1,0
1459,"ADORNO DE PARED CON FLORES PARA EL HOGAR, PARED FLORAL RUSTI",,11252,Mercado Libre,27-02-2026,SIN MEDIDAS,DESCONOCIDO,1,0
1460,"MACETA DE REGALO CON FORMA DE CUENCO PARA JARDIN, 30 CM, COL",,16521,Mercado Libre,27-02-2026,30CM,DESCONOCIDO,1,0
1461,MACETERO REDONDO DORADO 27X37X16CM BIGHOUSE,,15458,Mercado Libre,27-02-2026,27X37X16,DESCONOCIDO,1,0
1462,MACETERO / BALCONERA DE MADERA CON GANCHOS 80CM ROBLE MARRON,,27990,Mercado Libre,27-02-2026,80CM,NATURAL,1,0
1463,"MACETERO RECTANGULAR PARA FLORES, CON BANDEJA PARA GRIS",,5852,Mercado Libre,27-02-2026,SIN MEDIDAS,DESCONOCIDO,1,0
1464,PORTA MACETERO PEDESTAL MACETA PLANTAS BLANCO DORADO DORADO,,19900,Mercado Libre,27-02-2026,SIN MEDIDAS,DESCONOCIDO,1,0
1465,MACETERO CUADRADO DE CERAMICA PARA DECORACION DEL HOGAR,,40878,Mercado Libre,27-02-2026,SIN MEDIDAS,CERAMICA,1,0
1466,MACETERO TARRO HERMETICO BOTELLA MICRO PAISAJE,,7113,Mercado Libre,27-02-2026,SIN MEDIDAS,DESCONOCIDO,1,0
1467,MACETERO / BALCONERA DE MADERA CON GANCHOS 40CM NEGRO NEGRO,,17990,Mercado Libre,27-02-2026,40CM,NATURAL,1,0
1468,"MACETERO DECORATIVO PARA JARDIN, ARTE FLORAL, ALMACENAMIENTO",,13582,Mercado Libre,27-02-2026,SIN MEDIDAS,DESCONOCIDO,1,0
1469,MACETAS COLGANTES PARA SUCULENTAS Y HIERBAS DEL HOGAR,,2860,Mercado Libre,27-02-2026,SIN MEDIDAS,DESCONOCIDO,1,0
1470,MACETA DECORATIVA DE JARDIN CANINO PARA ESPACIOS EXTERIORES,,12443,Mercado Libre,27-02-2026,SIN MEDIDAS,DESCONOCIDO,1,0
1471,"MACETERO CUADRADO SONRIENTE DECORACION DEL HOGAR, JARD...",,66714,Mercado Libre,27-02-2026,SIN MEDIDAS,DESCONOCIDO,1,0
1472,6 MACETEROS COLGANTES DE MALLA PARA HOGAR,,38800,Mercado Libre,27-02-2026,SIN MEDIDAS,DESCONOCIDO,6,1
1473,"MACETERO DE CUBO PLANO VINTAGE, DECORACION DE GRANDE",,9017,Mercado Libre,27-02-2026,SIN MEDIDAS,DESCONOCIDO,1,0
1474,DECORACION PARA EL HOGAR MACETA Y RECIPIENTE PARA PLANTAS,,4600,Mercado Libre,27-02-2026,SIN MEDIDAS,DESCONOCIDO,1,0
1475,COLGAR MACETAS MACETERO COLGANTE PARA EXTERIORES MACETAS DE,,5347,Mercado Libre,27-02-2026,SIN MEDIDAS,DESCONOCIDO,1,0
1476,"MACETERO DE ESQUELETO HUMANO DECORACION DEL HOGAR, DEC...",,65687,Mercado Libre,27-02-2026,SIN MEDIDAS,DESCONOCIDO,1,0
1477,SOPORTE PARA 8 MACETAS ESTANTE JARDINERA HUERTO PLANTAS,,19980,Mercado Libre,27-02-2026,SIN MEDIDAS,DESCONOCIDO,8,1
1478,MACETERO REDONDO TIERNO PARA ESCRITORIO U OFICINA,,8704,Mercado Libre,27-02-2026,SIN MEDIDAS,DESCONOCIDO,1,0
1479,12 BANDEJAS PARA MACETAS HOGAR JARDINERIA X 12 UNIDADES,,69756,Mercado Libre,27-02-2026,SIN MEDIDAS,DESCONOCIDO,12,1
1480,"MACETERO - BOLSA PARA CAMA DE JARDIN, TELA LOS 80X30CM",,7104,Mercado Libre,27-02-2026,80X30,DESCONOCIDO,1,0
1481,3 PIEZAS BANDEJAS PLASTICAS MACETAS HOGAR,,30243,Mercado Libre,27-02-2026,SIN MEDIDAS,PLASTICO,1,0
1482,"EXPOSITOR DE PLANTAS PARA EL HOGAR, PATIO, ESTILO RETRO, IDE",,5226,Mercado Libre,27-02-2026,SIN MEDIDAS,DESCONOCIDO,1,0
1483,MACETERO NEGRO AMSTERDAM 55CM ALTO CON PLATO,FLORIDIS,46990,Sodimac,27-02-2026,55CM,DESCONOCIDO,1,0
1484,SOPORTE PARA MACETAS ESTANTE DE MACETAS PARA PLANTAS 8 NIVEL,TNAKIEX,31990,Sodimac,27-02-2026,SIN MEDIDAS,DESCONOCIDO,1,0
1485,MACETERO LOOK BARRIL,JUST HOME COLLECTION,4666,Sodimac,27-02-2026,SIN MEDIDAS,DESCONOCIDO,1,0
1486,SET 3 MACETEROS DE FIBRA TALL TAUPE GRIS,JUST HOME COLLECTION,119990,Sodimac,27-02-2026,SIN MEDIDAS,DESCONOCIDO,3,1
1487,MACETERO RUSTICO DE ARCILLA TERRACOTA,CASA BONITA,9990,Sodimac,27-02-2026,SIN MEDIDAS,CERAMICA,1,0
1488,SOPORTE PARA MACETAS ESTANTE DE MACETAS PARA PLANTAS 8 NIVEL,TNAKIEX,31990,Sodimac,27-02-2026,SIN MEDIDAS,DESCONOCIDO,1,0
1489,MACETERO BEIGE AMSTERDAM 44CM ALTO CON PLATO,FLORIDIS,27990,Sodimac,27-02-2026,44CM,DESCONOCIDO,1,0
1490,MACETERO NEGRO BOWL 19CM ALTO CON PLATO,FLORIDIS,20990,Sodimac,27-02-2026,19CM,DESCONOCIDO,1,0
1491,MACETERO DE PLASTICO 27X38 CM GRANITO,JUST HOME COLLECTION,27990,Sodimac,27-02-2026,27X38,PLASTICO,1,0
1492,MACETERO SIENA DE PLASTICO 40X40 CM ARENA,JUST HOME COLLECTION,9990,Sodimac,27-02-2026,40X40,PLASTICO,1,0
1493,EXHIBICION MACETERO DE BAMBU CON 9 REPISAS,U BUY,37990,Sodimac,27-02-2026,SIN MEDIDAS,NATURAL,1,0
1494,MACETERO REDONDO DE ARCILLA TERRACOTA,JUST HOME COLLECTION,11990,Sodimac,27-02-2026,SIN MEDIDAS,CERAMICA,1,0
1495,SET ORGANIZADOR 3 PEDESTAL PORTA MACETERO DESMONTABLE METAL,ANYHOGAR,21990,Sodimac,27-02-2026,SIN MEDIDAS,METAL,1,0
1496,MACETERO DE CERAMICA NIHI,JUST HOME COLLECTION,9990,Sodimac,27-02-2026,SIN MEDIDAS,CERAMICA,1,0
1497,MACETERO SIENA DE PLASTICO 40X40 CM TAUPE,JUST HOME COLLECTION,9990,Sodimac,27-02-2026,40X40,PLASTICO,1,0
1498,MACETERO DE ARCILLA TERRACOTA,JUST HOME COLLECTION,15990,Sodimac,27-02-2026,SIN MEDIDAS,CERAMICA,1,0
1499,MACETERO DE PLASTICO 50X45 CM CHOCOLATE,VITALY,9990,Sodimac,27-02-2026,50X45,PLASTICO,1,0
1500,MACETERO DE CERAMICA KURA,JUST HOME COLLECTION,8290,Sodimac,27-02-2026,SIN MEDIDAS,CERAMICA,1,0
1501,MACETERO DE CERAMICA 13X11 CM COLORES SURTIDOS,JUST HOME COLLECTION,2990,Sodimac,27-02-2026,13X11,CERAMICA,1,0
1502,MACETERO RUSTICO DE ARCILLA TERRACOTA,CASA BONITA,9990,Sodimac,27-02-2026,SIN MEDIDAS,CERAMICA,1,0
1503,MACETERO DE CERAMICA EMA,JUST HOME COLLECTION,7690,Sodimac,27-02-2026,SIN MEDIDAS,CERAMICA,1,0
1504,MACETERO DE MADERA TIPO BARRIL,CASA BONITA,14990,Sodimac,27-02-2026,SIN MEDIDAS,NATURAL,1,0
1505,MACETA MACETERO PEDESTAL DECORATIVO GRANDE,GENERICO,19990,Sodimac,27-02-2026,SIN MEDIDAS,DESCONOCIDO,1,0
1506,SET 3 MACETEROS DE MADERA TIPO BARRIL,CASA BONITA,36990,Sodimac,27-02-2026,SIN MEDIDAS,NATURAL,3,1
1507,MACETERO NEGRO AMSTERDAM 55CM ALTO CON PLATO,FLORIDIS,46990,Sodimac,27-02-2026,55CM,DESCONOCIDO,1,0
1508,MACETERO MIKONOS,JUST HOME COLLECTION,13990,Sodimac,27-02-2026,SIN MEDIDAS,DESCONOCIDO,1,0
1509,MACETERO DE PLASTICO 43X65 CM ARENA,JUST HOME COLLECTION,52990,Sodimac,27-02-2026,43X65,PLASTICO,1,0
1510,SET DE 3 MACETEROS CERAMICA DISENOS GRIS Y BLANCO,JUST HOME COLLECTION,50390,Sodimac,27-02-2026,SIN MEDIDAS,CERAMICA,3,1
1511,JUEGO DE 2 MACETAS METALICAS VINTAGE - ACABADO RUSTICO PARA BALCON,GENERICO,7990,Sodimac,27-02-2026,SIN MEDIDAS,DESCONOCIDO,2,1
1512,MACETERO NEGRO AMSTERDAM 44CM ALTO CON PLATO,FLORIDIS,25990,Sodimac,27-02-2026,44CM,DESCONOCIDO,1,0
1513,CANASTO DECORATIVO HIERBA MARINA 43X40 CM HOGAR,JUST HOME COLLECTION,28990,Sodimac,27-02-2026,43X40,DESCONOCIDO,1,0
1514,SET 4 TAMANOS DE MACETEROS DENVER COLOR BEIGE,JUST HOME COLLECTION,20990,Sodimac,27-02-2026,SIN MEDIDAS,DESCONOCIDO,4,1
1515,MACETERO DE PLASTICO 30 CM PLATA,JUST HOME COLLECTION,7990,Sodimac,27-02-2026,30CM,PLASTICO,1,0
1516,MACETERO DE CERAMICA,SK,7990,Sodimac,27-02-2026,SIN MEDIDAS,CERAMICA,1,0
1517,JARDINERA EXTERIOR DE BARANDILLA PARA BALCON 50X20X12 CM,CRUSEC,15990,Sodimac,27-02-2026,50X20X12,DESCONOCIDO,1,0
1518,MACETERO DE GREDA 13X13 CM COLORES SURTIDOS,JUST HOME COLLECTION,2990,Sodimac,27-02-2026,13X13,CERAMICA,1,0
1519,SOPORTE PARA PLANTAS COLGANTES 2 GANCHOS DE PARED DE HIERRO,MUNDO MAGIA,7990,Sodimac,27-02-2026,SIN MEDIDAS,METAL,1,0
1520,SET 2 MACETEROS DE FIBRA CON PATAS BLANCO,JUST HOME COLLECTION,62990,Sodimac,27-02-2026,SIN MEDIDAS,DESCONOCIDO,2,1
1521,6 PCS MACETAS DE PLASTICO CON SEPARADOR DE AGUA TRICOLOR,TNAKIEX,10990,Sodimac,27-02-2026,SIN MEDIDAS,PLASTICO,6,1
1522,MACETERO DE CERAMICA,SK,6690,Sodimac,27-02-2026,SIN MEDIDAS,CERAMICA,1,0
1523,MACETERO DE POLIETILENO 43X65 CM GRANITO,JUST HOME COLLECTION,52990,Sodimac,27-02-2026,43X65,PLASTICO,1,0
1524,MACETERO BEIGE AMSTERDAM 44CM ALTO CON PLATO,FLORIDIS,27990,Sodimac,27-02-2026,44CM,DESCONOCIDO,1,0
1525,MACETERO DE FIBRA TALL,JUST HOME COLLECTION,52990,Sodimac,27-02-2026,SIN MEDIDAS,DESCONOCIDO,1,0
1526,JARDINERA DE POLIPROPILENO 79X39 CM ARENA,DEROMA,82990,Sodimac,27-02-2026,79X39,DESCONOCIDO,1,0
1527,SOPORTE DE 5 NIVELES PARA MACETAS PLANTAS DECORATIVO NEGRO,CRUSEC,28990,Sodimac,27-02-2026,SIN MEDIDAS,DESCONOCIDO,1,0
1528,JARDIN VERTICAL HUERTO URBANO BALCON TERRAZA MURAL EXTERIOR DE GEOTEXTIL 18 BOLSILLOS,GENERICO,6900,Sodimac,27-02-2026,SIN MEDIDAS,DESCONOCIDO,1,0
1529,MACETERO SIENA DE PLASTICO 40X40 CM BLANCO,JUST HOME COLLECTION,9990,Sodimac,27-02-2026,40X40,PLASTICO,1,0
1530,MACETERO SIENA DE PLASTICO 40X40 CM PLATA,JUST HOME COLLECTION,9990,Sodimac,27-02-2026,40X40,PLASTICO,1,0
1531,MACETERO FIBRA LINE,JUST HOME COLLECTION,29990,Sodimac,27-02-2026,SIN MEDIDAS,DESCONOCIDO,1,0
1532,JUEGO DE DOS MACETAS DE FLORES PARA COLGAR PARED,CRUSEC,13990,Sodimac,27-02-2026,SIN MEDIDAS,DESCONOCIDO,1,0
1533,SET 4 MACETEROS DE CERAMICA AZUL,JUST HOME COLLECTION,94990,Sodimac,27-02-2026,SIN MEDIDAS,CERAMICA,4,1
1534,SET 3 MACETEROS DE CEAMICA KURA TABACO DORADO,JUST HOME COLLECTION,32990,Sodimac,27-02-2026,SIN MEDIDAS,DESCONOCIDO,3,1
1535,MACETERO ROTOMOLDEADO MUNA DE POLIETILENO 55X53 CM ARENA,DECO POTTERY,72990,Sodimac,27-02-2026,55X53,PLASTICO,1,0
1536,PAQUETE DE 3 JARDINERA VERDE DE SOBREMESA PARA BALCON SOPORT,ATURE,15990,Sodimac,27-02-2026,SIN MEDIDAS,DESCONOCIDO,1,0
1537,9 PCS MACETAS DE PLASTICO CON SEPARADOR DE AGUA TRICOLOR,TNAKIEX,15990,Sodimac,27-02-2026,SIN MEDIDAS,PLASTICO,9,1
1538,6 PCS MOLDES DE MACETAS DE PLASTICO CON JARDINERA PALLET,TNAKIEX,10990,Sodimac,27-02-2026,SIN MEDIDAS,PLASTICO,6,1
1539,MACETERO NEGRO AMSTERDAM 70CM ALTO CON PLATO,FLORIDIS,94990,Sodimac,27-02-2026,70CM,DESCONOCIDO,1,0
1540,MACETERO BEIGE AMSTERDAM 55CM ALTO CON PLATO,FLORIDIS,46990,Sodimac,27-02-2026,55CM,DESCONOCIDO,1,0
1541,MACETERO DE ARCILLA SIN BORDE TERRACOTA,JUST HOME COLLECTION,19990,Sodimac,27-02-2026,SIN MEDIDAS,CERAMICA,1,0
1542,135 MACETEROS FLEXIBLES VIVERO 9X8CM TERRACOTA KIT INICIAL,GENERICO,9390,Sodimac,27-02-2026,9X8,DESCONOCIDO,135,1
1543,MACETERO GRAFIATO DE PLASTICO 34X48 CM GRANITO,JUST HOME COLLECTION,42990,Sodimac,27-02-2026,34X48,PLASTICO,1,0
1544,MACETERO DE CERAMICA 13X13 CM DISENOS SURTIDOS,JUST HOME COLLECTION,2990,Sodimac,27-02-2026,13X13,CERAMICA,1,0
1545,MACETERO MARRON AMSTERDAM 55CM ALTO CON PLATO,FLORIDIS,46990,Sodimac,27-02-2026,55CM,DESCONOCIDO,1,0
1546,MACETERO BEIGE AMSTERDAM 45CM ALTO CON PLATO,FLORIDIS,35990,Sodimac,27-02-2026,45CM,DESCONOCIDO,1,0
1547,MACETERO DE PLASTICO 28 CM,CASA BONITA,3272,Sodimac,27-02-2026,28CM,PLASTICO,1,0
1548,JARDINERA MACETERO RECTANGULAR PLANTAS URBAN,SUNNYYARD,27990,Sodimac,27-02-2026,SIN MEDIDAS,DESCONOCIDO,1,0
1549,PACK 2 MACETAS DE VIDRIO COLGANTE TRANSPARENTE PARED 13CM,CRUSEC,10990,Sodimac,27-02-2026,13CM,VIDRIO,2,1
1550,MACETERO PLASTICO 46CM GRAFIATO CONICO DECORATIVO GRANDE,GENERICO,17850,Sodimac,27-02-2026,46CM,PLASTICO,1,0
1551,MACETERO GRAFITO AMSTERDAM 44CM ALTO CON PLATO,FLORIDIS,25990,Sodimac,27-02-2026,44CM,DESCONOCIDO,1,0
1552,SET ORGANIZADOR PEDESTAL PORTA MACETERO DESMONTABLE METAL,KINDA NICE,13990,Sodimac,27-02-2026,SIN MEDIDAS,METAL,1,0
1553,MACETERO ROTOMOLDEO DE POLIPROPILENO 55X53 CM NEGRO,POTTERY,79990,Sodimac,27-02-2026,55X53,DESCONOCIDO,1,0
1554,PORTAMACETERO COLGANTE PARA MACETAS 65 CM,JUST HOME COLLECTION,5000,Sodimac,27-02-2026,65CM,DESCONOCIDO,1,0
1555,MACETERO REDONDO DE PLASTICO 17.2X17 CM TAUPE,REYPLAST,3190,Sodimac,27-02-2026,17.2X17,PLASTICO,1,0
1556,MACETERO BEIGE EFECTO MARMOL AMSTERDAM 44CM ALTO CON PLATO,FLORIDIS,25990,Sodimac,27-02-2026,44CM,DESCONOCIDO,1,0
1557,PARAGUAS GRANDE DE TOTORA PARA JARDIN Y EXTERIORES,TOTORARTE,13390,Sodimac,27-02-2026,SIN MEDIDAS,DESCONOCIDO,1,0
1558,MACETEROS AUTORREGANTE SET 4 UNIDADES,KUANGYE,13290,Sodimac,27-02-2026,SIN MEDIDAS,DESCONOCIDO,4,1
1559,"RACK HUERTO 49X20X13,5 CM",ERGO,32990,Sodimac,27-02-2026,"49X20X13,5",DESCONOCIDO,1,0
1560,MACETERO AUTORREGANTE SET 4 UNIDADES,KUANGYE,13290,Sodimac,27-02-2026,SIN MEDIDAS,DESCONOCIDO,4,1
1561,MACETERO DE PLASTICO 27X38 CM ARENA,JUST HOME COLLECTION,27990,Sodimac,27-02-2026,27X38,PLASTICO,1,0
1562,MACETERO REDONDO DE PLASTICO 32X30 CM TAUPE,REYPLAST,10990,Sodimac,27-02-2026,32X30,PLASTICO,1,0
1563,MACETERO BLANCO AMSTERDAM 44CM ALTO CON PLATO,FLORIDIS,25990,Sodimac,27-02-2026,44CM,DESCONOCIDO,1,0
1564,MACETERO DE CERAMICA,SK,6990,Sodimac,27-02-2026,SIN MEDIDAS,CERAMICA,1,0
1565,MACETERO DE CERAMICA NUI,JUST HOME COLLECTION,11990,Sodimac,27-02-2026,SIN MEDIDAS,CERAMICA,1,0
1566,MACETERO DE CERAMICA HIMBA,JUST HOME COLLECTION,17990,Sodimac,27-02-2026,SIN MEDIDAS,CERAMICA,1,0
1567,MACETERO NEGRO ZURIQUE 74CM ALTO CON PLATO,FLORIDIS,52990,Sodimac,27-02-2026,74CM,DESCONOCIDO,1,0
1568,MACETERO CAFE EFECTO MARMOL AMSTERDAM 28CM ALTO CON PLATO,FLORIDIS,13990,Sodimac,27-02-2026,28CM,DESCONOCIDO,1,0
1569,MACETERO DE GREDA 13X13 CM COLORES SURTIDOS,JUST HOME COLLECTION,2990,Sodimac,27-02-2026,13X13,CERAMICA,1,0
1570,SET 4 TAMANOS DE MACETEROS DENVER COLOR PLOMO,JUST HOME COLLECTION,20990,Sodimac,27-02-2026,SIN MEDIDAS,DESCONOCIDO,4,1
1571,SOPORTE PARA 8 MACETAS ESTANTE JARDINERA HUERTO PLANTAS,GENERICO,19980,Sodimac,27-02-2026,SIN MEDIDAS,DESCONOCIDO,8,1
1572,MACETERO NEGRO BOWL 19CM ALTO CON PLATO,FLORIDIS,20990,Sodimac,27-02-2026,19CM,DESCONOCIDO,1,0
1573,CERCO METALICO DECORATIVO JARDIN DELIMITADOR 42X47 CM,POTTERY,6490,Sodimac,27-02-2026,42X47,METAL,1,0
1574,MESITA PORTA MACETERO PEDESTAL DOS NIVELES,GENERICO,12990,Sodimac,27-02-2026,SIN MEDIDAS,DESCONOCIDO,1,0
1575,MACETERO DE GREDA 14X14 CM COLORES SURTIDOS,JUST HOME COLLECTION,2990,Sodimac,27-02-2026,14X14,CERAMICA,1,0
1576,FUENTE SOLAR RAYADO PARA JARDIN,GENERICO,10000,Sodimac,27-02-2026,SIN MEDIDAS,DESCONOCIDO,1,0
1577,SET 3 MACETEROS DE FIBRA STRI GREY GRIS,JUST HOME COLLECTION,96990,Sodimac,27-02-2026,SIN MEDIDAS,DESCONOCIDO,3,1
1578,SOPORTE DE 5 NIVELES PARA MACETAS PLANTAS DECORATIVO BLANCO,CRUSEC,28990,Sodimac,27-02-2026,SIN MEDIDAS,DESCONOCIDO,1,0
1579,PORTA MACETERO PEDESTAL MACETA PLANTAS BLANCO DORADO MEDIANO,GENERICO,18990,Sodimac,27-02-2026,SIN MEDIDAS,DESCONOCIDO,1,0
1580,SET 2 MACETEROS CON PEDESTAL DORADOS,IMPORTADORA USA,35990,Sodimac,27-02-2026,SIN MEDIDAS,DESCONOCIDO,2,1
1581,MACETERO REDONDO DE PLASTICO 24.4X23 CM TAUPE,REYPLAST,7490,Sodimac,27-02-2026,24.4X23,PLASTICO,1,0
1582,MACETERO DE CERAMICA,JUST HOME COLLECTION,6990,Sodimac,27-02-2026,SIN MEDIDAS,CERAMICA,1,0
1583,JUEGO DE 2 MACETAS METALICAS VINTAGE - ACABADO RUSTICO PARA BALCON,GENERICO,7990,Sodimac,27-02-2026,SIN MEDIDAS,DESCONOCIDO,2,1
1584,SET 2 MACETEROS DE CERAMICA AISEA OLIVA DORADO,JUST HOME COLLECTION,24990,Sodimac,27-02-2026,SIN MEDIDAS,CERAMICA,2,1
1585,MACETERO RUSTICO DE ARCILLA,CASA BONITA,9990,Sodimac,27-02-2026,SIN MEDIDAS,CERAMICA,1,0
1586,MACETERO PLASTICO POLIETILENO PLANTAS DE INTERIOR Y EXTERIOR,GENERICO,34950,Sodimac,27-02-2026,SIN MEDIDAS,PLASTICO,1,0
1587,MACETERO DE FIBRA CON PATAS,JUST HOME COLLECTION,33990,Sodimac,27-02-2026,SIN MEDIDAS,DESCONOCIDO,1,0
1588,MACETERO DE PLASTICO 22.8X17.8 CM TAUPE,CASA BONITA,2990,Sodimac,27-02-2026,22.8X17.8,PLASTICO,1,0
1589,MACETA MACETERO PEDESTAL DECORATIVO BLANCO,GENERICO,15990,Sodimac,27-02-2026,SIN MEDIDAS,DESCONOCIDO,1,0
1590,MACETERO NEGRO AMSTERDAM 45CM ALTO CON PLATO,FLORIDIS,35990,Sodimac,27-02-2026,45CM,DESCONOCIDO,1,0
1591,MACETERO VITORIA DE CERAMICA 33X26 CM GRIS,JUST HOME COLLECTION,26990,Sodimac,27-02-2026,33X26,CERAMICA,1,0
1592,PORTA MACETERO PEDESTAL SOPORTE DE PLANTAS DESMONTABLE,CRUSEC,15990,Sodimac,27-02-2026,SIN MEDIDAS,DESCONOCIDO,1,0
1593,MACETERO GRIS CLARO AMSTERDAM 44CM ALTO CON PLATO,FLORIDIS,25990,Sodimac,27-02-2026,44CM,DESCONOCIDO,1,0
1594,MACETERO CAFE GENEBRA 80CM ALTO CON PLATO,FLORIDIS,52990,Sodimac,27-02-2026,80CM,DESCONOCIDO,1,0
1595,MACETERO BEIGE EFECTO PIEDRA BOWL 19CM ALTO CON PLATO,FLORIDIS,20990,Sodimac,27-02-2026,19CM,DESCONOCIDO,1,0
1596,MACETERO GRAFITO AMSTERDAM 45CM ALTO CON PLATO,FLORIDIS,35990,Sodimac,27-02-2026,45CM,DESCONOCIDO,1,0
1597,31 KITS BANDEJAS GERMINADORAS CON LUZ INVERNADERO SEMILLERO,YAYKO,12590,Sodimac,27-02-2026,SIN MEDIDAS,DESCONOCIDO,1,0
1598,MACETERO ONDULADO DE PLASTICO 38X26 CM ARENA,JUST HOME COLLECTION,21990,Sodimac,27-02-2026,38X26,PLASTICO,1,0
1599,6 PCS MOLDES DE MACETAS DE PLASTICO CON JARDINERA PALLET,TNAKIEX,10990,Sodimac,27-02-2026,SIN MEDIDAS,PLASTICO,6,1
1600,SET ORGANIZADOR 3 PEDESTAL PORTA MACETERO DESMONTABLE METAL,ANYHOGAR,25467,Sodimac,27-02-2026,SIN MEDIDAS,METAL,1,0
1601,MACETERO GRAFITO GENEBRA 57CM ALTO CON PLATO,FLORIDIS,34990,Sodimac,27-02-2026,57CM,DESCONOCIDO,1,0
1602,MACETERO NEGRO MODELO BERLIN 41CM ALTO CON PLATO,FLORIDIS,37990,Sodimac,27-02-2026,41CM,DESCONOCIDO,1,0
1603,JARDINERA DECOWAY BLANCO- 50 CM,GENERICO,20990,Sodimac,27-02-2026,50CM,DESCONOCIDO,1,0
1604,MACETERO STRI DE FIBRA DE VIDRIO 50X39 CM GRIS,JUST HOME COLLECTION,47990,Sodimac,27-02-2026,50X39,VIDRIO,1,0
1605,SET 3 MACETEROS DE CERAMICA NIHI VERDE JADE,JUST HOME COLLECTION,50990,Sodimac,27-02-2026,SIN MEDIDAS,CERAMICA,3,1
1606,MACETERO DE PLASTICO 25X21 CM CHOCOLATE,VITALY,1990,Sodimac,27-02-2026,25X21,PLASTICO,1,0
1607,MACETERO DE PLASTICO 23 CM,CASA BONITA,2392,Sodimac,27-02-2026,23CM,PLASTICO,1,0
1608,MACETERO TANTA 34 (FIBRA DE CEMENTO),PLANT ME,49990,Sodimac,27-02-2026,SIN MEDIDAS,CEMENTICIO,1,0
1609,MACETERO CON PATAS DE METAL 18.5X31 CM DORADO,JUST HOME COLLECTION,14990,Sodimac,27-02-2026,18.5X31,METAL,1,0
1610,MACETERO BLANCO GENEBRA 80CM ALTO CON PLATO,FLORIDIS,52990,Sodimac,27-02-2026,80CM,DESCONOCIDO,1,0
1611,MACETERO DE PLASTICO 46 CM,CASA BONITA,11192,Sodimac,27-02-2026,46CM,PLASTICO,1,0
1612,PORTAMACETERO DE PARED METALICO PARA MACETAS,ERGO,3990,Sodimac,27-02-2026,SIN MEDIDAS,METAL,1,0
1613,MACETERO DE FIBRA STRI,JUST HOME COLLECTION,32990,Sodimac,27-02-2026,SIN MEDIDAS,DESCONOCIDO,1,0
1614,MACETERO DE PLASTICO 14 CM,JUST HOME COLLECTION,2390,Sodimac,27-02-2026,14CM,PLASTICO,1,0
1615,MACETERO DE PLASTICO 17 CM,CASA BONITA,1352,Sodimac,27-02-2026,17CM,PLASTICO,1,0
1616,MACETAS PEDESTA MACETA NEGRA,BASEMENT HOME,26990,Sodimac,27-02-2026,SIN MEDIDAS,DESCONOCIDO,1,0
1617,MACETERO UMEA DE CERAMICA 18X17 CM CAPUCCINO,SK,9490,Sodimac,27-02-2026,18X17,CERAMICA,1,0
1618,PARAGUAS PROTECTOR PARA PLANTAS TOTORA CHICO JARDIN,TOTORARTE,11390,Sodimac,27-02-2026,SIN MEDIDAS,DESCONOCIDO,1,0
1619,MACETERO DE PLASTICO 11.5X8.9 CM TAUPE,CASA BONITA,833,Sodimac,27-02-2026,11.5X8.9,PLASTICO,1,0
1620,MACETERO BASEL,SK,6690,Sodimac,27-02-2026,SIN MEDIDAS,DESCONOCIDO,1,0
1621,MACETERO DE PLASTICO 17.1X13.4 CM TAUPE,CASA BONITA,1690,Sodimac,27-02-2026,17.1X13.4,PLASTICO,1,0
1622,MACETERO BEIGE ALCANTARA 50CM ALTO,GENERICO,15990,Sodimac,27-02-2026,50CM,DESCONOCIDO,1,0
1623,MACETERO GRAFITO AMSTERDAM 55CM ALTO CON PLATO,FLORIDIS,46990,Sodimac,27-02-2026,55CM,DESCONOCIDO,1,0
1624,MACETERO TANTA 40 (FIBRA DE CEMENTO),PLANT ME,59990,Sodimac,27-02-2026,SIN MEDIDAS,CEMENTICIO,1,0
1625,SET 2 CANASTOS NAZCA,JUST HOME COLLECTION,38990,Sodimac,27-02-2026,SIN MEDIDAS,DESCONOCIDO,2,1
1626,MACETA COLGANTE MACETERO COLGANTE DE PAJA CESTA MEDIANO,OEM,6990,Sodimac,27-02-2026,SIN MEDIDAS,DESCONOCIDO,1,0
1627,MACETERO PEDESTAL CON SOPORTE 20X60 CM,BASEMENT HOME,31990,Sodimac,27-02-2026,20X60,DESCONOCIDO,1,0
1628,MACETERO BEIGE AMSTERDAM 28CM ALTO CON PLATO,FLORIDIS,13990,Sodimac,27-02-2026,28CM,DESCONOCIDO,1,0
1629,MACETERO NEGRO AMSTERDAM 44CM ALTO CON PLATO,FLORIDIS,25990,Sodimac,27-02-2026,44CM,DESCONOCIDO,1,0
1630,MACETERO REDONDO DE PLASTICO 33X30 CM MARRON,REYPLAST,10990,Sodimac,27-02-2026,33X30,PLASTICO,1,0
1631,CANASTO DECORATIVO TEJIDO FIBRA 55X35X30 CM,JUST HOME COLLECTION,29990,Sodimac,27-02-2026,55X35X30,DESCONOCIDO,1,0
1632,SET MACETERO Y PLATO BIODEGRADABLE DE BAMBU 16.5X13 CM BLANCO,DECOGREEN,4990,Sodimac,27-02-2026,16.5X13,NATURAL,1,0
1633,MACETERO PLASTICO DISENO EFECTO BARRIL DE MADERA MACETA L,GENERICO,16990,Sodimac,27-02-2026,L,PLASTICO,1,0
1634,MACETERO NEGRO EFECTO MARMOL AMSTERDAM 44CM ALTO CON PLATO,FLORIDIS,25990,Sodimac,27-02-2026,44CM,DESCONOCIDO,1,0
1635,MACETERO MARRON FLORENCIA 32CM ALTO CON PLATO,FLORIDIS,27990,Sodimac,27-02-2026,32CM,DESCONOCIDO,1,0
1636,MEDIDOR DE SUELO TRES FUNCIONES PARA JARDIN HUMEDAD LUZ Y PH,ERGO,7990,Sodimac,27-02-2026,SIN MEDIDAS,DESCONOCIDO,1,0
1637,SET DE 3 MACETAS TEJIDAS CON PATAS,HOME ESSENTIALS,47990,Sodimac,27-02-2026,SIN MEDIDAS,DESCONOCIDO,3,1
1638,MACETERO 25X20 CM GRIS CASA VIVA,GENERICO,4990,Sodimac,27-02-2026,25X20,DESCONOCIDO,1,0
1639,MACETERO CON PATAS DE METAL 22X45 CM DORADO,JUST HOME COLLECTION,25990,Sodimac,27-02-2026,22X45,METAL,1,0
1640,MACETERO SIENA DE PLASTICO 30X30 CM BLANCO,JUST HOME COLLECTION,7990,Sodimac,27-02-2026,30X30,PLASTICO,1,0
1641,MACETERO CAFE EFECTO MARMOL AMSTERDAM 28CM ALTO CON PLATO,FLORIDIS,13990,Sodimac,27-02-2026,28CM,DESCONOCIDO,1,0
1642,MACETERO CEMENTO MODELO CURITIBA 32CM ALTO,GENERICO,27990,Sodimac,27-02-2026,32CM,CEMENTICIO,1,0
1643,JARDINERA RECTANGULAR AGRO 100 X 18 CM TERRACOTA,STERN,7990,Sodimac,27-02-2026,100X18,DESCONOCIDO,1,0
1644,HUERTO PISO DE MADERA 100X20 CM CAFE,ERGO,15000,Sodimac,27-02-2026,100X20,NATURAL,1,0
1645,MACETERO MARRON AMSTERDAM 55CM ALTO CON PLATO,FLORIDIS,46990,Sodimac,27-02-2026,55CM,DESCONOCIDO,1,0
1646,MACETERO CANASTO RAMA TEJIDA DECORATIVA 35 X 30 CM,DECOGREEN,13990,Sodimac,27-02-2026,35X30,DESCONOCIDO,1,0
1647,MACETERO - DISENO PERRO,GENERICO,4990,Sodimac,27-02-2026,SIN MEDIDAS,DESCONOCIDO,1,0
1648,MACETERO BIODEGRADABLE DE BAMBU 25X17 CM NEGRO,DECOGREEN,6990,Sodimac,27-02-2026,25X17,NATURAL,1,0
1649,MACETERO NEGRO EFECTO MARMOL AMSTERDAM 28CM ALTO CON PLATO,FLORIDIS,28990,Sodimac,27-02-2026,28CM,DESCONOCIDO,1,0
1650,MACETERO AZUL EFECTO MARMOL AMSTERDAM 28CM ALTO CON PLATO,FLORIDIS,28990,Sodimac,27-02-2026,28CM,DESCONOCIDO,1,0
1651,MACETERO NEGRO EFECTO MARMOL AMSTERDAM 28CM ALTO CON PLATO,FLORIDIS,28990,Sodimac,27-02-2026,28CM,DESCONOCIDO,1,0
1652,MACETERO BEIGE EFECTO PIEDRA 32CM ALTO CON PLATO,FLORIDIS,29990,Sodimac,27-02-2026,32CM,DESCONOCIDO,1,0
1653,MACETERO BIODEGRADABLE DE BAMBU 25X17 CM NEGRO,DECOGREEN,6990,Sodimac,27-02-2026,25X17,NATURAL,1,0
1654,JARDINERA DE PLASTICO 15X19X46 CM,CASA BONITA,3192,Sodimac,27-02-2026,15X19X46,PLASTICO,1,0
1655,MACETERO BEIGE MODELO MARAGOGI 20CM ALTO,GENERICO,13990,Sodimac,27-02-2026,20CM,DESCONOCIDO,1,0
1656,PORTA MACETERO METALICO 46 CM PARA INTERIOR,JUST HOME COLLECTION,25990,Sodimac,27-02-2026,46CM,METAL,1,0
1657,MACETERO GRAFITO ZURIQUE 55CM ALTO CON PLATO,FLORIDIS,42990,Sodimac,27-02-2026,55CM,DESCONOCIDO,1,0
1658,MACETERO CAIRO 40 (FIBRA DE VIDRIO),PLANT ME,64990,Sodimac,27-02-2026,SIN MEDIDAS,VIDRIO,1,0
1659,COLGADOR MURAL METALICO PARA MACETEROS 25 CM DECORACION HOGAR,ERGO,5290,Sodimac,27-02-2026,25CM,METAL,1,0
1660,JARDINERA DECOWAY NEGRO- 50 CM,GENERICO,20990,Sodimac,27-02-2026,50CM,DESCONOCIDO,1,0
1661,MACETERO ALTO CUADRADO LOFLY 24 X 24 CM GRIS PIEDRA,STERN,7990,Sodimac,27-02-2026,24X24,DESCONOCIDO,1,0
1662,SET DE 3 MACETEROS CERAMICA COLOR NEGRO,JUST HOME COLLECTION,50390,Sodimac,27-02-2026,SIN MEDIDAS,CERAMICA,3,1
1663,MACETERO BEIGE ALCANTARA 75CM ALTO,GENERICO,20990,Sodimac,27-02-2026,75CM,DESCONOCIDO,1,0
1664,PACK 80 MACETEROS 14X13 TERRACOTA KIT INICIAL,KUANGYE,10090,Sodimac,27-02-2026,14X13,DESCONOCIDO,80,1
1665,MACETERO DENVER DE PLASTICO 22X20 CM PLOMO,JUST HOME COLLECTION,7990,Sodimac,27-02-2026,22X20,PLASTICO,1,0
1666,PLATO BASE BIODEGRADABLE PARA MACETERO 25 CM JARDIN,DECOGREEN,2390,Sodimac,27-02-2026,25CM,DESCONOCIDO,1,0
1667,MACETERO CEUTA DE CERAMICA 30X23 CM BEIGE,CASA BONITA,18990,Sodimac,27-02-2026,30X23,CERAMICA,1,0
1668,MACETERO AISEA DE CERAMICA 26X16 CM OLIVA DORADO,JUST HOME COLLECTION,13990,Sodimac,27-02-2026,26X16,CERAMICA,1,0
1669,MACETERO AUTORREGANTE RECICLADO DE PLASTICO 23X20 CM CAFE,REMBRE,4290,Sodimac,27-02-2026,23X20,PLASTICO,1,0
1670,MACETERO DE PLASTICO CANASTO DORADO MACETA BALDE GRANDE,OEM,15990,Sodimac,27-02-2026,SIN MEDIDAS,PLASTICO,1,0
1671,MACETERO DE CEMENTO 11.5X12 GRIS,POTTERY,13590,Sodimac,27-02-2026,11.5X12,CEMENTICIO,1,0
1672,"VASOS PARA TRASPLANTE 9X9X9,5 CM - 10 UNIDADES",VILMORIN,3090,Sodimac,27-02-2026,"9X9X9,5",DESCONOCIDO,10,1
1673,JARDINERA PARA BARANDA DE POLIPROPILENO 25X25 CM GRIS,REMBRE,4890,Sodimac,27-02-2026,25X25,DESCONOCIDO,1,0
1674,MACETEROS DE GREDA (TINAJAS). PACK 10 UNIDADES. POMAIRE ONLINE,GENERICO,14990,Sodimac,27-02-2026,SIN MEDIDAS,CERAMICA,10,1
1675,ES DE PLASTICO 18X17 CM MARRON,REYPLAST,3690,Sodimac,27-02-2026,18X17,PLASTICO,1,0
1676,MACETERO DE CERAMICA,SK,6690,Sodimac,27-02-2026,SIN MEDIDAS,CERAMICA,1,0
1677,SET 3 MACETEROS FIBRA LINE SAND,JUST HOME COLLECTION,96990,Sodimac,27-02-2026,SIN MEDIDAS,DESCONOCIDO,3,1
1678,KIT 4 MACETERO COLGANTE CON BANDEJA EXTRAIBLE Y DRENAJE M NEGRO,GENERICO,38990,Sodimac,27-02-2026,M,DESCONOCIDO,1,0
1679,MACETERO TANTA 40 (FIBRA DE CEMENTO),PLANT ME,59990,Sodimac,27-02-2026,SIN MEDIDAS,CEMENTICIO,1,0
1680,ESPONJA ABSORBENTE RECORTABLE BOUQUET PURE DE FLORES 10U,ATURE,15990,Sodimac,27-02-2026,SIN MEDIDAS,DESCONOCIDO,1,0
1681,MACETERO DE CERAMICA,JUST HOME COLLECTION,15990,Sodimac,27-02-2026,SIN MEDIDAS,CERAMICA,1,0
1682,MACETERO AUTORREGANTE RECICLADO DE PLASTICO 23X20 CM MARFIL,REMBRE,5690,Sodimac,27-02-2026,23X20,PLASTICO,1,0
1683,MACETERO DE CERAMICA,SK,6990,Sodimac,27-02-2026,SIN MEDIDAS,CERAMICA,1,0
1684,MACETERO DE PLASTICO 39.8X31 CM TAUPE,CASA BONITA,9990,Sodimac,27-02-2026,39.8X31,PLASTICO,1,0
1685,PLANTAS VIVAS FLOTANTES ACUARIOS ESTANQUES LENTEJAS AGUA,GROW SWEET,9990,Sodimac,27-02-2026,SIN MEDIDAS,DESCONOCIDO,1,0
1686,MACETERO METALICO DISENO REGADERA,BRIC,9990,Sodimac,27-02-2026,SIN MEDIDAS,METAL,1,0
1687,MASETERO DECORATIVO SHIGUHE MACETA CERAMICA GRIS 82x28 CM,EGLO,11990,Sodimac,27-02-2026,82x28,CERAMICA,1,0
1688,MACETA CON BASE 29X30 CM,JUST HOME COLLECTION,26990,Sodimac,27-02-2026,29X30,DESCONOCIDO,1,0
1689,MACETERO COLGANTE CON BANDEJA EXTRAIBLE NEGRO M,GENERICO,10990,Sodimac,27-02-2026,M,DESCONOCIDO,1,0
1690,PORTA MACETEROS SOPORTE PLANTAS 3 NIVELES,GENERICO,34990,Sodimac,27-02-2026,SIN MEDIDAS,DESCONOCIDO,1,0
1691,PLATO REDONDO PARA MACETERO 25 CM DECORATIVO JARDIN HOGAR,REYPLAST,1390,Sodimac,27-02-2026,25CM,DESCONOCIDO,1,0
1692,PORTAMACETERO DE PARED METALICO PARA PLANTAS,ERGO,6990,Sodimac,27-02-2026,SIN MEDIDAS,METAL,1,0
1693,CERCO METALICO DECORATIVO JARDIN 56 CM,POTTERY,5490,Sodimac,27-02-2026,56CM,METAL,1,0
1694,MACETERO DENVER DE PLASTICO 18X17 CM BEIGE,JUST HOME COLLECTION,5990,Sodimac,27-02-2026,18X17,PLASTICO,1,0
1695,MACETERO DENVER DE PLASTICO 16X15 CM BEIGE,JUST HOME COLLECTION,4990,Sodimac,27-02-2026,16X15,PLASTICO,1,0
1696,PORTA MACETA MACETERO METAL COLGANTE DORADO DISENO NORDICO,REGALITOLINDO CL,19990,Sodimac,27-02-2026,SIN MEDIDAS,METAL,1,0
1697,JARDINERA DE PLASTICO 19X15 CM TAUPE,CASA BONITA,6290,Sodimac,27-02-2026,19X15,PLASTICO,1,0
1698,JARDINERA DE MADERA EN PINO CEPILLADO COLOR NOGAL,GENERICO,35990,Sodimac,27-02-2026,SIN MEDIDAS,NATURAL,1,0
1699,SET 2 TAMANOS DE MACETEROS COLOR TERRACOTA,JUST HOME COLLECTION,34990,Sodimac,27-02-2026,SIN MEDIDAS,DESCONOCIDO,2,1
1700,SET MACETERO Y PLATO ZAFIRO DE CERAMICA 10X13 CM BLANCO,MESTIZA,7290,Sodimac,27-02-2026,10X13,CERAMICA,1,0
1701,COLGADOR MACRAME 114 CM PARA MACETAS,JUST HOME COLLECTION,7690,Sodimac,27-02-2026,114CM,DESCONOCIDO,1,0
1702,MACETERO SIENA DE POLIPROPILENO 40X40 CM DORADO,JUST HOME COLLECTION,9990,Sodimac,27-02-2026,40X40,DESCONOCIDO,1,0
1703,MACETERO GRIS CLARO AMSTERDAM 44CM ALTO CON PLATO,FLORIDIS,25990,Sodimac,27-02-2026,44CM,DESCONOCIDO,1,0
1704,BASE PARA MACETERO Ndeg10 25 CM JARDIN,CASA BONITA,990,Sodimac,27-02-2026,25CM,DESCONOCIDO,1,0
1705,MACETERO CAFE EFECTO MARMOL GENEBRA 35CM ALTO CON PLATO,FLORIDIS,14990,Sodimac,27-02-2026,35CM,DESCONOCIDO,1,0
1706,PACK DE 3 GERMINADORES PARA SEMILLEROS DOMESTICOS DE INVERNA,KINDA NICE,7990,Sodimac,27-02-2026,SIN MEDIDAS,DESCONOCIDO,3,1
1707,MACETERO NEGRO EFECTO MARMOL AMSTERDAM 28CM ALTO CON PLATO,FLORIDIS,28990,Sodimac,27-02-2026,28CM,DESCONOCIDO,1,0
1708,MACETERO BEIGE EFECTO PIEDRA 32CM ALTO CON PLATO,FLORIDIS,29990,Sodimac,27-02-2026,32CM,DESCONOCIDO,1,0
1709,BASE PARA MACETERO Ndeg10 25 CM JARDIN,CASA BONITA,990,Sodimac,27-02-2026,25CM,DESCONOCIDO,1,0
1710,MACETERO DE PLASTICO 12 CM,CASA BONITA,872,Sodimac,27-02-2026,12CM,PLASTICO,1,0
1711,2 SOPORTES DE BASE DE MACETA DE METAL CON RUEDAS,GENERICO,17990,Sodimac,27-02-2026,SIN MEDIDAS,METAL,2,1
1712,JARDINERA RECTANGULAR NEW COUBI 39 CM X 19 CM BLANCO,STERN,8590,Sodimac,27-02-2026,39CM,DESCONOCIDO,1,0
1713,MACETERO CEMENTO MODELO BERLIN 31CM ALTO CON PLATO,FLORIDIS,29990,Sodimac,27-02-2026,31CM,CEMENTICIO,1,0
1714,REGADERA PLASTICA DECORATIVA PLANTAS 1L,PLANT ME,21990,Sodimac,27-02-2026,1L,PLASTICO,1,0
1715,MACETERO DE PLASTICO 34X26.8 CM TAUPE,CASA BONITA,6290,Sodimac,27-02-2026,34X26.8,PLASTICO,1,0
1716,MACETERO ZAFIRO 17 CM PLATINO,MESTIZA,9490,Sodimac,27-02-2026,17CM,DESCONOCIDO,1,0
1717,PLATO REDONDO PARA MACETERO RATAN 25 CM JARDIN,REYPLAST,1590,Sodimac,27-02-2026,25CM,NATURAL,1,0
1718,MACETERO BEIGE MODELO CURITIBA 24CM ALTO,GENERICO,17990,Sodimac,27-02-2026,24CM,DESCONOCIDO,1,0
1719,MACETERO PLASTICO REDONDO 20CM ARENA,GENERICO,5990,Sodimac,27-02-2026,20CM,PLASTICO,1,0
1720,PLATO REDONDO PARA MACETERO 18 CM DECORATIVO HOGAR,REYPLAST,690,Sodimac,27-02-2026,18CM,DESCONOCIDO,1,0
1721,SET 3 MACETEROS CERAMICA MIKONOS BLANCO,JUST HOME COLLECTION,44990,Sodimac,27-02-2026,SIN MEDIDAS,CERAMICA,3,1
1722,MACETERO NEGRO AMSTERDAM 70CM ALTO CON PLATO,FLORIDIS,94990,Sodimac,27-02-2026,70CM,DESCONOCIDO,1,0
1723,9 PCS MACETAS DE PLASTICO CON SEPARADOR DE AGUA TRICOLOR,TNAKIEX,15990,Sodimac,27-02-2026,SIN MEDIDAS,PLASTICO,9,1
1724,JARDINERA RECTANGULAR LOFLY 80 X 33.4 CM GRIS PIEDRA,STERN,32990,Sodimac,27-02-2026,80X33.4,DESCONOCIDO,1,0
1725,MACETERO DE PLASTICO 14X17 CM VERDE,CASA BONITA,1690,Sodimac,27-02-2026,14X17,PLASTICO,1,0
1726,MACETA RECTANGULAR 43CM NARANJA CON PLATO - JARDIN BALCON INTEXT,GENERICO,5990,Sodimac,27-02-2026,43CM,DESCONOCIDO,1,0
1727,MACETERO ZAFIRO DE CERAMICA 24X21 CM NEGRO,MESTIZA,14990,Sodimac,27-02-2026,24X21,CERAMICA,1,0
1728,SET DE AMARRAS PARA PLANTAS SUJECION JARDIN 20 UNIDADES,ERGO,2190,Sodimac,27-02-2026,SIN MEDIDAS,DESCONOCIDO,20,1
1729,MACETERO BEIGE AMSTERDAM 55CM ALTO CON PLATO,FLORIDIS,46990,Sodimac,27-02-2026,55CM,DESCONOCIDO,1,0
1730,CANASTO DECORATIVO PARACAS HIERBA MARINA 26X21 CM,JUST HOME COLLECTION,23990,Sodimac,27-02-2026,26X21,DESCONOCIDO,1,0
1731,SET MACETERO Y PLATO BIODEGRADABLE DE BAMBU 24X18 CM GRIS,DECOGREEN,7990,Sodimac,27-02-2026,24X18,NATURAL,1,0
1732,MACETERO Y PLATO TERRACOTA CILINDRO L.,DECOGREEN,14990,Sodimac,27-02-2026,L,DESCONOCIDO,1,0
1733,JARDINERA DE PLASTICO 19X15 CM TAUPE,CASA BONITA,3990,Sodimac,27-02-2026,19X15,PLASTICO,1,0
1734,MACETERO DE BAMBU REDONDO SET DE 3,BRIC,10990,Sodimac,27-02-2026,SIN MEDIDAS,NATURAL,3,1
1735,MACETERO BLANCO FLORENCIA 32CM ALTO CON PLATO,FLORIDIS,27990,Sodimac,27-02-2026,32CM,DESCONOCIDO,1,0
1736,MACETERO GRIS EFECTO MARMOL AMSTERDAM 44CM ALTO CON PLATO,FLORIDIS,23990,Sodimac,27-02-2026,44CM,DESCONOCIDO,1,0
1737,MACETERO NEGRO ZURIQUE 74CM ALTO CON PLATO,FLORIDIS,52990,Sodimac,27-02-2026,74CM,DESCONOCIDO,1,0
1738,PORTA SUCULENTAS CASITA COLGANTE ESTILO VINTAGE,GENERICO,15000,Sodimac,27-02-2026,SIN MEDIDAS,DESCONOCIDO,1,0
1739,MACETERO VIENA,JUST HOME COLLECTION,41990,Sodimac,27-02-2026,SIN MEDIDAS,DESCONOCIDO,1,0
1740,COLGADOR MACETAS 125 CM SOPORTE PARA 3,JUST HOME COLLECTION,5990,Sodimac,27-02-2026,125CM,DESCONOCIDO,1,0
1741,MACETERO CILINDRO DE CEMENTO 20X20 CM GRIS Y BAMBOO,DECOGREEN,9690,Sodimac,27-02-2026,20X20,CEMENTICIO,1,0
1742,TORRE DE CULTIVO HIDROPONICO VERTICAL 165X53CM,RAGNAR,104990,Sodimac,27-02-2026,165X53,DESCONOCIDO,1,0
1743,JARDINERA PARA BARANDA DE POLIPROPILENO 21X25 CM GRIS,REMBRE,2590,Sodimac,27-02-2026,21X25,DESCONOCIDO,1,0
1744,MACETERO GRIS CLARO AMSTERDAM 65 CM ALTO CON PLATO,FLORIDIS,33990,Sodimac,27-02-2026,65CM,DESCONOCIDO,1,0
1745,SET 3 MACETEROS UTHAI,JUST HOME COLLECTION,27990,Sodimac,27-02-2026,SIN MEDIDAS,DESCONOCIDO,3,1
1746,MACETA WOOLLY 23CM VERDE COSTA,DEROMA,22990,Sodimac,27-02-2026,23CM,DESCONOCIDO,1,0
1747,MACETERO DE PLASTICO 12X9 CM VERDE,CASA BONITA,990,Sodimac,27-02-2026,12X9,PLASTICO,1,0
1748,MACETERO BERLIM DE CERAMICA 12.4X9.2 CM BEIGE,JAPI,5290,Sodimac,27-02-2026,12.4X9.2,CERAMICA,1,0
1749,BASE DE PLASTICO PARA MACETERO 15 CM,CASA BONITA,448,Sodimac,27-02-2026,15CM,PLASTICO,1,0
1750,MACETERO PARA PLANTAS SET,BRIC,28990,Sodimac,27-02-2026,SIN MEDIDAS,DESCONOCIDO,1,0
1751,BASE PARA MACETERO Ndeg4 10 CM JARDIN,CASA BONITA,278,Sodimac,27-02-2026,10CM,DESCONOCIDO,1,0
1752,MACETERO RECTANGULAR 74X34X65 CM GRIS CASA VIVA,GENERICO,47990,Sodimac,27-02-2026,74X34X65,DESCONOCIDO,1,0
1753,NATURA HUERTO URBANO INDOOR CON LUZ Y 8 MACETAS PARA PLANTA INTERIOR,GROWLED,54990,Sodimac,27-02-2026,SIN MEDIDAS,DESCONOCIDO,8,1
1754,MACETERO CAFE GENEBRA 80CM ALTO CON PLATO,FLORIDIS,52990,Sodimac,27-02-2026,80CM,DESCONOCIDO,1,0
1755,MACETERO DALLAS DE CERAMICA 19X18 CM ANTRACITA,SK,11990,Sodimac,27-02-2026,19X18,CERAMICA,1,0
1756,BASE DE PLASTICO PARA MACETERO 25 CM,CASA BONITA,792,Sodimac,27-02-2026,25CM,PLASTICO,1,0
1757,PORTA MACETA MADERA CON RUEDA BLOQUEABLES RECTANGULAR,OKAY,8090,Sodimac,27-02-2026,SIN MEDIDAS,NATURAL,1,0
1758,MACETERO GRAFITO MODELO CURITIBA 19CM ALTO,GENERICO,12990,Sodimac,27-02-2026,19CM,DESCONOCIDO,1,0
1759,MACETERO BASEL DE CERAMICA 24X23 CM GRIS,SK,17990,Sodimac,27-02-2026,24X23,CERAMICA,1,0
1760,MACETERO DE CEMENTO 10.6X10.6 GRIS,POTTERY,3290,Sodimac,27-02-2026,10.6X10.6,CEMENTICIO,1,0
1761,MACETERO NEGRO MODELO BERLIN 31CM ALTO CON PLATO,FLORIDIS,29990,Sodimac,27-02-2026,31CM,DESCONOCIDO,1,0
1762,MACETERO FLORIDIS NEGRO EFECTO MARMOL ZURIQUE 34CM ALTO CON PLATO,GENERICO,31990,Sodimac,27-02-2026,34CM,DESCONOCIDO,1,0
1763,MACETERO CUADRADO CON RUEDAS 40 CM CAFE,INNOVAPLAST,9990,Construmart,27-02-2026,40CM,DESCONOCIDO,1,0
1764,MACETERO REDONDO CON RUEDAS 40 CM BLANCO,INNOVAPLAST,9990,Construmart,27-02-2026,40CM,DESCONOCIDO,1,0
1765,MACETERO PLASTICO MUNA GRANDE 43 CM GRIS,POTTERY,29990,Construmart,27-02-2026,43CM,PLASTICO,1,0
1766,MACETERO REDONDO CON RUEDAS 40 CM CAFE,INNOVAPLAST,9990,Construmart,27-02-2026,40CM,DESCONOCIDO,1,0
1767,MACETERO REDONDO CON RUEDAS 40 CM BEIGE,INNOVAPLAST,9990,Construmart,27-02-2026,40CM,DESCONOCIDO,1,0
1768,MACETERO CUADRADO CON RUEDAS 40 CM BLANCO,INNOVAPLAST,9990,Construmart,27-02-2026,40CM,DESCONOCIDO,1,0
1769,MACETERO CERAMICA PATRONES BEIGE L,PROJAÜS,9990,Construmart,27-02-2026,L,CERAMICA,1,0
1770,MACETERO PLASTICO REDONDO DURAKOTTA 46 CM TERRACOTA,REYPLAST,8390,Construmart,27-02-2026,46CM,PLASTICO,1,0
1771,JARDINERA BALCON PLASTICA DOBLE ROJO,GENERICO,4990,Construmart,27-02-2026,SIN MEDIDAS,PLASTICO,1,0
1772,JARDINERA BALCON PLASTICA DOBLE VERDE,GENERICO,4990,Construmart,27-02-2026,SIN MEDIDAS,PLASTICO,1,0
1773,MACETERO AUTORREGANTE 23 X19 CM CAFE,VITALY,4190,Construmart,27-02-2026,23X19,DESCONOCIDO,1,0
1774,MACETERO AUTORREGANTE 21 X 19 CM BEIGE,VITALY,3160,Construmart,27-02-2026,21X19,DESCONOCIDO,1,0
1775,JARDINERA BALCON PLASTICA DOBLE ROJO,GENERICO,4990,Construmart,27-02-2026,SIN MEDIDAS,PLASTICO,1,0
1776,JARDINERA BALCON PLASTICA DOBLE VERDE,GENERICO,4990,Construmart,27-02-2026,SIN MEDIDAS,PLASTICO,1,0
1777,JARDINERA BALCON PLASTICA SIMPLE VERDE,GENERICO,2990,Construmart,27-02-2026,SIN MEDIDAS,PLASTICO,1,0
1778,MACETERO CEMENTO TRADICIONAL M,PROJAÜS,19990,Construmart,27-02-2026,M,CEMENTICIO,1,0
1779,MACETERO CERAMICA BLANCO/FLORES M,GENERICO,5990,Construmart,27-02-2026,M,CERAMICA,1,0
1780,MACETERO CERAMICA BLANCO/VERDE S,GENERICO,3990,Construmart,27-02-2026,S,CERAMICA,1,0
1781,MACETERO CERAMICA PATRONES GRIS M,PROJAÜS,7990,Construmart,27-02-2026,M,CERAMICA,1,0
1782,MACETERO CUADRADO CON RUEDAS 30 CM BLANCO,INNOVAPLAST,6990,Construmart,27-02-2026,30CM,DESCONOCIDO,1,0
1783,MACETERO PLASTICO RATAN 25 CM CAFE,REYPLAST,5280,Construmart,27-02-2026,25CM,PLASTICO,1,0
1784,MACETERO PLASTICO RECTANGULAR DURAKOTTA 46 CM TERRACOTA,REYPLAST,2990,Construmart,27-02-2026,46CM,PLASTICO,1,0
1785,MACETERO PLASTICO RECTANGULAR DURAKOTTA 61 CM TERRACOTA,REYPLAST,3990,Construmart,27-02-2026,61CM,PLASTICO,1,0
1786,MACETERO PLASTICO REDONDO DURAKOTTA 17 CM TERRACOTA,REYPLAST,690,Construmart,27-02-2026,17CM,PLASTICO,1,0
1787,MACETERO PLASTICO REDONDO DURAKOTTA 28 CM TERRACOTA,REYPLAST,2990,Construmart,27-02-2026,28CM,PLASTICO,1,0
1788,MACETERO AUTORREGANTE 21 X 19 CM TAUPE,VITALY,3160,Construmart,27-02-2026,21X19,DESCONOCIDO,1,0
1789,MACETERO AUTORREGANTE 23 X 21 CM TAUPE,VITALY,4190,Construmart,27-02-2026,23X21,DESCONOCIDO,1,0
1790,MACETERO AUTORREGANTE 23 X19 CM CAFE,VITALY,4190,Construmart,27-02-2026,23X19,DESCONOCIDO,1,0
1791,MACETERO AUTORREGANTE 21 X 19 CM BEIGE,VITALY,3160,Construmart,27-02-2026,21X19,DESCONOCIDO,1,0
1792,MACETERO PLASTICO REDONDO DURAKOTTA 34 CM TERRACOTA,REYPLAST,4990,Construmart,27-02-2026,34CM,PLASTICO,1,0
1793,MACETERO LISO 25 X 21 CM CAFE,VITALY,2090,Construmart,27-02-2026,25X21,DESCONOCIDO,1,0
1794,MACETERO AUTORREGANTE 19 X 17 CM CAFE,VITALY,2090,Construmart,27-02-2026,19X17,DESCONOCIDO,1,0
1795,JARDINERA BALCON PLASTICA DOBLE MARFIL,GENERICO,4990,Construmart,27-02-2026,SIN MEDIDAS,PLASTICO,1,0
1796,MACETERO BALCON NEW GRIS,INNOVAPLAST,4990,Construmart,27-02-2026,SIN MEDIDAS,DESCONOCIDO,1,0
1797,MACETERO BALCON NEW TERRACOTA,INNOVAPLAST,4990,Construmart,27-02-2026,SIN MEDIDAS,DESCONOCIDO,1,0
1798,MACETERO CERAMICA CAFE M,GENERICO,3990,Construmart,27-02-2026,M,CERAMICA,1,0
1799,MACETERO CERAMICA PATRONES ROSADO L,PROJAÜS,9990,Construmart,27-02-2026,L,CERAMICA,1,0
1800,MACETERO CERAMICA PATRONES ROSADO M,PROJAÜS,13690,Construmart,27-02-2026,M,CERAMICA,1,0
1801,MACETERO PLASTICO MUNA GRANDE 43 CM ARENA,POTTERY,29990,Construmart,27-02-2026,43CM,PLASTICO,1,0
1802,MACETERO PLASTICO RECTANGULAR DURAKOTTA 46 CM VERDE,REYPLAST,2990,Construmart,27-02-2026,46CM,PLASTICO,1,0
1803,MACETERO PLASTICO REDONDO DURAKOTTA 40 CM VERDE,REYPLAST,7990,Construmart,27-02-2026,40CM,PLASTICO,1,0
1804,MACETERO AUTORREGANTE 19 X17 CM BEIGE,VITALY,2090,Construmart,27-02-2026,19X17,DESCONOCIDO,1,0
1805,MACETERO LISO 30 X 26 CM CAFE,VITALY,2990,Construmart,27-02-2026,30X26,DESCONOCIDO,1,0
1806,MACETERO LUJO 55 X 43 CM CAFE,VITALY,12690,Construmart,27-02-2026,55X43,DESCONOCIDO,1,0
1807,MACETERO PLASTICO REDONDO DURAKOTTA 40 CM TERRACOTA,REYPLAST,6290,Construmart,27-02-2026,40CM,PLASTICO,1,0
1808,JARDINERA BALCON PLASTICA SIMPLE MARFIL,GENERICO,3990,Construmart,27-02-2026,SIN MEDIDAS,PLASTICO,1,0
1809,JARDINERA BALCON PLASTICA SIMPLE ROJO,GENERICO,2990,Construmart,27-02-2026,SIN MEDIDAS,PLASTICO,1,0
1810,JARDINERA RECTANGULAR REJA 45 CM TERRACOTA,HUMBER,8990,Construmart,27-02-2026,45CM,DESCONOCIDO,1,0
1811,MACETERO CEMENTO TRADICIONAL L,PROJAÜS,29990,Construmart,27-02-2026,L,CEMENTICIO,1,0
1812,MACETERO CEMENTO TRADICIONAL S,PROJAÜS,13990,Construmart,27-02-2026,S,CEMENTICIO,1,0
1813,BERGEN 40X40 (PORTA MACETERO CERAMICA XL),,69990,Plantme,27-02-2026,40X40,CERAMICA,1,0
1814,BANGKOK GRAFITO 75 (MACETERO FIBERCLAY),,149990,Plantme,27-02-2026,SIN MEDIDAS,CEMENTICIO,1,0
1815,MADRID 40 AZUL (MACETERO PLASTICO RECICLADO XL),,44990,Plantme,27-02-2026,XL,PLASTICO,1,0
1816,HONG KONG VERDE 54 (MACETERO FIBERCLAY),,54990,Plantme,27-02-2026,SIN MEDIDAS,CEMENTICIO,1,0
1817,PACK TANTA (3 MACETEROS DE FIBRA DE ARCILLA),,127478,Plantme,27-02-2026,SIN MEDIDAS,CERAMICA,3,1
1818,PHUKET XL 34X20 (MACETERO FIBRA DE ARCILLA),,34990,Plantme,27-02-2026,34X20,CERAMICA,1,0
1819,MADRID 19 GRAFITO (MACETERO PLASTICO RECICLADO M),,9990,Plantme,27-02-2026,M,PLASTICO,1,0
1820,"MADRID 26,5 GRAFITO (MACETERO PLASTICO RECICLADO L)",,19990,Plantme,27-02-2026,L,PLASTICO,1,0
1821,BERGEN 20X20 (PORTA MACETERO CERAMICA M),,26990,Plantme,27-02-2026,20X20,CERAMICA,1,0
1822,PHUKET XXL 44X26 (MACETERO FIBRA DE ARCILLA),,44990,Plantme,27-02-2026,44X26,CERAMICA,1,0
1823,PHUKET XXXL 55X33 (MACETERO FIBRA DE ARCILLA),,54990,Plantme,27-02-2026,55X33,CERAMICA,1,0
1824,KO SAMUI L 24X24 (MACETERO FIBRA DE ARCILLA),,24990,Plantme,27-02-2026,24X24,CERAMICA,1,0
1825,KO SAMUI XL 33X33 (MACETERO FIBRA DE ARCILLA),,34990,Plantme,27-02-2026,33X33,CERAMICA,1,0
1826,KO SAMUI XXL 43X43 (MACETERO FIBRA DE ARCILLA),,49990,Plantme,27-02-2026,43X43,CERAMICA,1,0
1827,KO SAMUI XXXL 53X53 (MACETERO FIBRA DE ARCILLA),,64990,Plantme,27-02-2026,53X53,CERAMICA,1,0
1828,BERGEN 27X27 (PORTA MACETERO CERAMICA L),,39990,Plantme,27-02-2026,27X27,CERAMICA,1,0
1829,PACK CAIRO (3 MACETEROS DE FIBRA DE VIDRIO),,149978,Plantme,27-02-2026,SIN MEDIDAS,VIDRIO,3,1
1830,PACK MARRUECOS BLANCO (3 MACETEROS DE FIBRA DE ARCILLA),,134978,Plantme,27-02-2026,SIN MEDIDAS,CERAMICA,3,1
1831,CAIRO 34X34 BLANCO (MACETERO DE FIBRA DE VIDRIO L),,27492,Plantme,27-02-2026,34X34,VIDRIO,1,0
1832,NORDICO NEGRO L (MACETERO DE CERAMICA),,44990,Plantme,27-02-2026,L,CERAMICA,1,0
1833,NORDICO NEGRO XL (MACETERO DE CERAMICA),,79990,Plantme,27-02-2026,XL,CERAMICA,1,0
1834,CAIRO 40X39 BLANCO (MACETERO DE FIBRA DE VIDRIO XL),,32492,Plantme,27-02-2026,40X39,VIDRIO,1,0
1835,DINAMARCA 16X14 BLANCO (MACETERO PORCELANA S),,18990,Plantme,27-02-2026,16X14,CERAMICA,1,0
1836,TANTA 34X31 BLANCO (MACETERO FIBRA DE ARCILLA L),,49990,Plantme,27-02-2026,34X31,CERAMICA,1,0
1837,NUSA L (CANASTO DE FIBRA NATURAL),,16990,Plantme,27-02-2026,L,NATURAL,1,0
1838,HONG KONG VERDE 32 (MACETERO FIBERCLAY),,29990,Plantme,27-02-2026,SIN MEDIDAS,CEMENTICIO,1,0
1839,HONG KONG VERDE 42 (MACETERO FIBERCLAY),,44990,Plantme,27-02-2026,SIN MEDIDAS,CEMENTICIO,1,0
1840,BANGKOK GRAFITO 62 (MACETERO FIBERCLAY),,124990,Plantme,27-02-2026,SIN MEDIDAS,CEMENTICIO,1,0
1841,"SANTORINI NEGRO (CANASTO DE FIBRA NATURAL), XL",,24990,Plantme,27-02-2026,XL,NATURAL,1,0
1842,"KENIA VERDE (CANASTO DE FIBRA NATURAL), L",,14990,Plantme,27-02-2026,L,NATURAL,1,0
1843,MURCIA 27 GRIS OSCURO (MACETERO COLGANTE PLASTICO RECICLADO),,12990,Plantme,27-02-2026,SIN MEDIDAS,PLASTICO,1,0
1844,PACK DE ZURICH VERDES (MACETERO DE CERAMICA),,14990,Plantme,27-02-2026,SIN MEDIDAS,CERAMICA,1,0
1845,PACK DE ZURICH BLANCOS (MACETERO DE CERAMICA),,14990,Plantme,27-02-2026,SIN MEDIDAS,CERAMICA,1,0
1846,"SANTORINI NEGRO (CANASTO DE FIBRA NATURAL), L",,14990,Plantme,27-02-2026,L,NATURAL,1,0
1847,"KENIA NEGRO (CANASTO DE FIBRA NATURAL), L",,14990,Plantme,27-02-2026,L,NATURAL,1,0
1848,"KRABI (CANASTO DE FIBRA NATURAL), XL",,29990,Plantme,27-02-2026,XL,NATURAL,1,0
1849,"KRABI (CANASTO DE FIBRA NATURAL), L",,19990,Plantme,27-02-2026,L,NATURAL,1,0
1850,"SANTORINI BLANCO (CANASTO DE FIBRA NATURAL), L",,14990,Plantme,27-02-2026,L,NATURAL,1,0
1851,"PHUKET (CANASTO DE FIBRA NATURAL), XL",,24990,Plantme,27-02-2026,XL,NATURAL,1,0
1852,"PHUKET (CANASTO DE FIBRA NATURAL), L",,14990,Plantme,27-02-2026,L,NATURAL,1,0
1853,"MAR (CANASTO DE FIBRA NATURAL), L",,14990,Plantme,27-02-2026,L,NATURAL,1,0
1854,"MAR (CANASTO DE FIBRA NATURAL), XL",,24990,Plantme,27-02-2026,XL,NATURAL,1,0
1855,"SANTORINI BLANCO (CANASTO DE FIBRA NATURAL), XL",,24990,Plantme,27-02-2026,XL,NATURAL,1,0
1856,"SIMBA (CANASTO DE FIBRA NATURAL), XL",,24990,Plantme,27-02-2026,XL,NATURAL,1,0
1857,"KENIA NEGRO (CANASTO DE FIBRA NATURAL), XL",,24990,Plantme,27-02-2026,XL,NATURAL,1,0
1858,MADRID 13 BLANCO (MACETERO PLASTICO RECICLADO S),,6990,Plantme,27-02-2026,S,PLASTICO,1,0
1859,MADRID 13 AZUL (MACETERO PLASTICO RECICLADO S),,6990,Plantme,27-02-2026,S,PLASTICO,1,0
1860,MADRID 13 GRAFITO (MACETERO PLASTICO RECICLADO S),,6990,Plantme,27-02-2026,S,PLASTICO,1,0
1861,MADRID 19 AZUL (MACETERO PLASTICO RECICLADO M),,9990,Plantme,27-02-2026,M,PLASTICO,1,0
1862,MADRID 19 BLANCO (MACETERO PLASTICO RECICLADO M),,9990,Plantme,27-02-2026,M,PLASTICO,1,0
1863,MADRID 40 GRAFITO (MACETERO PLASTICO RECICLADO XL),,44990,Plantme,27-02-2026,XL,PLASTICO,1,0
1864,CADIZ 13 GRIS (MACETERO PLASTICO RECICLADO ORQUIDEA),,6990,Plantme,27-02-2026,SIN MEDIDAS,PLASTICO,1,0
1865,"MALAGA 13,5 COLOR PIEDRA (MACETERO COLGANTE ORQUIDEA)",,7990,Plantme,27-02-2026,SIN MEDIDAS,DESCONOCIDO,1,0
1866,"KENIA VERDE (CANASTO DE FIBRA NATURAL), XL",,24990,Plantme,27-02-2026,XL,NATURAL,1,0
1867,"SIMBA (CANASTO DE FIBRA NATURAL), L",,14990,Plantme,27-02-2026,L,NATURAL,1,0
1868,"BALU (CANASTO DE FIBRA NATURAL), L",,14990,Plantme,27-02-2026,L,NATURAL,1,0
1869,"BIGOTES (CANASTO DE FIBRA NATURAL), L",,14990,Plantme,27-02-2026,L,NATURAL,1,0
1870,MARRUECOS 50X40 GRIS (MACETERO FIBRA DE ARCILLA XXL),,69990,Plantme,27-02-2026,50X40,CERAMICA,1,0
1871,ASUAN 35 (FIBRA DE ARCILLA),,54990,Plantme,27-02-2026,SIN MEDIDAS,CERAMICA,1,0
1872,BALI L (CANASTO DE FIBRA NATURAL),,14990,Plantme,27-02-2026,L,NATURAL,1,0
1873,DINAMARCA 16X14 GRIS (MACETERO PORCELANA S),,18990,Plantme,27-02-2026,16X14,CERAMICA,1,0
1874,NUSA XL (CANASTO DE FIBRA NATURAL),,26990,Plantme,27-02-2026,XL,NATURAL,1,0
1875,LUXOR 31 (FIBRA DE ARCILLA),,49990,Plantme,27-02-2026,SIN MEDIDAS,CERAMICA,1,0
1876,TANTA 40X35 BLANCO (MACETERO FIBRA DE ARCILLA XL),,59990,Plantme,27-02-2026,40X35,CERAMICA,1,0
1877,PACK DINAMARCA GRIS (MACETEROS DE PORCELANA),,80970,Plantme,27-02-2026,SIN MEDIDAS,CERAMICA,1,0
1878,BALI XL (CANASTO DE FIBRA NATURAL),,24990,Plantme,27-02-2026,XL,NATURAL,1,0
1879,PACK MARRUECOS GRIS (3 MACETEROS DE FIBRA DE ARCILLA),,134978,Plantme,27-02-2026,SIN MEDIDAS,CERAMICA,3,1
1880,PACK DINAMARCA BLANCO (3 MACETEROS DE PORCELANA),,80970,Plantme,27-02-2026,SIN MEDIDAS,CERAMICA,3,1
1881,AMALFI 22X26 (MACETERO FIBRA DE ARCILLA) L,,34990,Plantme,27-02-2026,22X26,CERAMICA,1,0
1882,DANES M NEGRO (PORTA MACETERO DE CERAMICA),,21990,Plantme,27-02-2026,M,CERAMICA,1,0
1883,DANES M GRIS (PORTA MACETERO DE CERAMICA),,21990,Plantme,27-02-2026,M,CERAMICA,1,0
1884,DANES M BLANCO (PORTA MACETERO DE CERAMICA),,21990,Plantme,27-02-2026,M,CERAMICA,1,0
1885,PACK BERGEN (3 PORTA MACETEROS DE CERAMICA),,102728,Plantme,27-02-2026,SIN MEDIDAS,CERAMICA,1,0
1886,OSLO 40X40 AZUL (PORTA MACETERO CERAMICA XL),,48993,Plantme,27-02-2026,40X40,CERAMICA,1,0
1887,OSLO 20X20 AZUL (PORTA MACETERO CERAMICA M),,18893,Plantme,27-02-2026,20X20,CERAMICA,1,0
1888,OSLO 27X27 AZUL (PORTA MACETERO CERAMICA L),,27993,Plantme,27-02-2026,27X27,CERAMICA,1,0
1889,PACK OSLO (3 MACETEROS DE CERAMICA),,95879,Plantme,27-02-2026,SIN MEDIDAS,CERAMICA,3,1
1890,AMALFI 43X49 (MACETERO FIBRA DE ARCILLA XXL),,79990,Plantme,27-02-2026,43X49,CERAMICA,1,0
1891,MADRID 40 BLANCO (MACETERO PLASTICO RECICLADO XL),,44990,Plantme,27-02-2026,XL,PLASTICO,1,0
1892,"MADRID 26,5 BLANCO (MACETERO PLASTICO RECICLADO L)",,24990,Plantme,27-02-2026,L,PLASTICO,1,0
1893,"MADRID 26,5 AZUL (MACETERO PLASTICO RECICLADO L)",,24990,Plantme,27-02-2026,L,PLASTICO,1,0
1894,"MILAN NEGRO 16,2 (COLGANTE)",,7990,Plantme,27-02-2026,SIN MEDIDAS,DESCONOCIDO,1,0
1895,BANGKOK GRAFITO 46 (MACETERO FIBERCLAY),,64990,Plantme,27-02-2026,SIN MEDIDAS,CEMENTICIO,1,0
1896,PACK NORDICO BLANCO S Y M (MACETERO DE CERAMICA),,39990,Plantme,27-02-2026,S,CERAMICA,1,0
1897,PACK NORDICOS NEGROS S Y M (MACETERO DE CERAMICA),,39990,Plantme,27-02-2026,S,CERAMICA,1,0
1898,MARRUECOS 26X24 NEGRO (MACETERO FIBRA DE ARCILLA L),,34993,Plantme,27-02-2026,26X24,CERAMICA,1,0
1899,MARRUECOS 35X33 NEGRO (MACETERO FIBRA DE ARCILLA XL),,59990,Plantme,27-02-2026,35X33,CERAMICA,1,0
1900,MARRUECOS 50X40 NEGRO (MACETERO FIBRA DE ARCILLA XXL),,69990,Plantme,27-02-2026,50X40,CERAMICA,1,0
1901,MARRUECOS 26X24 BLANCO (MACETERO FIBRA DE ARCILLA L),,34993,Plantme,27-02-2026,26X24,CERAMICA,1,0
1902,MARRUECOS 35X33 BLANCO (MACETERO FIBRA DE ARCILLA XL),,59990,Plantme,27-02-2026,35X33,CERAMICA,1,0
1903,MARRUECOS 50X40 BLANCO (MACETERO FIBRA DE ARCILLA XXL),,69990,Plantme,27-02-2026,50X40,CERAMICA,1,0
1904,MARRUECOS 26X24 GRIS (MACETERO FIBRA DE ARCILLA L),,34993,Plantme,27-02-2026,26X24,CERAMICA,1,0
1905,MARRUECOS 35X33 GRIS (MACETERO FIBRA DE ARCILLA XL),,59990,Plantme,27-02-2026,35X33,CERAMICA,1,0
1906,TANTA 50X40 BLANCO (MACETERO FIBRA DE ARCILLA XXL),,69990,Plantme,27-02-2026,50X40,CERAMICA,1,0
1907,NORDICO BLANCO M (MACETERO DE CERAMICA),,26990,Plantme,27-02-2026,M,CERAMICA,1,0
1908,NORDICO BLANCO XL (MACETERO DE CERAMICA),,79990,Plantme,27-02-2026,XL,CERAMICA,1,0
1909,NORDICO NEGRO S (MACETERO DE CERAMICA),,16990,Plantme,27-02-2026,S,CERAMICA,1,0
1910,NORDICO NEGRO M (MACETERO DE CERAMICA),,26990,Plantme,27-02-2026,M,CERAMICA,1,0
1911,CHONO GRAFITO (AUTORREGANTE L),,54990,Plantme,27-02-2026,L,DESCONOCIDO,1,0
1912,CHONO GRAFITO (AUTORREGANTE L) Y PEDESTAL PICUNCHE L,,77990,Plantme,27-02-2026,L,DESCONOCIDO,1,0
1913,CHONO NEGRO (AUTORREGANTE L),,54990,Plantme,27-02-2026,L,DESCONOCIDO,1,0
1914,CHONO NEGRO (AUTORREGANTE L) Y PEDESTAL PICUNCHE L,,77990,Plantme,27-02-2026,L,DESCONOCIDO,1,0
1915,CHONO BLANCO (AUTORREGANTE L),,54990,Plantme,27-02-2026,L,DESCONOCIDO,1,0
1916,CHONO BLANCO (AUTORREGANTE L) Y PEDESTAL PICUNCHE L,,77990,Plantme,27-02-2026,L,DESCONOCIDO,1,0
1917,INCA NEGRO XL (MACETERO AUTORREGANTE 42X36),,89990,Plantme,27-02-2026,42X36,DESCONOCIDO,1,0
1918,INCA BLANCO XL (MACETERO AUTORREGANTE 42X36),,89990,Plantme,27-02-2026,42X36,DESCONOCIDO,1,0
1919,INCA GRAFITO XL (MACETERO AUTORREGANTE 42X36),,89990,Plantme,27-02-2026,42X36,DESCONOCIDO,1,0
1920,INCA NEGRO XXL (MACETERO AUTORREGANTE 50X44),,109990,Plantme,27-02-2026,50X44,DESCONOCIDO,1,0
1921,INCA BLANCO XXL (MACETERO AUTORREGANTE 50X44),,109990,Plantme,27-02-2026,50X44,DESCONOCIDO,1,0
1922,INCA GRAFITO XXXL (MACETERO AUTORREGANTE 60X54),,129990,Plantme,27-02-2026,60X54,DESCONOCIDO,1,0
1923,INCA NEGRO XXXL (MACETERO AUTORREGANTE 60X54),,129990,Plantme,27-02-2026,60X54,DESCONOCIDO,1,0
1924,MALLAWI 37 (FIBRA DE ARCILLA),,64990,Plantme,27-02-2026,SIN MEDIDAS,CERAMICA,1,0
1925,MALLAWI 47 (FIBRA DE ARCILLA),,79990,Plantme,27-02-2026,SIN MEDIDAS,CERAMICA,1,0
1926,ALEJANDRIA 33 (FIBRA DE CEMENTO),,69990,Plantme,27-02-2026,SIN MEDIDAS,CEMENTICIO,1,0
1927,DINAMARCA 19X18 GRIS (MACETERO PORCELANA M),,26990,Plantme,27-02-2026,19X18,CERAMICA,1,0
1928,DINAMARCA 24X23 GRIS (MACETERO PORCELANA L),,34990,Plantme,27-02-2026,24X23,CERAMICA,1,0
1929,DINAMARCA 19X18 NEGRO (MACETERO PORCELANA M),,26990,Plantme,27-02-2026,19X18,CERAMICA,1,0
1930,DINAMARCA 24X23 NEGRO (MACETERO PORCELANA L),,34990,Plantme,27-02-2026,24X23,CERAMICA,1,0
1931,DINAMARCA 24X23 BLANCO (MACETERO PORCELANA L),,34990,Plantme,27-02-2026,24X23,CERAMICA,1,0
1932,SEUL BLANCO XS (MACETERO DE CERAMICA),,4990,Plantme,27-02-2026,SIN MEDIDAS,CERAMICA,1,0
1933,SEUL CELESTE XS (MACETERO DE CERAMICA),,4990,Plantme,27-02-2026,SIN MEDIDAS,CERAMICA,1,0
1934,ZURICH BLANCO XS (MACETERO DE CERAMICA),,6990,Plantme,27-02-2026,SIN MEDIDAS,CERAMICA,1,0
1935,ZURICH NEGRO XS (MACETERO DE CERAMICA),,6990,Plantme,27-02-2026,SIN MEDIDAS,CERAMICA,1,0
1936,DANES L NEGRO (PORTA MACETERO DE CERAMICA),,39990,Plantme,27-02-2026,L,CERAMICA,1,0
1937,DANES L GRIS (PORTA MACETERO DE CERAMICA),,39990,Plantme,27-02-2026,L,CERAMICA,1,0
1938,DANES L NEGRO (PORTA MACETERO DE CERAMICA) Y PEDESTAL PICUNCHE L,,54990,Plantme,27-02-2026,L,CERAMICA,1,0
1939,DANES L GRIS (PORTA MACETERO DE CERAMICA) Y PEDESTAL PICUNCHE L,,54990,Plantme,27-02-2026,L,CERAMICA,1,0
1940,ESTAMBUL BLANCO XL (MACETERO AUTORREGANTE),,109990,Plantme,27-02-2026,XL,DESCONOCIDO,1,0
1941,ESTAMBUL GRAFITO XL (MACETERO AUTORREGANTE),,109990,Plantme,27-02-2026,XL,DESCONOCIDO,1,0
1942,ESTAMBUL GRAFITO XXL (MACETERO AUTORREGANTE),,129990,Plantme,27-02-2026,XXL,DESCONOCIDO,1,0
1943,ESTAMBUL NEGRO XXL (MACETERO AUTORREGANTE),,129990,Plantme,27-02-2026,XXL,DESCONOCIDO,1,0
1944,GUILIS L (CANASTO DE FIBRA NATURAL),,14990,Plantme,27-02-2026,L,NATURAL,1,0
1945,GUILIS XL (CANASTO DE FIBRA NATURAL),,24990,Plantme,27-02-2026,XL,NATURAL,1,0
1946,RIO GRIS (MACETERO),,21990,Plantme,27-02-2026,SIN MEDIDAS,DESCONOCIDO,1,0
1947,RIO BLANCO (MACETERO),,21990,Plantme,27-02-2026,SIN MEDIDAS,DESCONOCIDO,1,0
1948,CRETA BLANCO 25 (PORTA MACETERO M),,16990,Plantme,27-02-2026,M,DESCONOCIDO,1,0
1949,CRETA NEGRO 32 (PORTA MACETERO L),,21990,Plantme,27-02-2026,L,DESCONOCIDO,1,0
1950,CRETA NEGRO 41 (PORTA MACETERO XL),,34990,Plantme,27-02-2026,XL,DESCONOCIDO,1,0
1951,CRETA BLANCO 41 (PORTA MACETERO XL),,34990,Plantme,27-02-2026,XL,DESCONOCIDO,1,0
1952,CRETA BLANCO 56 (PORTA MACETERO XXL),,54990,Plantme,27-02-2026,XXL,DESCONOCIDO,1,0
1953,CRETA CAFE 32 (PORTA MACETERO L),,21990,Plantme,27-02-2026,L,DESCONOCIDO,1,0
1954,"ATENAS NEGRO 21,8 (AUTORREGANTE M)",,34990,Plantme,27-02-2026,M,DESCONOCIDO,1,0
1955,"ATENAS NEGRO 32,42 (AUTORREGANTE L)",,49990,Plantme,27-02-2026,L,DESCONOCIDO,1,0
1956,"ATENAS BLANCO 21,8 (AUTORREGANTE M)",,34990,Plantme,27-02-2026,M,DESCONOCIDO,1,0
1957,"ATENAS BLANCO 32,42 (AUTORREGANTE L)",,49990,Plantme,27-02-2026,L,DESCONOCIDO,1,0
1958,"ATENAS CAFE 32,42 (AUTORREGANTE L)",,49990,Plantme,27-02-2026,L,DESCONOCIDO,1,0
1959,INCA NEGRO (AUTORREGANTE XL) Y PEDESTAL PICUNCHE XL,,119990,Plantme,27-02-2026,XL,DESCONOCIDO,1,0
1960,INCA BLANCO (AUTORREGANTE XL) Y PEDESTAL PICUNCHE XL,,119990,Plantme,27-02-2026,XL,DESCONOCIDO,1,0
1961,VALENCIA NEGRO 80 (AUTORREGANTE XXL),,54990,Plantme,27-02-2026,XXL,DESCONOCIDO,1,0
1962,PEHUENCHE BLANCO L (PORTAMACETERO DE METAL) Y PEDESTAL PICUNCHE L,,44990,Plantme,27-02-2026,L,METAL,1,0
1963,GIFT CARD PLANTME,,,Plantme,27-02-2026,SIN MEDIDAS,DESCONOCIDO,1,0
1964,NORDICO BLANCO S (MACETERO DE CERAMICA),,16990,Plantme,27-02-2026,S,CERAMICA,1,0
1965,DANES L BLANCO (PORTA MACETERO DE CERAMICA),,39990,Plantme,27-02-2026,L,CERAMICA,1,0
1966,DINAMARCA 19X18 BLANCO (MACETERO PORCELANA M),,26990,Plantme,27-02-2026,19X18,CERAMICA,1,0
1967,RIO NEGRO (MACETERO),,21990,Plantme,27-02-2026,SIN MEDIDAS,DESCONOCIDO,1,0
1968,NORDICO BLANCO L (MACETERO DE CERAMICA),,44990,Plantme,27-02-2026,L,CERAMICA,1,0
1969,DANES L BLANCO (PORTA MACETERO DE CERAMICA) Y PEDESTAL PICUNCHE L,,54990,Plantme,27-02-2026,L,CERAMICA,1,0
1970,INCA GRAFITO XXL (MACETERO AUTORREGANTE 50X44),,109990,Plantme,27-02-2026,50X44,DESCONOCIDO,1,0
1971,DINAMARCA 16X14 NEGRO (MACETERO PORCELANA S),,18990,Plantme,27-02-2026,16X14,CERAMICA,1,0
1972,CAIRO 46X42 BLANCO (MACETERO DE FIBRA DE VIDRIO XXL),,39995,Plantme,27-02-2026,46X42,VIDRIO,1,0
1973,"MACETERO, INTERIOR/EXTERIOR GRIS, 12 CM",NYPON,2490,Ikea,27-02-2026,12CM,DESCONOCIDO,1,0
1974,"MACETERO, JACINTO DE AGUA, 12 CM",FRIDFULL,4990,Ikea,27-02-2026,12CM,DESCONOCIDO,1,0
1975,"MACETERO, BLANCO, 24 CM",SOJABÖNA,9990,Ikea,27-02-2026,24CM,DESCONOCIDO,1,0
1976,"MACETERO, JACINTO DE AGUA, 24 CM",FRIDFULL,19990,Ikea,27-02-2026,24CM,DESCONOCIDO,1,0
1977,"MACETERO, GRIS, 15 CM",GRADVIS,6990,Ikea,27-02-2026,15CM,DESCONOCIDO,1,0
1978,"MACETERO, DORADO, 9 CM",DAIDAI,990,Ikea,27-02-2026,9CM,DESCONOCIDO,1,0
1979,"MACETERO CON PLATO, INTERIOR/EXTERIOR TERRACOTA, 15 CM",MUSKOTBLOMMA,6990,Ikea,27-02-2026,15CM,DESCONOCIDO,1,0
1980,"MACETERO, BLANCO, 32X15 CM",BITTERGURKA,12990,Ikea,27-02-2026,32X15,DESCONOCIDO,1,0
1981,"MACETERO, INTERIOR/EXTERIOR BLANCO, 9 CM",FÖRENLIG,1490,Ikea,27-02-2026,9CM,DESCONOCIDO,1,0
1982,"MACETERO, INTERIOR/EXTERIOR/GRIS OSCURO, 24 CM",CITRONMELISS,9990,Ikea,27-02-2026,24CM,DESCONOCIDO,1,0
1983,"MACETERO, INTERIOR/EXTERIOR COLOR HUESO, 12 CM",SESAMFRÖN,5990,Ikea,27-02-2026,12CM,DESCONOCIDO,1,0
1984,"MACETERO, INTERIOR/EXTERIOR/VERDE, 19 CM",HONUNGSPALM,18990,Ikea,27-02-2026,19CM,DESCONOCIDO,1,0
1985,"MACETERO COLGANTE, INTERIOR/EXTERIOR BLANCO, 12 CM",CHILISTRÅN,9990,Ikea,27-02-2026,12CM,DESCONOCIDO,1,0
1986,"MACETERO, GRIS OSC, 19 CM",PERSILLADE,12990,Ikea,27-02-2026,19CM,DESCONOCIDO,1,0
1987,"MACETERO CON PLATO, INTERIOR/EXTERIOR CAFE, 15 CM",KLARBÄR,9990,Ikea,27-02-2026,15CM,DESCONOCIDO,1,0
1988,"MACETERO, INTERIOR/EXTERIOR/VERDE/CAFE, 15 CM",HASSELBUKETT,12990,Ikea,27-02-2026,15CM,DESCONOCIDO,1,0
1989,"MACETERO, BEIGE, 9 CM",KÖRSBÄRSBJÖRK,2690,Ikea,27-02-2026,9CM,DESCONOCIDO,1,0
1990,"MACETERO, INTERIOR/EXTERIOR GRIS, 9 CM",BUSKVERK,490,Ikea,27-02-2026,9CM,DESCONOCIDO,1,0
1991,"MACETERO, INTERIOR/EXTERIOR/OCRE, 12 CM",HASSELBUKETT,6990,Ikea,27-02-2026,12CM,DESCONOCIDO,1,0
1992,"MACETERO, GALVANIZADO, 9 CM",BINTJE,790,Ikea,27-02-2026,9CM,DESCONOCIDO,1,0
1993,"MACETERO, BEIGE, 19 CM",PERSILLADE,12990,Ikea,27-02-2026,19CM,DESCONOCIDO,1,0
1994,"MACETERO, INTERIOR/EXTERIOR/BEIGE, 12 CM",HASSELBUKETT,6990,Ikea,27-02-2026,12CM,DESCONOCIDO,1,0
1995,"MACETERO, INTERIOR/EXTERIOR GRIS, 24 CM",NYPON,9990,Ikea,27-02-2026,24CM,DESCONOCIDO,1,0
1996,"MACETERO, INTERIOR/EXTERIOR GRIS OSC/BEIGE, 24 CM",RÅGKORN,24990,Ikea,27-02-2026,24CM,DESCONOCIDO,1,0
1997,"MACETERO, BLANCO, 12 CM",SOJABÖNA,2990,Ikea,27-02-2026,12CM,DESCONOCIDO,1,0
1998,"MACETERO, BLANCO, 24 CM",SOJABÖNA,9990,Ikea,27-02-2026,24CM,DESCONOCIDO,1,0
1999,"MACETERO, BEIGE, 19 CM",PERSILLADE,12990,Ikea,27-02-2026,19CM,DESCONOCIDO,1,0
2000,"MACETERO, BLANCO, 15 CM",SOJABÖNA,4990,Ikea,27-02-2026,15CM,DESCONOCIDO,1,0
2001,"MACETERO, GRIS OSC, 19 CM",PERSILLADE,12990,Ikea,27-02-2026,19CM,DESCONOCIDO,1,0
2002,"MACETERO, INTERIOR/EXTERIOR/CAFE, 12 CM",HONUNGSPALM,6990,Ikea,27-02-2026,12CM,DESCONOCIDO,1,0
2003,"MACETERO, BEIGE, 12 CM",PERSILLADE,3990,Ikea,27-02-2026,12CM,DESCONOCIDO,1,0
2004,"MACETERO, INTERIOR/EXTERIOR GRIS OSC/BEIGE, 24 CM",RÅGKORN,24990,Ikea,27-02-2026,24CM,DESCONOCIDO,1,0
2005,"MACETERO, INTERIOR/EXTERIOR/BEIGE, 19 CM",SANDKÖRSBÄR,18990,Ikea,27-02-2026,19CM,DESCONOCIDO,1,0
2006,"MACETERO, INTERIOR/EXTERIOR/AZUL, 12 CM",FJÄRILSBUSKE,6990,Ikea,27-02-2026,12CM,DESCONOCIDO,1,0
2007,"MACETERO, INTERIOR/EXTERIOR/GALVANIZADO, 12 CM",ÅKERBÄR,990,Ikea,27-02-2026,12CM,DESCONOCIDO,1,0
2008,"MACETERO CON AUTORRIEGO, INTERIOR/EXTERIOR TRANSPARENTE/GRIS OSCURO, 12 CM",VÅRDTRÄD,3990,Ikea,27-02-2026,12CM,DESCONOCIDO,1,0
2009,"MACETERO, INTERIOR/EXTERIOR/BEIGE, 9 CM",HONUNGSPALM,4990,Ikea,27-02-2026,9CM,DESCONOCIDO,1,0
2010,"MACETERO CON PLATO, INTERIOR/EXTERIOR/PETROLEO, 6 CM",KLOTLÖNN,3990,Ikea,27-02-2026,6CM,DESCONOCIDO,1,0
2011,"MACETERO, INTERIOR/EXTERIOR/BEIGE, 19 CM",HASSELBUKETT,18990,Ikea,27-02-2026,19CM,DESCONOCIDO,1,0
2012,"MACETERO, INTERIOR/EXTERIOR/SEPIA, 9 CM",GRADVIS,4990,Ikea,27-02-2026,9CM,DESCONOCIDO,1,0
2013,"MACETERO, FIBRAS DE PLATANO HECHO A MANO, 32 CM",TÖRNBÄR,49990,Ikea,27-02-2026,32CM,DESCONOCIDO,1,0
2014,"MACETERO, INTERIOR/EXTERIOR/SEPIA, 12 CM",GRADVIS,7990,Ikea,27-02-2026,12CM,DESCONOCIDO,1,0
2015,"MACETERO, RATAN, 12 CM",KAKTUSFIKON,5990,Ikea,27-02-2026,12CM,NATURAL,1,0
2016,"MACETERO CON AUTORRIEGO, INTERIOR/EXTERIOR TRANSPARENTE/GRIS OSCURO, 15 CM",VÅRDTRÄD,6990,Ikea,27-02-2026,15CM,DESCONOCIDO,1,0
2017,"MACETERO, INTERIOR/EXTERIOR AZUL OSCURO, 32 CM",ÅKERBÄR,14990,Ikea,27-02-2026,32CM,DESCONOCIDO,1,0
2018,"MACETERO CON AUTORRIEGO, INTERIOR/EXTERIOR TRANSPARENTE/GRIS OSCURO, 24 CM",VÅRDTRÄD,14990,Ikea,27-02-2026,24CM,DESCONOCIDO,1,0
2019,"MACETERO CON PLATO, INTERIOR/EXTERIOR/GRIS, 9 CM",KLOTLÖNN,4990,Ikea,27-02-2026,9CM,DESCONOCIDO,1,0
2020,"MACETERO, INTERIOR/EXTERIOR/COLOR HUESO, 9 CM",KVASTSPIREA,2490,Ikea,27-02-2026,9CM,DESCONOCIDO,1,0
2021,"MACETERO, INTERIOR/EXTERIOR/COLOR HUESO, 12 CM",KVASTSPIREA,3990,Ikea,27-02-2026,12CM,DESCONOCIDO,1,0
2022,"MACETERO, INTERIOR/EXTERIOR/BLANCO, 15 CM",AMBRARÖNN,12990,Ikea,27-02-2026,15CM,DESCONOCIDO,1,0
2023,"MACETERO, INTERIOR/EXTERIOR GRIS, 9 CM",SKOGSVINBÄR,2990,Ikea,27-02-2026,9CM,DESCONOCIDO,1,0
2024,"JARDINERA, EXT ACACIA, 43X15 CM",STJÄRNANIS,14990,Ikea,27-02-2026,43X15,DESCONOCIDO,1,0
2025,"MACETERO, INTERIOR/EXTERIOR/GRIS, 9 CM",BUSKKAPRIFOL,4990,Ikea,27-02-2026,9CM,DESCONOCIDO,1,0
2026,"MACETERO, INTERIOR/EXTERIOR GRIS, 24 CM",NYPON,9990,Ikea,27-02-2026,24CM,DESCONOCIDO,1,0
2027,"MACETERO, INTERIOR/EXTERIOR GRIS OSC/BEIGE, 24 CM",RÅGKORN,24990,Ikea,27-02-2026,24CM,DESCONOCIDO,1,0
2028,"MACETERO, BLANCO, 12 CM",SOJABÖNA,2990,Ikea,27-02-2026,12CM,DESCONOCIDO,1,0
2029,"MACETERO, BLANCO, 24 CM",SOJABÖNA,9990,Ikea,27-02-2026,24CM,DESCONOCIDO,1,0
2030,"MACETERO, BEIGE, 19 CM",PERSILLADE,12990,Ikea,27-02-2026,19CM,DESCONOCIDO,1,0
2031,"MACETERO, BLANCO, 15 CM",SOJABÖNA,4990,Ikea,27-02-2026,15CM,DESCONOCIDO,1,0
2032,"MACETERO, GRIS OSC, 19 CM",PERSILLADE,12990,Ikea,27-02-2026,19CM,DESCONOCIDO,1,0
2033,"MACETERO, HECHO A MANO BAMBU, 24 CM",KLYNNON,24990,Ikea,27-02-2026,24CM,NATURAL,1,0
2034,"JARDINERA, INTERIOR/EXTERIOR CAFE, 54X21 CM",FLODBJÖRK,19990,Ikea,27-02-2026,54X21,DESCONOCIDO,1,0
2035,"MACETERO CON PLATO, EXT TERRACOTA, 24 CM",BRUNBÄR,14990,Ikea,27-02-2026,24CM,DESCONOCIDO,1,0
2036,"MACETERO COLGANTE, INTERIOR/EXTERIOR AZUL OSCURO, 27 CM",ÅKERBÄR,9990,Ikea,27-02-2026,27CM,DESCONOCIDO,1,0
2037,"MACETERO CON SOPORTE, INTERIOR/EXTERIOR/TURQUESA, 15 CM",VITLÖK,5990,Ikea,27-02-2026,15CM,DESCONOCIDO,1,0
2038,"MACETERO, EXT TERRACOTA, 26 CM",CURRYBLAD,14990,Ikea,27-02-2026,26CM,DESCONOCIDO,1,0
2039,"MACETERO, INTERIOR/EXTERIOR/NEGRO, 24 CM",PÄRLRÖNN,14990,Ikea,27-02-2026,24CM,DESCONOCIDO,1,0
2040,"BALDE/MACETERO, INTERIOR/EXTERIOR AZUL OSCURO, 10 L",ÅKERBÄR,9990,Ikea,27-02-2026,10L,DESCONOCIDO,1,0
2041,"MACETERO, INTERIOR/EXTERIOR CAFE, 24 CM",FLODBJÖRK,24990,Ikea,27-02-2026,24CM,DESCONOCIDO,1,0
2042,"MACETERO CON GANCHO, EXT TURQUESA, 48X18 CM",ROSENKÅL,13990,Ikea,27-02-2026,48X18,DESCONOCIDO,1,0
2043,"MACETERO CON GANCHO, INTERIOR/EXTERIOR/TURQUESA, 56X20 CM",VITLÖK,16990,Ikea,27-02-2026,56X20,DESCONOCIDO,1,0
2044,"MACETERO, VERDE OSCURO, 12 CM",DAKSJUS,5990,Ikea,27-02-2026,12CM,DESCONOCIDO,1,0
2045,"MACETERO, INTERIOR/EXTERIOR/BEIGE, 12 CM",BUSKKAPRIFOL,6990,Ikea,27-02-2026,12CM,DESCONOCIDO,1,0
2046,"MACETERO, INTERIOR/EXTERIOR/TAUPE, 24 CM",FRÄKENVÄXT,5990,Ikea,27-02-2026,24CM,DESCONOCIDO,1,0
2047,"MACETERO CON AUTORRIEGO, INTERIOR/EXTERIOR TRANSPARENTE/GRIS OSCURO, 9 CM",VÅRDTRÄD,1990,Ikea,27-02-2026,9CM,DESCONOCIDO,1,0
2048,"MACETERO, AMARILLO PASTEL, 15 CM",SOJABÖNA,4990,Ikea,27-02-2026,15CM,DESCONOCIDO,1,0
2049,"MACETERO, INTERIOR/EXTERIOR GRIS OSC, 32 CM",BJÖRNBAMBU,29990,Ikea,27-02-2026,32CM,DESCONOCIDO,1,0
2050,"MACETERO, INTERIOR/EXTERIOR/TURQUESA, 24 CM",VITLÖK,7990,Ikea,27-02-2026,24CM,DESCONOCIDO,1,0
2051,"MACETERO, INTERIOR/EXTERIOR GRIS, 24 CM",NYPON,9990,Ikea,27-02-2026,24CM,DESCONOCIDO,1,0
2052,"MACETERO, INTERIOR/EXTERIOR GRIS OSC/BEIGE, 24 CM",RÅGKORN,24990,Ikea,27-02-2026,24CM,DESCONOCIDO,1,0
2053,"MACETERO, BLANCO, 12 CM",SOJABÖNA,2990,Ikea,27-02-2026,12CM,DESCONOCIDO,1,0
2054,"MACETERO, BLANCO, 24 CM",SOJABÖNA,9990,Ikea,27-02-2026,24CM,DESCONOCIDO,1,0
2055,"MACETERO, BEIGE, 19 CM",PERSILLADE,12990,Ikea,27-02-2026,19CM,DESCONOCIDO,1,0
2056,"MACETERO, BLANCO, 15 CM",SOJABÖNA,4990,Ikea,27-02-2026,15CM,DESCONOCIDO,1,0
2057,"MACETERO, GRIS OSC, 19 CM",PERSILLADE,12990,Ikea,27-02-2026,19CM,DESCONOCIDO,1,0
2058,"MACETERO, INTERIOR/EXTERIOR GRIS, 12 CM",NYPON,2490,Ikea,27-02-2026,12CM,DESCONOCIDO,1,0
2059,"MACETERO, JACINTO DE AGUA, 12 CM",FRIDFULL,4990,Ikea,27-02-2026,12CM,DESCONOCIDO,1,0
2060,"MACETERO, BLANCO, 24 CM",SOJABÖNA,9990,Ikea,27-02-2026,24CM,DESCONOCIDO,1,0
2061,"MACETERO, JACINTO DE AGUA, 24 CM",FRIDFULL,19990,Ikea,27-02-2026,24CM,DESCONOCIDO,1,0
2062,"MACETERO, GRIS, 15 CM",GRADVIS,6990,Ikea,27-02-2026,15CM,DESCONOCIDO,1,0
2063,"MACETERO, DORADO, 9 CM",DAIDAI,990,Ikea,27-02-2026,9CM,DESCONOCIDO,1,0
2064,"MACETERO CON PLATO, INTERIOR/EXTERIOR TERRACOTA, 15 CM",MUSKOTBLOMMA,6990,Ikea,27-02-2026,15CM,DESCONOCIDO,1,0
2065,"MACETERO, BLANCO, 32X15 CM",BITTERGURKA,12990,Ikea,27-02-2026,32X15,DESCONOCIDO,1,0
2066,"MACETERO, INTERIOR/EXTERIOR BLANCO, 9 CM",FÖRENLIG,1490,Ikea,27-02-2026,9CM,DESCONOCIDO,1,0
2067,"MACETERO, INTERIOR/EXTERIOR/GRIS OSCURO, 24 CM",CITRONMELISS,9990,Ikea,27-02-2026,24CM,DESCONOCIDO,1,0
2068,"MACETERO, INTERIOR/EXTERIOR COLOR HUESO, 12 CM",SESAMFRÖN,5990,Ikea,27-02-2026,12CM,DESCONOCIDO,1,0
2069,"MACETERO, INTERIOR/EXTERIOR/VERDE, 19 CM",HONUNGSPALM,18990,Ikea,27-02-2026,19CM,DESCONOCIDO,1,0
2070,"MACETERO COLGANTE, INTERIOR/EXTERIOR BLANCO, 12 CM",CHILISTRÅN,9990,Ikea,27-02-2026,12CM,DESCONOCIDO,1,0
2071,"MACETERO, GRIS OSC, 19 CM",PERSILLADE,12990,Ikea,27-02-2026,19CM,DESCONOCIDO,1,0
2072,"MACETERO CON PLATO, INTERIOR/EXTERIOR CAFE, 15 CM",KLARBÄR,9990,Ikea,27-02-2026,15CM,DESCONOCIDO,1,0
2073,"MACETERO, INTERIOR/EXTERIOR/VERDE/CAFE, 15 CM",HASSELBUKETT,12990,Ikea,27-02-2026,15CM,DESCONOCIDO,1,0
2074,"MACETERO, BEIGE, 9 CM",KÖRSBÄRSBJÖRK,2690,Ikea,27-02-2026,9CM,DESCONOCIDO,1,0
2075,"MACETERO, INTERIOR/EXTERIOR GRIS, 9 CM",BUSKVERK,490,Ikea,27-02-2026,9CM,DESCONOCIDO,1,0
2076,"MACETERO, INTERIOR/EXTERIOR/OCRE, 12 CM",HASSELBUKETT,6990,Ikea,27-02-2026,12CM,DESCONOCIDO,1,0
2077,"MACETERO, GALVANIZADO, 9 CM",BINTJE,790,Ikea,27-02-2026,9CM,DESCONOCIDO,1,0
2078,"MACETERO, BEIGE, 19 CM",PERSILLADE,12990,Ikea,27-02-2026,19CM,DESCONOCIDO,1,0
2079,"MACETERO, INTERIOR/EXTERIOR/BEIGE, 12 CM",HASSELBUKETT,6990,Ikea,27-02-2026,12CM,DESCONOCIDO,1,0
2080,"MACETERO, INTERIOR/EXTERIOR GRIS, 24 CM",NYPON,9990,Ikea,27-02-2026,24CM,DESCONOCIDO,1,0
2081,"MACETERO, INTERIOR/EXTERIOR GRIS OSC/BEIGE, 24 CM",RÅGKORN,24990,Ikea,27-02-2026,24CM,DESCONOCIDO,1,0
2082,"MACETERO, BLANCO, 12 CM",SOJABÖNA,2990,Ikea,27-02-2026,12CM,DESCONOCIDO,1,0
2083,"MACETERO, BLANCO, 24 CM",SOJABÖNA,9990,Ikea,27-02-2026,24CM,DESCONOCIDO,1,0
2084,"MACETERO, BEIGE, 19 CM",PERSILLADE,12990,Ikea,27-02-2026,19CM,DESCONOCIDO,1,0
2085,"MACETERO, BLANCO, 15 CM",SOJABÖNA,4990,Ikea,27-02-2026,15CM,DESCONOCIDO,1,0
2086,"MACETERO, GRIS OSC, 19 CM",PERSILLADE,12990,Ikea,27-02-2026,19CM,DESCONOCIDO,1,0
2087,SUSTRATO PARA MACETAS 7 L,,4990,Casa Ideas,27-02-2026,7L,DESCONOCIDO,1,0
2088,MACETA TEXTURADA CON CACTUS,,5290,Casa Ideas,27-02-2026,SIN MEDIDAS,DESCONOCIDO,1,0
2089,MACETA DE VIDRIO CON CACTUS,,5290,Casa Ideas,27-02-2026,SIN MEDIDAS,VIDRIO,1,0
2090,MACETA DE VIDRIO CON CACTUS,,5290,Casa Ideas,27-02-2026,SIN MEDIDAS,VIDRIO,1,0
2091,"MACETA TERRACOTA CACTUS 15,5X21 CM",,11990,Casa Ideas,27-02-2026,"15,5X21",DESCONOCIDO,1,0
2092,"MACETA TERRACOTA CACTUS 15,5X21 CM",,11990,Casa Ideas,27-02-2026,"15,5X21",DESCONOCIDO,1,0
2093,MACETA CON FLOR ALTA ORQUIDEA,,15990,Casa Ideas,27-02-2026,SIN MEDIDAS,DESCONOCIDO,1,0
2094,MACETA DE CERAMICA CON CACTUS,,12990,Casa Ideas,27-02-2026,SIN MEDIDAS,CERAMICA,1,0
2095,CACTUS CON MACETA 7X9.5 CM,,4290,Casa Ideas,27-02-2026,7X9.5,DESCONOCIDO,1,0
2096,CACTUS CON MACETA 27X40 CM,,18990,Casa Ideas,27-02-2026,27X40,DESCONOCIDO,1,0
2097,MACETA DE CERAMICA 9X9.5 CM,,2990,Casa Ideas,27-02-2026,9X9.5,CERAMICA,1,0
2098,MACETA DE CERAMICA 9X9.5 CM,,2990,Casa Ideas,27-02-2026,9X9.5,CERAMICA,1,0
2099,MACETA DE CERAMICA 9X9.5 CM,,2990,Casa Ideas,27-02-2026,9X9.5,CERAMICA,1,0
2100,PLANTA CON MACETA 18X34 CM,,13990,Casa Ideas,27-02-2026,18X34,DESCONOCIDO,1,0
2101,BASE PARA MACETA DE BAMBU REGULABLE,,12990,Casa Ideas,27-02-2026,SIN MEDIDAS,NATURAL,1,0
2102,"MACETA PLASTICA CON RUEDAS 46,5X42,5 CM",,22990,Casa Ideas,27-02-2026,"46,5X42,5",PLASTICO,1,0
2103,MACETA PLASTICA CON RUEDAS 31X15X25 CM,,2690,Casa Ideas,27-02-2026,31X15X25,PLASTICO,1,0
2104,MACETA PLASTICA CON RUEDAS 37X34 CM,,14990,Casa Ideas,27-02-2026,37X34,PLASTICO,1,0
2105,SOPORTE PARA MACETA BAMBU 25X40 CM,,12990,Casa Ideas,27-02-2026,25X40,NATURAL,1,0
2106,SOPORTE PARA MACETA BAMBU 25X60 CM,,14990,Casa Ideas,27-02-2026,25X60,NATURAL,1,0
2107,MACETA DE CERAMICA CRUDO 10.5X10.8 CM,,3490,Casa Ideas,27-02-2026,10.5X10.8,CERAMICA,1,0
2108,MACETA DE CERAMICA CRUDO 13.5X13 CM,,4990,Casa Ideas,27-02-2026,13.5X13,CERAMICA,1,0
2109,MACETA DE CERAMICA CRUDO 18.6X18 CM,,10990,Casa Ideas,27-02-2026,18.6X18,CERAMICA,1,0
2110,PLATO MACETA DE CERAMICA DIAMETRO 18 CM,,4990,Casa Ideas,27-02-2026,18CM,CERAMICA,1,0
2111,PLATO MACETA DE CERAMICA DIAMETRO 18 CM,,3490,Casa Ideas,27-02-2026,18CM,CERAMICA,1,0
2112,MACETA DOS TONOS CON CACTUS 8X13 CM,,4290,Casa Ideas,27-02-2026,8X13,DESCONOCIDO,1,0
2113,MACETA DOS TONOS CON CACTUS 8X13 CM,,3290,Casa Ideas,27-02-2026,8X13,DESCONOCIDO,1,0
2114,MACETA DOS TONOS CON CACTUS 8X13 CM,,3290,Casa Ideas,27-02-2026,8X13,DESCONOCIDO,1,0
2115,PLATO MACETA DE CERAMICA DIAMETRO 14 CM,,3990,Casa Ideas,27-02-2026,14CM,CERAMICA,1,0
2116,PLATO MACETA DE CERAMICA DIAMETRO 14 CM,,2390,Casa Ideas,27-02-2026,14CM,CERAMICA,1,0
2117,MACETA DE CERAMICA CON PATAS 15X10 CM,,5990,Casa Ideas,27-02-2026,15X10,CERAMICA,1,0
2118,MACETA DE CERAMICA CON PATAS 15X10 CM,,5990,Casa Ideas,27-02-2026,15X10,CERAMICA,1,0
2119,MACETA DE CERAMICA CON TEXTURA 14X12.4 CM,,4990,Casa Ideas,27-02-2026,14X12.4,CERAMICA,1,0
2120,MACETA DE CERAMICA CON TEXTURA 19.8X8.7 CM,,8990,Casa Ideas,27-02-2026,19.8X8.7,CERAMICA,1,0
2121,MACETA DE CERAMICA CON TEXTURA 19.7X17.5 CM,,12990,Casa Ideas,27-02-2026,19.7X17.5,CERAMICA,1,0
2122,MACETA DE CERAMICA CON TEXTURA 15.7X7 CM,,4990,Casa Ideas,27-02-2026,15.7X7,CERAMICA,1,0
2123,MACETA DE CERAMICA CON TEXTURA 15.7X7 CM,,4990,Casa Ideas,27-02-2026,15.7X7,CERAMICA,1,0
2124,BASE PARA MACETA CON RUEDAS DIAMETRO 30X7 CM,,9990,Casa Ideas,27-02-2026,30X7,DESCONOCIDO,1,0
2125,"MACETA DE VIDRIO CON CACTUS DIAMETRO 6,9X7,9 CM",,3890,Casa Ideas,27-02-2026,"6,9X7,9",VIDRIO,1,0
2126,"MACETA DE VIDRIO CON CACTUS DIAMETRO 6,9X7,9 CM",,3890,Casa Ideas,27-02-2026,"6,9X7,9",VIDRIO,1,0
2127,"MACETA DE VIDRIO CON CACTUS DIAMETRO 6,9X7,9 CM",,3890,Casa Ideas,27-02-2026,"6,9X7,9",VIDRIO,1,0
2128,"MACETA DE VIDRIO CON CACTUS DIAMETRO 6,9X7,9 CM",,3890,Casa Ideas,27-02-2026,"6,9X7,9",VIDRIO,1,0
2129,"MACETA DE VIDRIO CON CACTUS DIAMETRO 6,9X7,9 CM",,3890,Casa Ideas,27-02-2026,"6,9X7,9",VIDRIO,1,0
2130,"MACETA DE CERAMICA CON DISENO DIAMETRO 14X12,5 CM",,4890,Casa Ideas,27-02-2026,"14X12,5",CERAMICA,1,0
2131,MACETA DE CERAMICA CON DISENO Y PATAS 13 CM,,4990,Casa Ideas,27-02-2026,13CM,CERAMICA,1,0
2132,MACETA DE CERAMICA CON DISENO Y PATAS 16 CM,,7990,Casa Ideas,27-02-2026,16CM,CERAMICA,1,0
2133,MACETA COLGANTE DE FIBRA DE BAMBU 30.2X30.2X13 CM,,10990,Casa Ideas,27-02-2026,30.2X30.2X13,NATURAL,1,0
2134,MACETA DE CERAMICA CON BASE DE BAMBU 21X17 CM,,16990,Casa Ideas,27-02-2026,21X17,NATURAL,1,0
2135,MACETA DE FIBRA DE BAMBU CON PATAS 9.5X9.8 CM,,2990,Casa Ideas,27-02-2026,9.5X9.8,NATURAL,1,0
2136,MACETA DE FIBRA DE BAMBU CON PATAS 9.5X9.8 CM,,2990,Casa Ideas,27-02-2026,9.5X9.8,NATURAL,1,0
2137,MACETA DE FIBRA DE BAMBU CON PATAS 9.5X9.8 CM,,2990,Casa Ideas,27-02-2026,9.5X9.8,NATURAL,1,0
2138,MACETA DE CERAMICA CON BASE DE BAMBU 14X12 CM,,7990,Casa Ideas,27-02-2026,14X12,NATURAL,1,0
2139,MACETA DE CERAMICA CON BASE DE BAMBU 21X17 CM,,16990,Casa Ideas,27-02-2026,21X17,NATURAL,1,0
2140,MACETA DE CERAMICA CON BASE DE BAMBU 27X21 CM,,26990,Casa Ideas,27-02-2026,27X21,NATURAL,1,0
2141,PLATO PARA MACETERO CON FORMA DE FLOR 14 CM,,3990,Casa Ideas,27-02-2026,14CM,DESCONOCIDO,1,0
2142,PLATO PARA MACETERO CON FORMA DE FLOR 18 CM,,4990,Casa Ideas,27-02-2026,18CM,DESCONOCIDO,1,0
2143,PLATO PARA MACETERO CON FORMA DE FLOR 24 CM,,6990,Casa Ideas,27-02-2026,24CM,DESCONOCIDO,1,0
2144,JARDINERA PLASTICA PARA BALCON 59X36X25 CM,,6290,Casa Ideas,27-02-2026,59X36X25,PLASTICO,1,0
2145,ADORNO DE CERAMICA ANIMAL,,2390,Casa Ideas,27-02-2026,SIN MEDIDAS,CERAMICA,1,0
2146,TERRARIO DE VIDRIO CON CACTUS 122X12 CM,,6290,Casa Ideas,27-02-2026,122X12,VIDRIO,1,0
2147,TERRARIO DE VIDRIO CON CACTUS 122X12 CM,,6290,Casa Ideas,27-02-2026,122X12,VIDRIO,1,0
2148,RAMO TELA MIXTO,,5790,Casa Ideas,27-02-2026,SIN MEDIDAS,DESCONOCIDO,1,0
2149,RAMO TELA MIXTO,,5790,Casa Ideas,27-02-2026,SIN MEDIDAS,DESCONOCIDO,1,0
2150,RAMO TELA MIXTO,,5790,Casa Ideas,27-02-2026,SIN MEDIDAS,DESCONOCIDO,1,0
2151,RAMO TELA MIXTO,,5790,Casa Ideas,27-02-2026,SIN MEDIDAS,DESCONOCIDO,1,0
2152,SET DE ADORNO NATURAL L,,7490,Casa Ideas,27-02-2026,L,DESCONOCIDO,1,0
2153,PIEDRAS DECORATIVAS DE VIDRIO,,890,Casa Ideas,27-02-2026,SIN MEDIDAS,VIDRIO,1,0
2154,RAMO SECO DE SETARIA ROJA,,4790,Casa Ideas,27-02-2026,SIN MEDIDAS,DESCONOCIDO,1,0
2155,FLORERO OVAL 13X18 CM,,6290,Casa Ideas,27-02-2026,13X18,DESCONOCIDO,1,0
2156,FLORERO BAJO DE VIDRIO DIAMETRO 19X17 CM,,8490,Casa Ideas,27-02-2026,19X17,VIDRIO,1,0
2157,FLORERO CONICO VIDRIO 15X15X25 CM,,8490,Casa Ideas,27-02-2026,15X15X25,VIDRIO,1,0
2158,TERRARIO DE VIDRIO CON CACTUS 13X12 CM,,6290,Casa Ideas,27-02-2026,13X12,VIDRIO,1,0
2159,"FLORERO LARGO DE VIDRIO DIAMETRO 8,5X25 CM",,5290,Casa Ideas,27-02-2026,"8,5X25",VIDRIO,1,0
2160,MACETERO 46CM GRAFIATO CONICO KD9952,SAN MARINO,12900,Paris,27-02-2026,46CM,DESCONOCIDO,1,0
2161,MACETERO 60CM GRAFIATO CONICO KD9953,SAN MARINO,18900,Paris,27-02-2026,60CM,DESCONOCIDO,1,0
2162,MACETERO COBA 25X19 CM,MACETEROS RAYUN,24990,Paris,27-02-2026,25X19,DESCONOCIDO,1,0
2163,MACETERO CEMENTO CILINDRO L,DECOGREEN,19990,Paris,27-02-2026,L,CEMENTICIO,1,0
2164,MACETERO COBA 52X45 CM XL,MACETEROS RAYUN,69990,Paris,27-02-2026,52X45,DESCONOCIDO,1,0
2165,MACETERO MACETA DE CERAMICA BLANCO TEXTURA ACANALADA,FLIPEREX,5990,Paris,27-02-2026,SIN MEDIDAS,CERAMICA,1,0
2166,MACETERO 14 CM CAPRI BLANCO OUTZEN,OUTZEN,1490,Paris,27-02-2026,14CM,DESCONOCIDO,1,0
2167,MACETERO FLORIDIS AMSTERDAM NEGRO 44CM DE ALTO,FLORIDIS,34990,Paris,27-02-2026,44CM,DESCONOCIDO,1,0
2168,MACETERO ROTOMOLDEADO MUNA53 GRAFITO MATE (53CMX55CM),POTTERY,69990,Paris,27-02-2026,53CM,DESCONOCIDO,1,0
2169,MACETERO PLASTICO DISENO EFECTO BARRIL DE MADERA MACETA S,FLIPEREX,11990,Paris,27-02-2026,S,PLASTICO,1,0
2170,MACETERO AZUL S,SARAH MILLER,13990,Paris,27-02-2026,S,DESCONOCIDO,1,0
2171,MACETERO MACETA DISENO RAYAS ENVEJECIDO DE PLASTICO BLANCO L,FLIPEREX,19900,Paris,27-02-2026,L,PLASTICO,1,0
2172,MACETERO FLORIDIS ZURIQUE BEIGE 34CM CON PLATO,FLORIDIS,16990,Paris,27-02-2026,34CM,DESCONOCIDO,1,0
2173,PORTA MACETERO PEDESTAL MACETA PLANTAS BLANCO DORADO,FLIPEREX,24990,Paris,27-02-2026,SIN MEDIDAS,DESCONOCIDO,1,0
2174,MACETA DECORATIVA BELICE PEQUENA SOPORTE,MALLORCA,10990,Paris,27-02-2026,SIN MEDIDAS,DESCONOCIDO,1,0
2175,MACETERO COLOR CEMENTO NATURAL RAY 30X40 CM,MACETEROS RAYUN,37990,Paris,27-02-2026,30X40,CEMENTICIO,1,0
2176,MACETERO DE METAL CANASTO CON DISENOS MACETA BALDE 20X12CM N,DECODECO,5990,Paris,27-02-2026,20X12,METAL,1,0
2177,MACETERO PAJARITO,BRIC,17990,Paris,27-02-2026,SIN MEDIDAS,DESCONOCIDO,1,0
2178,MACETERO COLGANTE METALICO FLORES NEGRO,BRIC,21988,Paris,27-02-2026,SIN MEDIDAS,METAL,1,0
2179,MACETERO ROTOMOLDEADO BEE27 CREMA (27CMX33CM),POTTERY,16990,Paris,27-02-2026,27CM,DESCONOCIDO,1,0
2180,MACETERO DESERT 44X44 CM XL,MACETEROS RAYUN,69990,Paris,27-02-2026,44X44,DESCONOCIDO,1,0
2181,MACETERO FLORIDIS AMSTERDAM 65CM DE ALTO,FLORIDIS,45990,Paris,27-02-2026,65CM,DESCONOCIDO,1,0
2182,MACETERO BANDEJA METALICO,BRIC,49990,Paris,27-02-2026,SIN MEDIDAS,METAL,1,0
2183,MACETERO BICICLETA,BRIC,21990,Paris,27-02-2026,SIN MEDIDAS,DESCONOCIDO,1,0
2184,MACETERO 16 CM CAPRI TAUPE,OUTZEN,1990,Paris,27-02-2026,16CM,DESCONOCIDO,1,0
2185,MACETERO PLASTICO DISENO EFECTO BARRIL DE MADERA MACETA L,FLIPEREX,16990,Paris,27-02-2026,L,PLASTICO,1,0
2186,MACETERO DE CERAMICA PLANTA ARTIFICIAL MODERNO ROSTRO GRIEGO B,DECODECO,10990,Paris,27-02-2026,SIN MEDIDAS,CERAMICA,1,0
2187,MACETERO MACETA DE CERAMICA COPON BLANCO BRILLANTE S,FLIPEREX,6990,Paris,27-02-2026,S,CERAMICA,1,0
2188,MACETA CERAMICA MINIMALISTA,COLATERAL,7500,Paris,27-02-2026,SIN MEDIDAS,CERAMICA,1,0
2189,MACETERO DE CERAMICA GRIS MATE TEXTURA ACANALADA S,FLIPEREX,5990,Paris,27-02-2026,S,CERAMICA,1,0
2190,MACETA MACETERO MOLDE PLASTICO CIRCULAR ESTILO PIEDRA,REYPLAST,16990,Paris,27-02-2026,SIN MEDIDAS,PLASTICO,1,0
2191,MACETA DECORATIVA MALAUI OVALADA,MALLORCA,9990,Paris,27-02-2026,SIN MEDIDAS,DESCONOCIDO,1,0
2192,MACETERO MACETA ACABADO CEMENTO RELIEVE HOJAS GRIS M,FLIPEREX,10990,Paris,27-02-2026,M,CEMENTICIO,1,0
2193,MACETERO NEGRO MATE 25X45 CM,MACETEROS RAYUN,52990,Paris,27-02-2026,25X45,DESCONOCIDO,1,0
2194,SET 2 MACETEROS CON PEDESTAL DORADOS,HOME ESSENTIALS,43990,Paris,27-02-2026,SIN MEDIDAS,DESCONOCIDO,2,1
2195,MACETERO PLASTICO REDONDO OVALADO MODERNO CON TEXTURA M,FLIPEREX,8990,Paris,27-02-2026,M,PLASTICO,1,0
2196,MACETERO CON MENSAJE PARA LAS MAMAS,POTTERY,7990,Paris,27-02-2026,SIN MEDIDAS,DESCONOCIDO,1,0
2197,MACETERO DE CERAMICA BLANCO MATE LINEAS DECORATIVAS MACETA S,FLIPEREX,5990,Paris,27-02-2026,S,CERAMICA,1,0
2198,MACETERO OCTOGONAL DORADO S,DECOGREEN,10990,Paris,27-02-2026,S,DESCONOCIDO,1,0
2199,SET 3 MACETEROS MACETA DE CERAMICA COPON BLANCO BRILLANTE,FLIPEREX,34990,Paris,27-02-2026,SIN MEDIDAS,CERAMICA,3,1
2200,MACETERO - DISENO PERRO,PRINTS PATRO,4990,Paris,27-02-2026,SIN MEDIDAS,DESCONOCIDO,1,0
2201,FLORERO MACETERO PORCELANA + PLANTA ARTIFICIAL,EKOL,14990,Paris,27-02-2026,SIN MEDIDAS,CERAMICA,1,0
2202,MACETERO ENLOZADO BLANCO 17X15 DECOGREEN,DECOGREEN,16990,Paris,27-02-2026,17X15,DESCONOCIDO,1,0
2203,MACETERO ENLOZADO AZUL 17X15 DECOGREEN,DECOGREEN,16990,Paris,27-02-2026,17X15,DESCONOCIDO,1,0
2204,MACETERO DECORATIVO DE GATO AMARILLO,PRINTS PATRO,7990,Paris,27-02-2026,SIN MEDIDAS,DESCONOCIDO,1,0
2205,MACETERO MACETA DE CERAMICA ELEGANTE BLANCO LISO BRILLANTE S,FLIPEREX,5990,Paris,27-02-2026,S,CERAMICA,1,0
2206,MACETERO DE CERAMICA BLANCO MATE LINEAS DECORATIVAS MACETA M,FLIPEREX,9900,Paris,27-02-2026,M,CERAMICA,1,0
2207,MACETA 18 CM CAPRI TAUPE OUTZEN,OUTZEN,2990,Paris,27-02-2026,18CM,DESCONOCIDO,1,0
2208,MACETERO RECTANGULAR L COLOR NEGRO,VADELL HOME,89990,Paris,27-02-2026,L,DESCONOCIDO,1,0
2209,MACETERO REDONDO XL COLOR NEGRO,VADELL HOME,119990,Paris,27-02-2026,XL,DESCONOCIDO,1,0
2210,MACETERO FLORIDIS ZURIQUE CAFE 34CM CON PLATO,FLORIDIS,16990,Paris,27-02-2026,34CM,DESCONOCIDO,1,0
2211,MACETERO ROTOMOLDEADO MUNA53 ARENA (53CMX55CM),POTTERY,69988,Paris,27-02-2026,53CM,DESCONOCIDO,1,0
2212,MACETERO ENLOZADO AZUL 20X18 DECOGREEN,DECOGREEN,19990,Paris,27-02-2026,20X18,DESCONOCIDO,1,0
2213,MACETERO GRANDE CIRCOLARE 26 CREMA,POTTERY,24990,Paris,27-02-2026,SIN MEDIDAS,DESCONOCIDO,1,0
2214,MACETERO MACETA DE CERAMICA COPON BLANCO BRILLANTE M,FLIPEREX,11990,Paris,27-02-2026,M,CERAMICA,1,0
2215,MACETERO PEDESTAL MADERA,DECOGREEN,42990,Paris,27-02-2026,SIN MEDIDAS,NATURAL,1,0
2216,MACETERO FLORIDIS AMSTERDAM 65CM DE ALTO,FLORIDIS,45990,Paris,27-02-2026,65CM,DESCONOCIDO,1,0
2217,MACETERO FLORIDIS AMSTERDAM GRIS CLARO 28CM DE ALTO,FLORIDIS,28990,Paris,27-02-2026,28CM,DESCONOCIDO,1,0
2218,MACETERO MACETA DE CERAMICA ELEGANTE BLANCO LISO BRILLANTE M,FLIPEREX,9900,Paris,27-02-2026,M,CERAMICA,1,0
2219,MACETERO MACETA DE CERAMICA COPON BLANCO BRILLANTE L,FLIPEREX,18990,Paris,27-02-2026,L,CERAMICA,1,0
2220,MACETA MACETERO MOLDE PLASTICO CIRCULAR ESTILO PIEDRA,REYPLAST,16990,Paris,27-02-2026,SIN MEDIDAS,PLASTICO,1,0
2221,MACETA DECORATIVA MALAUI OVALADA,MALLORCA,9990,Paris,27-02-2026,SIN MEDIDAS,DESCONOCIDO,1,0
2222,MACETERO MACETA ACABADO CEMENTO RELIEVE HOJAS GRIS M,FLIPEREX,10990,Paris,27-02-2026,M,CEMENTICIO,1,0
2223,MACETERO NEGRO MATE 25X45 CM,MACETEROS RAYUN,52990,Paris,27-02-2026,25X45,DESCONOCIDO,1,0
2224,SET 2 MACETEROS CON PEDESTAL DORADOS,HOME ESSENTIALS,43990,Paris,27-02-2026,SIN MEDIDAS,DESCONOCIDO,2,1
2225,MACETERO PLASTICO REDONDO OVALADO MODERNO CON TEXTURA M,FLIPEREX,8990,Paris,27-02-2026,M,PLASTICO,1,0
2226,MACETERO CON MENSAJE PARA LAS MAMAS,POTTERY,7990,Paris,27-02-2026,SIN MEDIDAS,DESCONOCIDO,1,0
2227,MACETERO DE CERAMICA BLANCO MATE LINEAS DECORATIVAS MACETA S,FLIPEREX,5990,Paris,27-02-2026,S,CERAMICA,1,0
2228,MACETERO OCTOGONAL DORADO S,DECOGREEN,10990,Paris,27-02-2026,S,DESCONOCIDO,1,0
2229,SET 3 MACETEROS MACETA DE CERAMICA COPON BLANCO BRILLANTE,FLIPEREX,34990,Paris,27-02-2026,SIN MEDIDAS,CERAMICA,3,1
2230,MACETERO - DISENO PERRO,PRINTS PATRO,4990,Paris,27-02-2026,SIN MEDIDAS,DESCONOCIDO,1,0
2231,FLORERO MACETERO PORCELANA + PLANTA ARTIFICIAL,EKOL,14990,Paris,27-02-2026,SIN MEDIDAS,CERAMICA,1,0
2232,MACETERO ENLOZADO BLANCO 17X15 DECOGREEN,DECOGREEN,16990,Paris,27-02-2026,17X15,DESCONOCIDO,1,0
2233,MACETERO ENLOZADO AZUL 17X15 DECOGREEN,DECOGREEN,16990,Paris,27-02-2026,17X15,DESCONOCIDO,1,0
2234,MACETERO DECORATIVO DE GATO AMARILLO,PRINTS PATRO,7990,Paris,27-02-2026,SIN MEDIDAS,DESCONOCIDO,1,0
2235,MACETERO MACETA DE CERAMICA ELEGANTE BLANCO LISO BRILLANTE S,FLIPEREX,5990,Paris,27-02-2026,S,CERAMICA,1,0
2236,MACETERO DE CERAMICA BLANCO MATE LINEAS DECORATIVAS MACETA M,FLIPEREX,9900,Paris,27-02-2026,M,CERAMICA,1,0
2237,MACETA 18 CM CAPRI TAUPE OUTZEN,OUTZEN,2990,Paris,27-02-2026,18CM,DESCONOCIDO,1,0
2238,MACETERO RECTANGULAR L COLOR NEGRO,VADELL HOME,89990,Paris,27-02-2026,L,DESCONOCIDO,1,0
2239,MACETERO REDONDO XL COLOR NEGRO,VADELL HOME,119990,Paris,27-02-2026,XL,DESCONOCIDO,1,0
2240,MACETERO FLORIDIS ZURIQUE CAFE 34CM CON PLATO,FLORIDIS,16990,Paris,27-02-2026,34CM,DESCONOCIDO,1,0
2241,MACETERO ROTOMOLDEADO MUNA53 ARENA (53CMX55CM),POTTERY,69988,Paris,27-02-2026,53CM,DESCONOCIDO,1,0
2242,MACETERO ENLOZADO AZUL 20X18 DECOGREEN,DECOGREEN,19990,Paris,27-02-2026,20X18,DESCONOCIDO,1,0
2243,MACETERO GRANDE CIRCOLARE 26 CREMA,POTTERY,24990,Paris,27-02-2026,SIN MEDIDAS,DESCONOCIDO,1,0
2244,MACETERO MACETA DE CERAMICA COPON BLANCO BRILLANTE M,FLIPEREX,11990,Paris,27-02-2026,M,CERAMICA,1,0
2245,MACETERO PEDESTAL MADERA,DECOGREEN,42990,Paris,27-02-2026,SIN MEDIDAS,NATURAL,1,0
2246,MACETERO FLORIDIS AMSTERDAM 65CM DE ALTO,FLORIDIS,45990,Paris,27-02-2026,65CM,DESCONOCIDO,1,0
2247,MACETERO FLORIDIS AMSTERDAM GRIS CLARO 28CM DE ALTO,FLORIDIS,28990,Paris,27-02-2026,28CM,DESCONOCIDO,1,0
2248,MACETERO MACETA DE CERAMICA ELEGANTE BLANCO LISO BRILLANTE M,FLIPEREX,9900,Paris,27-02-2026,M,CERAMICA,1,0
2249,MACETERO MACETA DE CERAMICA COPON BLANCO BRILLANTE L,FLIPEREX,18990,Paris,27-02-2026,L,CERAMICA,1,0
2250,MACETERO DE MADERA TIPO BARRIL PARA JARDIN TERRAZA PLANTA XS,FLIPEREX,5990,Paris,27-02-2026,SIN MEDIDAS,NATURAL,1,0
2251,MACETERO GRANDE SOLARE 38 PERLA,POTTERY,39990,Paris,27-02-2026,SIN MEDIDAS,DESCONOCIDO,1,0
2252,MACETERO FLORIDIS AMSTERDAM NEGRO 28CM DE ALTO,FLORIDIS,28990,Paris,27-02-2026,28CM,DESCONOCIDO,1,0
2253,PORTA MACETERO PEDESTAL MACETA PLANTAS NEGRO DORADO,FLIPEREX,24990,Paris,27-02-2026,SIN MEDIDAS,DESCONOCIDO,1,0
2254,MACETERO GRANDE GOBI 33 GRIS,POTTERY,26990,Paris,27-02-2026,SIN MEDIDAS,DESCONOCIDO,1,0
2255,MACETA DECORATIVA LAUSANNA,MALLORCA,10990,Paris,27-02-2026,SIN MEDIDAS,DESCONOCIDO,1,0
2256,PORTAMACETERO MOISES,BOHEMIK,22350,Paris,27-02-2026,SIN MEDIDAS,DESCONOCIDO,1,0
2257,MACETERO FLORIDIS FLORENCIA NEGRO 32CM CON PLATO,FLORIDIS,29990,Paris,27-02-2026,32CM,DESCONOCIDO,1,0
2258,MACETERO DE CERAMICA BLANCO MATE LINEAS DECORATIVAS MACETA L,FLIPEREX,16990,Paris,27-02-2026,L,CERAMICA,1,0
2259,MACETERO HUAQUEN GRIS XL,AMOBLÉ,199900,Paris,27-02-2026,XL,DESCONOCIDO,1,0
2260,MACETERO TERRACOTA CILIND L,DECOGREEN,19990,Paris,27-02-2026,L,DESCONOCIDO,1,0
2261,MACETA COLGANTE MACETERO COLGANTE DE RESINA CANASTO REDONDO V,DECODECO,10990,Paris,27-02-2026,SIN MEDIDAS,DESCONOCIDO,1,0
2262,MACETERO PLASTICO SEMI ESFERA PREMIUM DISENO A RAYAS M,FLIPEREX,19900,Paris,27-02-2026,M,PLASTICO,1,0
2263,MACETERO CESTO MACETA DE YUTE TEJIDA RUSTICA CON ASAS M,FLIPEREX,12990,Paris,27-02-2026,M,DESCONOCIDO,1,0
2264,PEDESTAL PORTA MACETAS METALICO 2 NIVELES COLOR DORADO ENVEJECIDO.,DECOBAZAR,16990,Paris,27-02-2026,SIN MEDIDAS,METAL,1,0
2265,MACETERO DECORATIVO DE CERAMICA,CREA TALLER,10990,Paris,27-02-2026,SIN MEDIDAS,CERAMICA,1,0
2266,MACETERO FLORIDIS ZURIQUE NEGRO 34CM CON PLATO,FLORIDIS,35990,Paris,27-02-2026,34CM,DESCONOCIDO,1,0
2267,SET 2 PLANTAS ARTIFICIALES DECORATIVAS MACETERO BICOLOR JHN,RONDON,27990,Paris,27-02-2026,SIN MEDIDAS,DESCONOCIDO,2,1
2268,MACETERO GRANDE SAHARA 33 GRIS,POTTERY,29990,Paris,27-02-2026,SIN MEDIDAS,DESCONOCIDO,1,0
2269,MACETERO JARDINERA CON PLATO,BRIC,14990,Paris,27-02-2026,SIN MEDIDAS,DESCONOCIDO,1,0
2270,MACETERO REDONDO ESTILO PIEDRA,BRIC,19990,Paris,27-02-2026,SIN MEDIDAS,DESCONOCIDO,1,0
2271,MACETERO DE METAL CANASTO MACETA BALDE DISENO JARDIN 18X15CM A,DECODECO,7490,Paris,27-02-2026,18X15,METAL,1,0
2272,MACETERO CESTO CANASTO MACETA DE MIMBRE TEJIDA PLEGABLE 35CM B,DECODECO,15990,Paris,27-02-2026,35CM,DESCONOCIDO,1,0
2273,MACETERO DE METAL CANASTO CON DISENOS MACETA BALDE METAL B,DECODECO,7490,Paris,27-02-2026,SIN MEDIDAS,METAL,1,0
2274,MACETA DECORATIVA GABON MEDIANA,MALLORCA,12490,Paris,27-02-2026,SIN MEDIDAS,DESCONOCIDO,1,0
2275,MACETERO DANES M NEGRO (PORTA MACETERO DE CERAMICA),PLANTME,21990,Paris,27-02-2026,M,CERAMICA,1,0
2276,MACETA COLGANTE MACETERO COLGANTE DE PAJA CESTA PEQUENO,DECODECO,7990,Paris,27-02-2026,SIN MEDIDAS,DESCONOCIDO,1,0
2277,MACETERO,BRIC,17990,Paris,27-02-2026,SIN MEDIDAS,DESCONOCIDO,1,0
2278,MACETERO DE COLGAR,BRIC,18990,Paris,27-02-2026,SIN MEDIDAS,DESCONOCIDO,1,0
2279,MACETERO DE BAMBU,BRIC,6990,Paris,27-02-2026,SIN MEDIDAS,NATURAL,1,0
2280,MACETERO DE MADERA TIPO BARRIL PARA JARDIN TERRAZA PLANTA XS,FLIPEREX,5990,Paris,27-02-2026,SIN MEDIDAS,NATURAL,1,0
2281,MACETERO GRANDE SOLARE 38 PERLA,POTTERY,39990,Paris,27-02-2026,SIN MEDIDAS,DESCONOCIDO,1,0
2282,MACETERO FLORIDIS AMSTERDAM NEGRO 28CM DE ALTO,FLORIDIS,28990,Paris,27-02-2026,28CM,DESCONOCIDO,1,0
2283,PORTA MACETERO PEDESTAL MACETA PLANTAS NEGRO DORADO,FLIPEREX,24990,Paris,27-02-2026,SIN MEDIDAS,DESCONOCIDO,1,0
2284,MACETERO GRANDE GOBI 33 GRIS,POTTERY,26990,Paris,27-02-2026,SIN MEDIDAS,DESCONOCIDO,1,0
2285,MACETA DECORATIVA LAUSANNA,MALLORCA,10990,Paris,27-02-2026,SIN MEDIDAS,DESCONOCIDO,1,0
2286,PORTAMACETERO MOISES,BOHEMIK,22350,Paris,27-02-2026,SIN MEDIDAS,DESCONOCIDO,1,0
2287,MACETERO FLORIDIS FLORENCIA NEGRO 32CM CON PLATO,FLORIDIS,29990,Paris,27-02-2026,32CM,DESCONOCIDO,1,0
2288,MACETERO DE CERAMICA BLANCO MATE LINEAS DECORATIVAS MACETA L,FLIPEREX,16990,Paris,27-02-2026,L,CERAMICA,1,0
2289,MACETERO HUAQUEN GRIS XL,AMOBLÉ,199900,Paris,27-02-2026,XL,DESCONOCIDO,1,0
2290,MACETERO TERRACOTA CILIND L,DECOGREEN,19990,Paris,27-02-2026,L,DESCONOCIDO,1,0
2291,MACETA COLGANTE MACETERO COLGANTE DE RESINA CANASTO REDONDO V,DECODECO,10990,Paris,27-02-2026,SIN MEDIDAS,DESCONOCIDO,1,0
2292,MACETERO PLASTICO SEMI ESFERA PREMIUM DISENO A RAYAS M,FLIPEREX,19900,Paris,27-02-2026,M,PLASTICO,1,0
2293,MACETERO CESTO MACETA DE YUTE TEJIDA RUSTICA CON ASAS M,FLIPEREX,12990,Paris,27-02-2026,M,DESCONOCIDO,1,0
2294,PEDESTAL PORTA MACETAS METALICO 2 NIVELES COLOR DORADO ENVEJECIDO.,DECOBAZAR,16990,Paris,27-02-2026,SIN MEDIDAS,METAL,1,0
2295,MACETERO DECORATIVO DE CERAMICA,CREA TALLER,10990,Paris,27-02-2026,SIN MEDIDAS,CERAMICA,1,0
2296,MACETERO FLORIDIS ZURIQUE NEGRO 34CM CON PLATO,FLORIDIS,35990,Paris,27-02-2026,34CM,DESCONOCIDO,1,0
2297,SET 2 PLANTAS ARTIFICIALES DECORATIVAS MACETERO BICOLOR JHN,RONDON,27990,Paris,27-02-2026,SIN MEDIDAS,DESCONOCIDO,2,1
2298,MACETERO GRANDE SAHARA 33 GRIS,POTTERY,29990,Paris,27-02-2026,SIN MEDIDAS,DESCONOCIDO,1,0
2299,MACETERO JARDINERA CON PLATO,BRIC,14990,Paris,27-02-2026,SIN MEDIDAS,DESCONOCIDO,1,0
2300,MACETERO REDONDO ESTILO PIEDRA,BRIC,19990,Paris,27-02-2026,SIN MEDIDAS,DESCONOCIDO,1,0
2301,MACETERO DE METAL CANASTO MACETA BALDE DISENO JARDIN 18X15CM A,DECODECO,7490,Paris,27-02-2026,18X15,METAL,1,0
2302,MACETERO CESTO CANASTO MACETA DE MIMBRE TEJIDA PLEGABLE 35CM B,DECODECO,15990,Paris,27-02-2026,35CM,DESCONOCIDO,1,0
2303,MACETERO DE METAL CANASTO CON DISENOS MACETA BALDE METAL B,DECODECO,7490,Paris,27-02-2026,SIN MEDIDAS,METAL,1,0
2304,MACETA DECORATIVA GABON MEDIANA,MALLORCA,12490,Paris,27-02-2026,SIN MEDIDAS,DESCONOCIDO,1,0
2305,MACETERO DANES M NEGRO (PORTA MACETERO DE CERAMICA),PLANTME,21990,Paris,27-02-2026,M,CERAMICA,1,0
2306,MACETA COLGANTE MACETERO COLGANTE DE PAJA CESTA PEQUENO,DECODECO,7990,Paris,27-02-2026,SIN MEDIDAS,DESCONOCIDO,1,0
2307,MACETERO,BRIC,17990,Paris,27-02-2026,SIN MEDIDAS,DESCONOCIDO,1,0
2308,MACETERO DE COLGAR,BRIC,18990,Paris,27-02-2026,SIN MEDIDAS,DESCONOCIDO,1,0
2309,MACETERO DE BAMBU,BRIC,6990,Paris,27-02-2026,SIN MEDIDAS,NATURAL,1,0
2310,MACETERO FLORIDIS AMSTERDAM GRIS CLARO 44CM DE ALTO,FLORIDIS,34990,Paris,27-02-2026,44CM,DESCONOCIDO,1,0
2311,CANASTOS O MACETEROS DE FIBRAS PARA CANASTOS Y ROPA,BRIC,12990,Paris,27-02-2026,SIN MEDIDAS,DESCONOCIDO,1,0
2312,SET 2 MACETEROS TUBULAR DOR,DECOGREEN,21990,Paris,27-02-2026,SIN MEDIDAS,DESCONOCIDO,2,1
2313,MACETERO WHITE MATE 50X43 CM XL,MACETEROS RAYUN,79990,Paris,27-02-2026,50X43,DESCONOCIDO,1,0
2314,MACETERO PLASTICO ALARGADO PREMIUM BASE CIRCULAR CONICA,FLIPEREX,34990,Paris,27-02-2026,SIN MEDIDAS,PLASTICO,1,0
2315,SET 3 MACETEROS CEM C S+M+L,DECOGREEN,34990,Paris,27-02-2026,S,DESCONOCIDO,3,1
2316,MACETERO ELEFANTE OUTZEN,OUTZEN,29990,Paris,27-02-2026,SIN MEDIDAS,DESCONOCIDO,1,0
2317,MACETERO DE CEMENTO BLANCO/DORADO 14 CM,HOME ESSENTIALS,9990,Paris,27-02-2026,14CM,CEMENTICIO,1,0
2318,MACETERO CESTO MACETA DE YUTE TEJIDA RUSTICA CON ASAS S,FLIPEREX,9900,Paris,27-02-2026,S,DESCONOCIDO,1,0
2319,MACETERO GRANDE CIRCCA 36 GRAFITO,POTTERY,22990,Paris,27-02-2026,SIN MEDIDAS,DESCONOCIDO,1,0
2320,MACETERO DE MIMBRE PORTA MACETA RUSTICA RATTAN,DECODECO,16990,Paris,27-02-2026,SIN MEDIDAS,DESCONOCIDO,1,0
2321,MACETERO CESTO CANASTO MACETA DE MIMBRE TEJIDA PLEGABLE,DECODECO,13990,Paris,27-02-2026,SIN MEDIDAS,DESCONOCIDO,1,0
2322,MACETERO MODERNO,PRINTS PATRO,11990,Paris,27-02-2026,SIN MEDIDAS,DESCONOCIDO,1,0
2323,SET 2 MACETEROS OCTOGON S+M,DECOGREEN,28990,Paris,27-02-2026,S,DESCONOCIDO,2,1
2324,MACETERO TERRACOTA CILIND M,DECOGREEN,14990,Paris,27-02-2026,M,DESCONOCIDO,1,0
2325,"MACETERO DINAMARCA NEGRO 16, (MACETERO CERAMICA)",PLANTME,18990,Paris,27-02-2026,SIN MEDIDAS,CERAMICA,1,0
2326,"MACETERO DINAMARCA GRIS 16, (MACETERO CERAMICA)",PLANTME,18990,Paris,27-02-2026,SIN MEDIDAS,CERAMICA,1,0
2327,"MACETERO DINAMARCA GRIS 19, (MACETERO CERAMICA)",PLANTME,26990,Paris,27-02-2026,SIN MEDIDAS,CERAMICA,1,0
2328,MACETERO REDONDO,BRIC,31990,Paris,27-02-2026,SIN MEDIDAS,DESCONOCIDO,1,0
2329,MOLDE MACETA MACETERO CIRCULAR PLASTICO RATAN,REYPLAST,13990,Paris,27-02-2026,SIN MEDIDAS,PLASTICO,1,0
2330,SET 2 MACETEROS CEM C M+L,DECOGREEN,29990,Paris,27-02-2026,M,DESCONOCIDO,2,1
2331,"MACETA BIODEGRADABLE CURVO NEGRO C/PLATO 16,5X13",DECOGREEN,5990,Paris,27-02-2026,"16,5X13",DESCONOCIDO,1,0
2332,MACETEROS REDONDOS SET DE 3,BRIC,16990,Paris,27-02-2026,SIN MEDIDAS,DESCONOCIDO,3,1
2333,MACETERO 14 CM CAPRI ANTRACITA OUTZEN,OUTZEN,1490,Paris,27-02-2026,14CM,DESCONOCIDO,1,0
2334,MACETERO ELITE NEGRO CON PEDESTAL NEGRO,KAUTIVA,38900,Paris,27-02-2026,SIN MEDIDAS,DESCONOCIDO,1,0
2335,MACETERO FLORIDIS GENEBRA BLANCO 80CM CON PLATO,FLORIDIS,75990,Paris,27-02-2026,80CM,DESCONOCIDO,1,0
2336,MACETERO FLORIDIS ZURIQUE GRIS CLARO 34CM CON PLATO,FLORIDIS,16990,Paris,27-02-2026,34CM,DESCONOCIDO,1,0
2337,MACETERO DESERT 24X24 CM,MACETEROS RAYUN,21990,Paris,27-02-2026,24X24,DESCONOCIDO,1,0
2338,MACETERO FLORIDIS ZURIQUE GRAFITO 34CM CON PLATO,FLORIDIS,16990,Paris,27-02-2026,34CM,DESCONOCIDO,1,0
2339,MACETERO WHITE MATE 30X26 CM,MACETEROS RAYUN,32990,Paris,27-02-2026,30X26,DESCONOCIDO,1,0
2340,MACETERO FLORIDIS AMSTERDAM GRIS CLARO 44CM DE ALTO,FLORIDIS,34990,Paris,27-02-2026,44CM,DESCONOCIDO,1,0
2341,CANASTOS O MACETEROS DE FIBRAS PARA CANASTOS Y ROPA,BRIC,12990,Paris,27-02-2026,SIN MEDIDAS,DESCONOCIDO,1,0
2342,SET 2 MACETEROS TUBULAR DOR,DECOGREEN,21990,Paris,27-02-2026,SIN MEDIDAS,DESCONOCIDO,2,1
2343,MACETERO WHITE MATE 50X43 CM XL,MACETEROS RAYUN,79990,Paris,27-02-2026,50X43,DESCONOCIDO,1,0
2344,MACETERO PLASTICO ALARGADO PREMIUM BASE CIRCULAR CONICA,FLIPEREX,34990,Paris,27-02-2026,SIN MEDIDAS,PLASTICO,1,0
2345,SET 3 MACETEROS CEM C S+M+L,DECOGREEN,34990,Paris,27-02-2026,S,DESCONOCIDO,3,1
2346,MACETERO ELEFANTE OUTZEN,OUTZEN,29990,Paris,27-02-2026,SIN MEDIDAS,DESCONOCIDO,1,0
2347,MACETERO DE CEMENTO BLANCO/DORADO 14 CM,HOME ESSENTIALS,9990,Paris,27-02-2026,14CM,CEMENTICIO,1,0
2348,MACETERO CESTO MACETA DE YUTE TEJIDA RUSTICA CON ASAS S,FLIPEREX,9900,Paris,27-02-2026,S,DESCONOCIDO,1,0
2349,MACETERO GRANDE CIRCCA 36 GRAFITO,POTTERY,22990,Paris,27-02-2026,SIN MEDIDAS,DESCONOCIDO,1,0
2350,MACETERO DE MIMBRE PORTA MACETA RUSTICA RATTAN,DECODECO,16990,Paris,27-02-2026,SIN MEDIDAS,DESCONOCIDO,1,0
2351,MACETERO CESTO CANASTO MACETA DE MIMBRE TEJIDA PLEGABLE,DECODECO,13990,Paris,27-02-2026,SIN MEDIDAS,DESCONOCIDO,1,0
2352,MACETERO MODERNO,PRINTS PATRO,11990,Paris,27-02-2026,SIN MEDIDAS,DESCONOCIDO,1,0
2353,SET 2 MACETEROS OCTOGON S+M,DECOGREEN,28990,Paris,27-02-2026,S,DESCONOCIDO,2,1
2354,MACETERO TERRACOTA CILIND M,DECOGREEN,14990,Paris,27-02-2026,M,DESCONOCIDO,1,0
2355,"MACETERO DINAMARCA NEGRO 16, (MACETERO CERAMICA)",PLANTME,18990,Paris,27-02-2026,SIN MEDIDAS,CERAMICA,1,0
2356,"MACETERO DINAMARCA GRIS 16, (MACETERO CERAMICA)",PLANTME,18990,Paris,27-02-2026,SIN MEDIDAS,CERAMICA,1,0
2357,"MACETERO DINAMARCA GRIS 19, (MACETERO CERAMICA)",PLANTME,26990,Paris,27-02-2026,SIN MEDIDAS,CERAMICA,1,0
2358,MACETERO REDONDO,BRIC,31990,Paris,27-02-2026,SIN MEDIDAS,DESCONOCIDO,1,0
2359,MOLDE MACETA MACETERO CIRCULAR PLASTICO RATAN,REYPLAST,13990,Paris,27-02-2026,SIN MEDIDAS,PLASTICO,1,0
2360,SET 2 MACETEROS CEM C M+L,DECOGREEN,29990,Paris,27-02-2026,M,DESCONOCIDO,2,1
2361,"MACETA BIODEGRADABLE CURVO NEGRO C/PLATO 16,5X13",DECOGREEN,5990,Paris,27-02-2026,"16,5X13",DESCONOCIDO,1,0
2362,MACETEROS REDONDOS SET DE 3,BRIC,16990,Paris,27-02-2026,SIN MEDIDAS,DESCONOCIDO,3,1
2363,MACETERO 14 CM CAPRI ANTRACITA OUTZEN,OUTZEN,1490,Paris,27-02-2026,14CM,DESCONOCIDO,1,0
2364,MACETERO ELITE NEGRO CON PEDESTAL NEGRO,KAUTIVA,38900,Paris,27-02-2026,SIN MEDIDAS,DESCONOCIDO,1,0
2365,MACETERO FLORIDIS GENEBRA BLANCO 80CM CON PLATO,FLORIDIS,75990,Paris,27-02-2026,80CM,DESCONOCIDO,1,0
2366,MACETERO FLORIDIS ZURIQUE GRIS CLARO 34CM CON PLATO,FLORIDIS,16990,Paris,27-02-2026,34CM,DESCONOCIDO,1,0
2367,MACETERO DESERT 24X24 CM,MACETEROS RAYUN,21990,Paris,27-02-2026,24X24,DESCONOCIDO,1,0
2368,MACETERO FLORIDIS ZURIQUE GRAFITO 34CM CON PLATO,FLORIDIS,16990,Paris,27-02-2026,34CM,DESCONOCIDO,1,0
2369,MACETERO WHITE MATE 30X26 CM,MACETEROS RAYUN,32990,Paris,27-02-2026,30X26,DESCONOCIDO,1,0
2370,MACETERO FLORIDIS AMSTERDAM CAFE 28CM DE ALTO,FLORIDIS,28990,Paris,27-02-2026,28CM,DESCONOCIDO,1,0
2371,MACETERO FLORIDIS AMSTERDAM GRAFITO 45CM CON PLATO,FLORIDIS,45990,Paris,27-02-2026,45CM,DESCONOCIDO,1,0
2372,MACETERO REDONDO COLOR NEGRO,BRIC,21990,Paris,27-02-2026,SIN MEDIDAS,DESCONOCIDO,1,0
2373,MACETERO OCTOGONAL DORADO M,DECOGREEN,19990,Paris,27-02-2026,M,DESCONOCIDO,1,0
2374,SUCULENTAS DE 17 CM CON MACETERO,VADELL,20990,Paris,27-02-2026,17CM,DESCONOCIDO,1,0
2375,SET 3 MACETEROS MACETA DE CERAMICA NEGRO TEXTURA ACANALADA,FLIPEREX,16990,Paris,27-02-2026,SIN MEDIDAS,CERAMICA,3,1
2376,"MACETERO DINAMARCA NEGRO 24, (MACETERO CERAMICA)",PLANTME,34990,Paris,27-02-2026,SIN MEDIDAS,CERAMICA,1,0
2377,MACETERO COLOR CEMENTO NATURAL RAY 40X50 CM,MACETEROS RAYUN,69990,Paris,27-02-2026,40X50,CEMENTICIO,1,0
2378,SET 3 MACETEROS DE MADERA TIPO BARRIL PARA JARDIN TERRAZA,FLIPEREX,18990,Paris,27-02-2026,SIN MEDIDAS,NATURAL,3,1
2379,MACETERO MIMBRE,BRIC,6990,Paris,27-02-2026,SIN MEDIDAS,DESCONOCIDO,1,0
2380,MACETERO PLASTICO ALARGADO PREMIUM BASE CUADRADA CONICA,FLIPEREX,34990,Paris,27-02-2026,SIN MEDIDAS,PLASTICO,1,0
2381,MINI SUCULENTAS DECORATIVAS ARTIFICIALES CON MACETERO 3 UNI.,MOBII,6990,Paris,27-02-2026,SIN MEDIDAS,DESCONOCIDO,1,0
2382,MACETA 15 CM MADAGASCAR ANTRACITA OUTZEN,OUTZEN,1490,Paris,27-02-2026,15CM,DESCONOCIDO,1,0
2383,MACETERO LORET M,AMOBLÉ,34900,Paris,27-02-2026,M,DESCONOCIDO,1,0
2384,MACETERO FLORIDIS AMSTERDAM BEIGE 44CM DE ALTO,FLORIDIS,34990,Paris,27-02-2026,44CM,DESCONOCIDO,1,0
2385,MACETERO DE MADERA PORTA MACETA COLGANTE JARDIN HOGAR,DECODECO,15990,Paris,27-02-2026,SIN MEDIDAS,NATURAL,1,0
2386,MACETERO LAUCA 27 GRIS,FORM DESIGN,29900,Paris,27-02-2026,SIN MEDIDAS,DESCONOCIDO,1,0
2387,MACETERO DE METAL CANASTO CON DISENOS MACETA PARA PLANTAS N,DECODECO,5990,Paris,27-02-2026,SIN MEDIDAS,METAL,1,0
2388,MACETA DECORATIVA OTONO TERRACOTA,MALLORCA,8490,Paris,27-02-2026,SIN MEDIDAS,DESCONOCIDO,1,0
2389,MACETERO COLGANTE,BRIC,14990,Paris,27-02-2026,SIN MEDIDAS,DESCONOCIDO,1,0
2390,MACETERO ROTOMOLDEADO KIRI36 GRIS (36CMX40CM),POTTERY,23990,Paris,27-02-2026,36CM,DESCONOCIDO,1,0
2391,MACETERO TEJIDO PORTA MACETA RUSTICO FIBRA 44X22CM,DECODECO,15490,Paris,27-02-2026,44X22,DESCONOCIDO,1,0
2392,MACETERO CESTO CANASTO MACETA DE MIMBRE PEQUENA 26X18CM,OEM,17990,Paris,27-02-2026,26X18,DESCONOCIDO,1,0
2393,MACETA VASUM 31CM TERRADUO DEROMA,DEROMA,18000,Paris,27-02-2026,31CM,DESCONOCIDO,1,0
2394,"MACETA BIODEGRADABLE CURVO GRIS C/PLATO 16,5X13",DECOGREEN,5990,Paris,27-02-2026,"16,5X13",DESCONOCIDO,1,0
2395,MACETA BIODEGRADABLE OLIMPO GRAFITO 34X26,DECOGREEN,11990,Paris,27-02-2026,34X26,DESCONOCIDO,1,0
2396,"SET 2 MACETA BIODEGRADABLE CURVO BLANCO 16,5X13",DECOGREEN,6990,Paris,27-02-2026,"16,5X13",DESCONOCIDO,2,1
2397,SUCULENTA DECORATIVA MACETA ARTDECO,MALLORCA,11990,Paris,27-02-2026,SIN MEDIDAS,DESCONOCIDO,1,0
2398,MACETERO OCTOGONAL DORADO L,DECOGREEN,25590,Paris,27-02-2026,L,DESCONOCIDO,1,0
2399,PORTA MACETAS SOPORTE ELEVADO MULTIFUNCIONAL MODERNO JHN,RONDON,91990,Paris,27-02-2026,SIN MEDIDAS,DESCONOCIDO,1,0
2400,MACETERO FLORIDIS AMSTERDAM CAFE 28CM DE ALTO,FLORIDIS,28990,Paris,27-02-2026,28CM,DESCONOCIDO,1,0
2401,MACETERO FLORIDIS AMSTERDAM GRAFITO 45CM CON PLATO,FLORIDIS,45990,Paris,27-02-2026,45CM,DESCONOCIDO,1,0
2402,MACETERO REDONDO COLOR NEGRO,BRIC,21990,Paris,27-02-2026,SIN MEDIDAS,DESCONOCIDO,1,0
2403,MACETERO OCTOGONAL DORADO M,DECOGREEN,19990,Paris,27-02-2026,M,DESCONOCIDO,1,0
2404,SUCULENTAS DE 17 CM CON MACETERO,VADELL,20990,Paris,27-02-2026,17CM,DESCONOCIDO,1,0
2405,SET 3 MACETEROS MACETA DE CERAMICA NEGRO TEXTURA ACANALADA,FLIPEREX,16990,Paris,27-02-2026,SIN MEDIDAS,CERAMICA,3,1
2406,"MACETERO DINAMARCA NEGRO 24, (MACETERO CERAMICA)",PLANTME,34990,Paris,27-02-2026,SIN MEDIDAS,CERAMICA,1,0
2407,MACETERO COLOR CEMENTO NATURAL RAY 40X50 CM,MACETEROS RAYUN,69990,Paris,27-02-2026,40X50,CEMENTICIO,1,0
2408,SET 3 MACETEROS DE MADERA TIPO BARRIL PARA JARDIN TERRAZA,FLIPEREX,18990,Paris,27-02-2026,SIN MEDIDAS,NATURAL,3,1
2409,MACETERO MIMBRE,BRIC,6990,Paris,27-02-2026,SIN MEDIDAS,DESCONOCIDO,1,0
2410,MACETERO PLASTICO ALARGADO PREMIUM BASE CUADRADA CONICA,FLIPEREX,34990,Paris,27-02-2026,SIN MEDIDAS,PLASTICO,1,0
2411,MINI SUCULENTAS DECORATIVAS ARTIFICIALES CON MACETERO 3 UNI.,MOBII,6990,Paris,27-02-2026,SIN MEDIDAS,DESCONOCIDO,1,0
2412,MACETA 15 CM MADAGASCAR ANTRACITA OUTZEN,OUTZEN,1490,Paris,27-02-2026,15CM,DESCONOCIDO,1,0
2413,MACETERO LORET M,AMOBLÉ,34900,Paris,27-02-2026,M,DESCONOCIDO,1,0
2414,MACETERO FLORIDIS AMSTERDAM BEIGE 44CM DE ALTO,FLORIDIS,34990,Paris,27-02-2026,44CM,DESCONOCIDO,1,0
2415,MACETERO DE MADERA PORTA MACETA COLGANTE JARDIN HOGAR,DECODECO,15990,Paris,27-02-2026,SIN MEDIDAS,NATURAL,1,0
2416,MACETERO LAUCA 27 GRIS,FORM DESIGN,29900,Paris,27-02-2026,SIN MEDIDAS,DESCONOCIDO,1,0
2417,MACETERO DE METAL CANASTO CON DISENOS MACETA PARA PLANTAS N,DECODECO,5990,Paris,27-02-2026,SIN MEDIDAS,METAL,1,0
2418,MACETA DECORATIVA OTONO TERRACOTA,MALLORCA,8490,Paris,27-02-2026,SIN MEDIDAS,DESCONOCIDO,1,0
2419,MACETERO COLGANTE,BRIC,14990,Paris,27-02-2026,SIN MEDIDAS,DESCONOCIDO,1,0
2420,MACETERO ROTOMOLDEADO KIRI36 GRIS (36CMX40CM),POTTERY,23990,Paris,27-02-2026,36CM,DESCONOCIDO,1,0
2421,MACETERO TEJIDO PORTA MACETA RUSTICO FIBRA 44X22CM,DECODECO,15490,Paris,27-02-2026,44X22,DESCONOCIDO,1,0
2422,MACETERO CESTO CANASTO MACETA DE MIMBRE PEQUENA 26X18CM,OEM,17990,Paris,27-02-2026,26X18,DESCONOCIDO,1,0
2423,MACETA VASUM 31CM TERRADUO DEROMA,DEROMA,18000,Paris,27-02-2026,31CM,DESCONOCIDO,1,0
2424,"MACETA BIODEGRADABLE CURVO GRIS C/PLATO 16,5X13",DECOGREEN,5990,Paris,27-02-2026,"16,5X13",DESCONOCIDO,1,0
2425,MACETA BIODEGRADABLE OLIMPO GRAFITO 34X26,DECOGREEN,11990,Paris,27-02-2026,34X26,DESCONOCIDO,1,0
2426,"SET 2 MACETA BIODEGRADABLE CURVO BLANCO 16,5X13",DECOGREEN,6990,Paris,27-02-2026,"16,5X13",DESCONOCIDO,2,1
2427,SUCULENTA DECORATIVA MACETA ARTDECO,MALLORCA,11990,Paris,27-02-2026,SIN MEDIDAS,DESCONOCIDO,1,0
2428,MACETERO OCTOGONAL DORADO L,DECOGREEN,25590,Paris,27-02-2026,L,DESCONOCIDO,1,0
2429,PORTA MACETAS SOPORTE ELEVADO MULTIFUNCIONAL MODERNO JHN,RONDON,91990,Paris,27-02-2026,SIN MEDIDAS,DESCONOCIDO,1,0
2430,PLANTA ARTIFICIAL CON MACETERO 45 CM RUBBER OUTZEN,OUTZEN,4990,Paris,27-02-2026,45CM,DESCONOCIDO,1,0
2431,MACETERO LLAVE,BRIC,24990,Paris,27-02-2026,SIN MEDIDAS,DESCONOCIDO,1,0
2432,CACTUS DECORATIVO COREL ECHEVERRIA VERDE 14CM (SIN MACETERO),COREL,3000,Paris,27-02-2026,14CM,DESCONOCIDO,1,0
2433,"MACETERO AUTO RIEGO BEIGE 1,6 LITROS",OU,10990,Paris,27-02-2026,"1,6L",DESCONOCIDO,1,0
2434,MACETERO ENLOZADO OLIVA 17X15 DECOGREEN,DECOGREEN,16990,Paris,27-02-2026,17X15,DESCONOCIDO,1,0
2435,MACETERO FLORIDIS GENEBRA CAFE 80CM CON PLATO,FLORIDIS,75990,Paris,27-02-2026,80CM,DESCONOCIDO,1,0
2436,MACETERO ENLOZADO BLANCO 14X12 DECOGREEN,DECOGREEN,13990,Paris,27-02-2026,14X12,DESCONOCIDO,1,0
2437,MACETERO REDONDO 19 CM,BRIC,14990,Paris,27-02-2026,19CM,DESCONOCIDO,1,0
2438,SET 2 MACETERO PEDESTAL MADERA RUSTICO PORTA MACETERO BLANCO,FLIPEREX,29990,Paris,27-02-2026,SIN MEDIDAS,NATURAL,2,1
2439,MACETERO METAL REDONDO,BRIC,7990,Paris,27-02-2026,SIN MEDIDAS,METAL,1,0
2440,MACETERO MACETA ACABADO CEMENTO RELIEVE HOJAS BLANCO L,FLIPEREX,14990,Paris,27-02-2026,L,CEMENTICIO,1,0
2441,MACETERO MACETA DE CERAMICA NEGRO TEXTURA ACANALADA,FLIPEREX,5990,Paris,27-02-2026,SIN MEDIDAS,CERAMICA,1,0
2442,MACETERO METAL GRIS,BRIC,6990,Paris,27-02-2026,SIN MEDIDAS,METAL,1,0
2443,MACETERO FLORIDIS AMSTERDAM GRAFITO 44CM DE ALTO,FLORIDIS,34990,Paris,27-02-2026,44CM,DESCONOCIDO,1,0
2444,MACETERO MACETA DE CERAMICA ELEGANTE NEGRO LISO BRILLANTE M,FLIPEREX,12990,Paris,27-02-2026,M,CERAMICA,1,0
2445,MACETA COLGANTE MACETERO COLGANTE DE PAJA CESTA GRANDE,DECODECO,10990,Paris,27-02-2026,SIN MEDIDAS,DESCONOCIDO,1,0
2446,PORTA MACETA MACETERO METAL COLGANTE DORADO DISENO NORDICO,REGALITOLINDO,19990,Paris,27-02-2026,SIN MEDIDAS,METAL,1,0
2447,MACETERO GRANDE SAHARA 33 NEGRO,POTTERY,29990,Paris,27-02-2026,SIN MEDIDAS,DESCONOCIDO,1,0
2448,MACETERO COLGANTE METAL,BRIC,19990,Paris,27-02-2026,SIN MEDIDAS,METAL,1,0
2449,MACETERO DE VIDRIO CON PLATO,BRIC,8990,Paris,27-02-2026,SIN MEDIDAS,VIDRIO,1,0
2450,MACETERO GRANDE JAVI 36 NEGRO,POTTERY,39990,Paris,27-02-2026,SIN MEDIDAS,DESCONOCIDO,1,0
2451,MACETERO PLASTICO REDONDO OVALADO MODERNO CON TEXTURA S,FLIPEREX,9900,Paris,27-02-2026,S,PLASTICO,1,0
2452,MACETERO LUXOR 36X34 CM,MACETEROS RAYUN,32990,Paris,27-02-2026,36X34,DESCONOCIDO,1,0
2453,MACETERO PLASTICO SEMI ESFERA PREMIUM DISENO A RAYAS S,FLIPEREX,16990,Paris,27-02-2026,S,PLASTICO,1,0
2454,SET 2 PORTA MACETERO PEDESTAL MACETA PLANTAS NEGRO DORADO,FLIPEREX,49990,Paris,27-02-2026,SIN MEDIDAS,DESCONOCIDO,2,1
2455,SET 2 MACETEROS ENLOZADOS BLANCOS 17X15 Y 20X18,DECOGREEN,34990,Paris,27-02-2026,17X15,DESCONOCIDO,2,1
2456,MACETERO REDONDO L COLOR CREMA,VADELL HOME,89990,Paris,27-02-2026,L,DESCONOCIDO,1,0
2457,"MACETA LUNA BAJA 26CM, TERRACOTA",DEROMA,16990,Paris,27-02-2026,26CM,DESCONOCIDO,1,0
2458,SUCULENTAS 20 CM CON MACETERO RECTANGULAR,VADELL,19990,Paris,27-02-2026,20CM,DESCONOCIDO,1,0
2459,SET 2 MACETERO MACETA DE CERAMICA CON FORMA DE SETA GRIS,FLIPEREX,15990,Paris,27-02-2026,SIN MEDIDAS,CERAMICA,2,1
2460,PLANTA ARTIFICIAL CON MACETERO 45 CM RUBBER OUTZEN,OUTZEN,4990,Paris,27-02-2026,45CM,DESCONOCIDO,1,0
2461,MACETERO LLAVE,BRIC,24990,Paris,27-02-2026,SIN MEDIDAS,DESCONOCIDO,1,0
2462,CACTUS DECORATIVO COREL ECHEVERRIA VERDE 14CM (SIN MACETERO),COREL,3000,Paris,27-02-2026,14CM,DESCONOCIDO,1,0
2463,"MACETERO AUTO RIEGO BEIGE 1,6 LITROS",OU,10990,Paris,27-02-2026,"1,6L",DESCONOCIDO,1,0
2464,MACETERO ENLOZADO OLIVA 17X15 DECOGREEN,DECOGREEN,16990,Paris,27-02-2026,17X15,DESCONOCIDO,1,0
2465,MACETERO FLORIDIS GENEBRA CAFE 80CM CON PLATO,FLORIDIS,75990,Paris,27-02-2026,80CM,DESCONOCIDO,1,0
2466,MACETERO ENLOZADO BLANCO 14X12 DECOGREEN,DECOGREEN,13990,Paris,27-02-2026,14X12,DESCONOCIDO,1,0
2467,MACETERO REDONDO 19 CM,BRIC,14990,Paris,27-02-2026,19CM,DESCONOCIDO,1,0
2468,SET 2 MACETERO PEDESTAL MADERA RUSTICO PORTA MACETERO BLANCO,FLIPEREX,29990,Paris,27-02-2026,SIN MEDIDAS,NATURAL,2,1
2469,MACETERO METAL REDONDO,BRIC,7990,Paris,27-02-2026,SIN MEDIDAS,METAL,1,0
2470,MACETERO MACETA ACABADO CEMENTO RELIEVE HOJAS BLANCO L,FLIPEREX,14990,Paris,27-02-2026,L,CEMENTICIO,1,0
2471,MACETERO MACETA DE CERAMICA NEGRO TEXTURA ACANALADA,FLIPEREX,5990,Paris,27-02-2026,SIN MEDIDAS,CERAMICA,1,0
2472,MACETERO METAL GRIS,BRIC,6990,Paris,27-02-2026,SIN MEDIDAS,METAL,1,0
2473,MACETERO FLORIDIS AMSTERDAM GRAFITO 44CM DE ALTO,FLORIDIS,34990,Paris,27-02-2026,44CM,DESCONOCIDO,1,0
2474,MACETERO MACETA DE CERAMICA ELEGANTE NEGRO LISO BRILLANTE M,FLIPEREX,12990,Paris,27-02-2026,M,CERAMICA,1,0
2475,MACETA COLGANTE MACETERO COLGANTE DE PAJA CESTA GRANDE,DECODECO,10990,Paris,27-02-2026,SIN MEDIDAS,DESCONOCIDO,1,0
2476,PORTA MACETA MACETERO METAL COLGANTE DORADO DISENO NORDICO,REGALITOLINDO,19990,Paris,27-02-2026,SIN MEDIDAS,METAL,1,0
2477,MACETERO GRANDE SAHARA 33 NEGRO,POTTERY,29990,Paris,27-02-2026,SIN MEDIDAS,DESCONOCIDO,1,0
2478,MACETERO COLGANTE METAL,BRIC,19990,Paris,27-02-2026,SIN MEDIDAS,METAL,1,0
2479,MACETERO DE VIDRIO CON PLATO,BRIC,8990,Paris,27-02-2026,SIN MEDIDAS,VIDRIO,1,0
2480,MACETERO GRANDE JAVI 36 NEGRO,POTTERY,39990,Paris,27-02-2026,SIN MEDIDAS,DESCONOCIDO,1,0
2481,MACETERO PLASTICO REDONDO OVALADO MODERNO CON TEXTURA S,FLIPEREX,9900,Paris,27-02-2026,S,PLASTICO,1,0
2482,MACETERO LUXOR 36X34 CM,MACETEROS RAYUN,32990,Paris,27-02-2026,36X34,DESCONOCIDO,1,0
2483,MACETERO PLASTICO SEMI ESFERA PREMIUM DISENO A RAYAS S,FLIPEREX,16990,Paris,27-02-2026,S,PLASTICO,1,0
2484,SET 2 PORTA MACETERO PEDESTAL MACETA PLANTAS NEGRO DORADO,FLIPEREX,49990,Paris,27-02-2026,SIN MEDIDAS,DESCONOCIDO,2,1
2485,SET 2 MACETEROS ENLOZADOS BLANCOS 17X15 Y 20X18,DECOGREEN,34990,Paris,27-02-2026,17X15,DESCONOCIDO,2,1
2486,MACETERO REDONDO L COLOR CREMA,VADELL HOME,89990,Paris,27-02-2026,L,DESCONOCIDO,1,0
2487,"MACETA LUNA BAJA 26CM, TERRACOTA",DEROMA,16990,Paris,27-02-2026,26CM,DESCONOCIDO,1,0
2488,SUCULENTAS 20 CM CON MACETERO RECTANGULAR,VADELL,19990,Paris,27-02-2026,20CM,DESCONOCIDO,1,0
2489,SET 2 MACETERO MACETA DE CERAMICA CON FORMA DE SETA GRIS,FLIPEREX,15990,Paris,27-02-2026,SIN MEDIDAS,CERAMICA,2,1
2490,MACETA VASUM 17CM TERRADUO DEROMA,DEROMA,6000,Paris,27-02-2026,17CM,DESCONOCIDO,1,0
2491,SET MACETA C/PLATO BIO CLASICO BLANCO 25X17,DECOGREEN,10990,Paris,27-02-2026,25X17,DESCONOCIDO,1,0
2492,MACETERO LORET S,AMOBLÉ,24900,Paris,27-02-2026,S,DESCONOCIDO,1,0
2493,"MACETA BIODEGRADABLE CUADRADA BLANCA 13,3X12,4",DECOGREEN,4990,Paris,27-02-2026,"13,3X12,4",DESCONOCIDO,1,0
2494,MACETERO PLASTICO REDONDO BAJO PREMIUM VERDE BASE DORADO,FLIPEREX,14990,Paris,27-02-2026,SIN MEDIDAS,PLASTICO,1,0
2495,MACETERO DE METAL CANASTO CON DISENOS MACETA BALDE METALICO,FLIPEREX,5990,Paris,27-02-2026,SIN MEDIDAS,METAL,1,0
2496,JARDINERA GRIS OUTZEN,OUTZEN,24698,Paris,27-02-2026,SIN MEDIDAS,DESCONOCIDO,1,0
2497,MACETERO DE METAL CANASTO CON DISENOS MACETA BALDE N,DECODECO,7490,Paris,27-02-2026,SIN MEDIDAS,METAL,1,0
2498,MACETA COLGANTE MACETERO COLGANTE DE MIMBRE CESTA 47CM,DECODECO,15990,Paris,27-02-2026,47CM,DESCONOCIDO,1,0
2499,MACETERO DE METAL CANASTO CON DISENOS MACETA BALDE B,DECODECO,7490,Paris,27-02-2026,SIN MEDIDAS,METAL,1,0
2500,SET 3 MACETEROS MACETA DE CERAMICA LIMON LINEAS VERTICALES,FLIPEREX,29800,Paris,27-02-2026,SIN MEDIDAS,CERAMICA,3,1
2501,SET 2 MACETERO MACETA ESTILO ESCANDINAVO MODERNO GRIS,FLIPEREX,19900,Paris,27-02-2026,SIN MEDIDAS,DESCONOCIDO,2,1
2502,SET 2 MACETERO DECORATIVO DISENO ONDULADO RECIPIENTE JHN,RONDON,27990,Paris,27-02-2026,SIN MEDIDAS,DESCONOCIDO,2,1
2503,SET 3 MACETERO DECORATIVO ACANALADO ESTILO MINIMALISTA JHN,RONDON,71990,Paris,27-02-2026,SIN MEDIDAS,DESCONOCIDO,3,1
2504,MACETERO DE CERAMICA PLANTA ARTIFICIAL MODERNO BEIGE,DECODECO,10990,Paris,27-02-2026,SIN MEDIDAS,CERAMICA,1,0
2505,MACETA DECORATIVA MALAUI RECTA,MALLORCA,12490,Paris,27-02-2026,SIN MEDIDAS,DESCONOCIDO,1,0
2506,MACETERO - DISENO MODERNO,PRINTS PATRO,11990,Paris,27-02-2026,SIN MEDIDAS,DESCONOCIDO,1,0
2507,MACETERO GRANDE NAZCA 40 PERLA,POTTERY,39990,Paris,27-02-2026,SIN MEDIDAS,DESCONOCIDO,1,0
2508,SET 2 MACETA DECORATIVA MULTIFUNCIONAL MINIMALISTA JHN,RONDON,32488,Paris,27-02-2026,SIN MEDIDAS,DESCONOCIDO,2,1
2509,MACETERO MACETA GEOMETRICO DISENO NORDICO DE PLASTICO,FLIPEREX,15990,Paris,27-02-2026,SIN MEDIDAS,PLASTICO,1,0
2510,MACETA PLANTAS CACTUS CERAMICA FORMA CARA DECORATIVO LAU,RONDON,27990,Paris,27-02-2026,SIN MEDIDAS,CERAMICA,1,0
2511,MACETERO GRANDE SOLARE 38 NEGRO,POTTERY,39990,Paris,27-02-2026,SIN MEDIDAS,DESCONOCIDO,1,0
2512,MACETERO CABEZA DE DRAGON,PRINTS PATRO,4990,Paris,27-02-2026,SIN MEDIDAS,DESCONOCIDO,1,0
2513,MACETERO FLORIDIS FLORENCIA NEGRO 19CM CON PLATO,FLORIDIS,17990,Paris,27-02-2026,19CM,DESCONOCIDO,1,0
2514,MACETERO DE METAL CANASTO CON DISENOS MACETA BALDE METALICO,FLIPEREX,5990,Paris,27-02-2026,SIN MEDIDAS,METAL,1,0
2515,PORTA MACETERO PEDESTAL DECORATIVO DORADO 63 CM,INSPIRACCI,19990,Paris,27-02-2026,63CM,DESCONOCIDO,1,0
2516,SET 2 MACETEROS PEDESTA S+M,DECOGREEN,45990,Paris,27-02-2026,S,DESCONOCIDO,2,1
2517,SET 3 MACETEROS MI HUERTO PIZARRA 15 CM CON TIZA,POTTERY,14990,Paris,27-02-2026,15CM,DESCONOCIDO,3,1
2518,PLANTA ARTIFICIAL CANASTITO MACETERO CORDEL OVALADO DECO,FLIPEREX,7990,Paris,27-02-2026,SIN MEDIDAS,DESCONOCIDO,1,0
2519,SET 2 PORTA MACETERO PEDESTAL MACETA PLANTAS NEGRO DORADO,FLIPEREX,49990,Paris,27-02-2026,SIN MEDIDAS,DESCONOCIDO,2,1
2520,MACETA VASUM 17CM TERRADUO DEROMA,DEROMA,6000,Paris,27-02-2026,17CM,DESCONOCIDO,1,0
2521,SET MACETA C/PLATO BIO CLASICO BLANCO 25X17,DECOGREEN,10990,Paris,27-02-2026,25X17,DESCONOCIDO,1,0
2522,MACETERO LORET S,AMOBLÉ,24900,Paris,27-02-2026,S,DESCONOCIDO,1,0
2523,"MACETA BIODEGRADABLE CUADRADA BLANCA 13,3X12,4",DECOGREEN,4990,Paris,27-02-2026,"13,3X12,4",DESCONOCIDO,1,0
2524,MACETERO PLASTICO REDONDO BAJO PREMIUM VERDE BASE DORADO,FLIPEREX,14990,Paris,27-02-2026,SIN MEDIDAS,PLASTICO,1,0
2525,MACETERO DE METAL CANASTO CON DISENOS MACETA BALDE METALICO,FLIPEREX,5990,Paris,27-02-2026,SIN MEDIDAS,METAL,1,0
2526,JARDINERA GRIS OUTZEN,OUTZEN,24698,Paris,27-02-2026,SIN MEDIDAS,DESCONOCIDO,1,0
2527,MACETERO DE METAL CANASTO CON DISENOS MACETA BALDE N,DECODECO,7490,Paris,27-02-2026,SIN MEDIDAS,METAL,1,0
2528,MACETA COLGANTE MACETERO COLGANTE DE MIMBRE CESTA 47CM,DECODECO,15990,Paris,27-02-2026,47CM,DESCONOCIDO,1,0
2529,MACETERO DE METAL CANASTO CON DISENOS MACETA BALDE B,DECODECO,7490,Paris,27-02-2026,SIN MEDIDAS,METAL,1,0
2530,SET 3 MACETEROS MACETA DE CERAMICA LIMON LINEAS VERTICALES,FLIPEREX,29800,Paris,27-02-2026,SIN MEDIDAS,CERAMICA,3,1
2531,SET 2 MACETERO MACETA ESTILO ESCANDINAVO MODERNO GRIS,FLIPEREX,19900,Paris,27-02-2026,SIN MEDIDAS,DESCONOCIDO,2,1
2532,SET 2 MACETERO DECORATIVO DISENO ONDULADO RECIPIENTE JHN,RONDON,27990,Paris,27-02-2026,SIN MEDIDAS,DESCONOCIDO,2,1
2533,SET 3 MACETERO DECORATIVO ACANALADO ESTILO MINIMALISTA JHN,RONDON,71990,Paris,27-02-2026,SIN MEDIDAS,DESCONOCIDO,3,1
2534,MACETERO DE CERAMICA PLANTA ARTIFICIAL MODERNO BEIGE,DECODECO,10990,Paris,27-02-2026,SIN MEDIDAS,CERAMICA,1,0
2535,MACETA DECORATIVA MALAUI RECTA,MALLORCA,12490,Paris,27-02-2026,SIN MEDIDAS,DESCONOCIDO,1,0
2536,MACETERO - DISENO MODERNO,PRINTS PATRO,11990,Paris,27-02-2026,SIN MEDIDAS,DESCONOCIDO,1,0
2537,MACETERO GRANDE NAZCA 40 PERLA,POTTERY,39990,Paris,27-02-2026,SIN MEDIDAS,DESCONOCIDO,1,0
2538,SET 2 MACETA DECORATIVA MULTIFUNCIONAL MINIMALISTA JHN,RONDON,32488,Paris,27-02-2026,SIN MEDIDAS,DESCONOCIDO,2,1
2539,MACETERO MACETA GEOMETRICO DISENO NORDICO DE PLASTICO,FLIPEREX,15990,Paris,27-02-2026,SIN MEDIDAS,PLASTICO,1,0
2540,MACETA PLANTAS CACTUS CERAMICA FORMA CARA DECORATIVO LAU,RONDON,27990,Paris,27-02-2026,SIN MEDIDAS,CERAMICA,1,0
2541,MACETERO GRANDE SOLARE 38 NEGRO,POTTERY,39990,Paris,27-02-2026,SIN MEDIDAS,DESCONOCIDO,1,0
2542,MACETERO CABEZA DE DRAGON,PRINTS PATRO,4990,Paris,27-02-2026,SIN MEDIDAS,DESCONOCIDO,1,0
2543,MACETERO FLORIDIS FLORENCIA NEGRO 19CM CON PLATO,FLORIDIS,17990,Paris,27-02-2026,19CM,DESCONOCIDO,1,0
2544,MACETERO DE METAL CANASTO CON DISENOS MACETA BALDE METALICO,FLIPEREX,5990,Paris,27-02-2026,SIN MEDIDAS,METAL,1,0
2545,PORTA MACETERO PEDESTAL DECORATIVO DORADO 63 CM,INSPIRACCI,19990,Paris,27-02-2026,63CM,DESCONOCIDO,1,0
2546,SET 2 MACETEROS PEDESTA S+M,DECOGREEN,45990,Paris,27-02-2026,S,DESCONOCIDO,2,1
2547,SET 3 MACETEROS MI HUERTO PIZARRA 15 CM CON TIZA,POTTERY,14990,Paris,27-02-2026,15CM,DESCONOCIDO,3,1
2548,PLANTA ARTIFICIAL CANASTITO MACETERO CORDEL OVALADO DECO,FLIPEREX,7990,Paris,27-02-2026,SIN MEDIDAS,DESCONOCIDO,1,0
2549,SET 2 PORTA MACETERO PEDESTAL MACETA PLANTAS NEGRO DORADO,FLIPEREX,49990,Paris,27-02-2026,SIN MEDIDAS,DESCONOCIDO,2,1
2550,"PATROCINADO FAMILY PAQUETE DE 20 MACETAS DE ARCILLA TERRACOTA DE 3.15 PULGADAS, MINI MACETAS TRANSPIRABLES Y PINTABLES PARA INTERIORES PARA NINOS Y ADULTOS",,37761,Amazon,27-02-2026,3.15PULGADAS,CERAMICA,20,1
2551,"PATROCINADO GARDIFE PAQUETE DE 20 MACETAS DE 4 PULGADAS, MACETAS PARA PLANTAS DE INTERIOR, MACETAS, COLOR",,58857,Amazon,27-02-2026,4PULGADAS,DESCONOCIDO,20,1
2552,"PATROCINADO PAQUETE DE 48 MACETAS DE PLASTICO DE 4 PULGADAS, JUEGO DE MACETAS DE INTERIOR DE PLANTULAS GRUESAS, MACETAS DE INICIO DE SEMILLAS CON AGUJEROS DE DRENAJE, PLATILLOS, MINI HERRAMIENTAS DE JARDIN",,44599,Amazon,27-02-2026,4PULGADAS,PLASTICO,48,1
2553,"PATROCINADO MACETAS DE VIVERO DE PLASTICO DE 6 PULGADAS, PAQUETE DE 16 MACETAS PARA PLANTAS PEQUENAS DE INTERIOR Y EXTERIOR, MACETAS CON AGUJEROS DE DRENAJE Y PLATILLOS, MACETAS DECORATIVAS DE INICIO DE",,37154,Amazon,27-02-2026,6PULGADAS,PLASTICO,16,1
2554,UTOPIA HOME MACETAS PARA PLANTAS DE INTERIOR CON AGUJEROS DE DRENAJE - JUEGO DE 5 MACETAS DE FLORES DE PLASTICO BLANCO (7/6.6/6/5.3/4.8 PULGADAS) - MACETAS MODERNAS PARA PLANTAS DE INTERIOR,,27502,Amazon,27-02-2026,4.8PULGADAS,PLASTICO,5,1
2555,"-MACETAS DE RIEGO AUTOMATICO PARA INTERIORES CON AGUJEROS DE DRENAJE Y PLATILLOS, 8, 7, 6.5, 6, 5.5, 5 PULGADAS, COLOR NEGRO, 6 MACETAS",,35770,Amazon,27-02-2026,5PULGADAS,DESCONOCIDO,6,1
2556,"KETER JUEGO DE 2 MACETAS DE RESINA MODERNAS PARA EXTERIORES DE 22 PULGADAS DE ALTO, MACETAS DE ASPECTO DE MADERA CONICA PARA PLANTAS AL AIRE LIBRE Y DECORACION DE PORCHE DELANTERO, GRAFITO",,182899,Amazon,27-02-2026,22PULGADAS,NATURAL,2,1
2557,"PAQUETE DE 48 MACETAS DE PLASTICO DE 4 PULGADAS, JUEGO DE MACETAS DE INTERIOR DE PLANTULAS GRUESAS, MACETAS DE INICIO DE SEMILLAS CON AGUJEROS DE DRENAJE, PLATILLOS, MINI HERRAMIENTAS DE JARDIN",,44599,Amazon,27-02-2026,4PULGADAS,PLASTICO,48,1
2558,"PAQUETE DE 36 MACETAS DE PLASTICO DE 4 PULGADAS CON PLATILLOS, MACETAS DE FLORES COLORIDAS, MACETAS DE INICIO DE SEMILLAS, MACETAS ENGROSADAS, MACETAS DE VIVERO PARA EL HOGAR, JARDIN, FLORES",,38349,Amazon,27-02-2026,4PULGADAS,PLASTICO,36,1
2559,"MACETAS DE VIVERO DE PLASTICO DE 6 PULGADAS, PAQUETE DE 16 MACETAS PARA PLANTAS PEQUENAS DE INTERIOR Y EXTERIOR, MACETAS CON AGUJEROS DE DRENAJE Y PLATILLOS, MACETAS DECORATIVAS DE INICIO DE",,37154,Amazon,27-02-2026,6PULGADAS,PLASTICO,16,1
2560,"FAMILY PAQUETE DE 20 MACETAS DE ARCILLA TERRACOTA DE 3.15 PULGADAS, MINI MACETAS TRANSPIRABLES Y PINTABLES PARA INTERIORES PARA NINOS Y ADULTOS",,37761,Amazon,27-02-2026,3.15PULGADAS,CERAMICA,20,1
2561,"PAQUETE DE 10 MACETAS DE 6 PULGADAS CON DRENAJE Y PLATILLOS, MACETAS DE PLASTICO BLANCAS PARA PLANTAS DE INTERIOR Y EXTERIOR, MACETAS DE VIVERO APILABLES PARA PLANTAS DE INTERIOR Y HIERBAS, COLOR",,57126,Amazon,27-02-2026,6PULGADAS,PLASTICO,10,1
2562,"RAOOKIF PAQUETE DE 100 MACETAS DE GUARDERIA, MACETAS DE 4, 5 Y 6 PULGADAS PARA PLANTAS, MACETAS DE PLASTICO CON AGUJEROS DE DRENAJE, MACETAS DE JARDIN PARA TRASPLANTAR, SUCULENTAS, ESQUEJES, PLANTULAS",,22143,Amazon,27-02-2026,6PULGADAS,PLASTICO,100,1
2563,"ANYUMOCZ 60 PIEZAS DE 1 GALON DE MACETAS FLEXIBLES PARA VIVERO DE PLANTAS, MACETA DE PLANTULA DE PLASTICO SUAVE Y ENGROSADO CON AGUJEROS, CONTENEDOR DE PLANTAS DE FLORES PARA SUCULENTAS, ESQUEJES",,35432,Amazon,27-02-2026,SIN MEDIDAS,PLASTICO,1,0
2564,"JUEGO DE 20 MACETAS DE VIVERO TRANSPARENTES DE 10/12,7/15,2/17,8 CM CON PLATILLOS, MACETAS DE PLASTICO CON AGUJEROS DE DRENAJE, PAQUETE VARIADO DE MACETAS DE JARDIN PARA PLANTULAS PARA",,35284,Amazon,27-02-2026,"17,8CM",PLASTICO,20,1
2565,"DESTACADOS DE MARCAS DE AMAZON AMAZON BASICS MACETAS REDONDAS DE CERAMICA ACANALADA DE VARIOS TAMANOS PARA INTERIORES Y EXTERIORES CON DRENAJE, JUEGO DE 3, DISENO MODERNO, 6 PULGADAS, 8 PULGADAS, 10 PULGADAS, COLOR BLANCO",,105560,Amazon,27-02-2026,6PULGADAS,CERAMICA,1,0
2566,"PATROCINADO 100 MACETAS DE 2 GALONES, MACETA DE PLASTICO PARA PLANTAR SEMILLAS, MACETAS DE PLANTULAS DE FLORES CON AGUJEROS DE DRENAJE, CONTENEDOR FLEXIBLE PARA INTERIORES Y EXTERIORES, JARDIN, CESPED, PATIO",,81053,Amazon,27-02-2026,SIN MEDIDAS,PLASTICO,100,1
2567,"PATROCINADO PAQUETE DE 36 MACETAS DE PLASTICO DE 4 PULGADAS CON PLATILLOS, MACETAS DE FLORES COLORIDAS, MACETAS DE INICIO DE SEMILLAS, MACETAS ENGROSADAS, MACETAS DE VIVERO PARA EL HOGAR, JARDIN, FLORES",,38349,Amazon,27-02-2026,4PULGADAS,PLASTICO,36,1
2568,"PATROCINADO PAQUETE DE 50 BOLSAS DE CULTIVO DE TELA CON ASAS, MACETAS DE CULTIVO DE AIREACION, BOLSAS PARA PLANTAS DE JARDIN, PLANTAS Y VERDURAS, COLOR NEGRO (7 GALONES)",,84334,Amazon,27-02-2026,SIN MEDIDAS,DESCONOCIDO,1,0
2569,"GEPEGE JUEGO DE 2 MACETAS DE CERAMICA CON CUENTAS DE 6 PULGADAS CON ORIFICIO DE DRENAJE Y PLATILLO PARA PLANTAS, MACETA REDONDA GRANDE PARA ORQUIDEAS SUCULENTAS PARA INTERIORES Y EXTERIORES, COLOR",,42695,Amazon,27-02-2026,6PULGADAS,CERAMICA,2,1
2570,"MACETAS WEICHENGXING, 12/10/9/8/ PULGADAS GRANDES MACETAS DE PLASTICO AUTO-RIEGO PARA PLANTAS DE INTERIOR Y EXTERIOR CON AGUJEROS DE DRENAJE, DEPOSITO PROFUNDO, MACETA DE PLANTACION PARA VIVERO PARA",,50348,Amazon,27-02-2026,SIN MEDIDAS,PLASTICO,1,0
2571,MACETAS VOGUE DE CLASSIC HOME & GARDEN CON ACABADO DE CALIDAD CERAMICA - MACETAS MODERNAS PARA INTERIORES Y EXTERIORES - MACETAS PARA PORCHE RESISTENTES A LOS RAYOS UV - MACETA DECORATIVA PARA FLORES,,29406,Amazon,27-02-2026,SIN MEDIDAS,CERAMICA,1,0
2572,"MACETAS DE 4 PULGADAS, JUEGO DE 6 MACETAS DE INTERIOR, MACETAS CON AGUJEROS DE DRENAJE Y BANDEJAS PARA ORQUIDEAS, VIOLETAS, SUCULENTAS, HIERBAS Y OTRAS PLANTAS, COLORIDAS",,19945,Amazon,27-02-2026,4PULGADAS,DESCONOCIDO,6,1
2573,"PATROCINADO 1000 MACETAS DE 4 PULGADAS PARA VIVERO, MACETAS DE PLASTICO A GRANEL CON AGUJEROS DE DRENAJE PARA PLANTAS, SUCULENTAS, PLANTULAS, ESQUEJES DE TRASPLANTE",,78015,Amazon,27-02-2026,4PULGADAS,PLASTICO,1000,1
2574,"PATROCINADO MACETAS PARA PLANTAS, PAQUETE DE 12 MACETAS MODERNAS DE PLASTICO DE 6 PULGADAS CON AGUJEROS DE DRENAJE Y PLATILLOS PARA PLANTAS Y FLORES DE INTERIOR Y EXTERIOR, COLOR BLANCO",,34419,Amazon,27-02-2026,6PULGADAS,PLASTICO,12,1
2575,"PATROCINADO PAQUETE DE 10 MACETAS DE 6 PULGADAS CON DRENAJE Y PLATILLOS, MACETAS DE PLASTICO BLANCAS PARA PLANTAS DE INTERIOR Y EXTERIOR, MACETAS DE VIVERO APILABLES PARA PLANTAS DE INTERIOR Y HIERBAS, COLOR",,57126,Amazon,27-02-2026,6PULGADAS,PLASTICO,10,1
2576,"PATROCINADO BN-LINK PAQUETE DE 5 BOLSAS DE CULTIVO DE 5 GALONES, MACETAS DE TELA DE AIREACION RESISTENTES CON ASAS, BOLSAS DE CULTIVO DE TELA NO TEJIDA ENGROSADAS PARA VEGETALES, FLORES, FRUTAS",,25148,Amazon,27-02-2026,SIN MEDIDAS,DESCONOCIDO,1,0
2577,"MACETAS DE 12/10/8 PULGADAS CON RIEGO AUTOMATICO PARA PLANTAS DE INTERIOR, MACETA GRANDE DE PLASTICO PARA PLANTAS DE EXTERIOR, MACETA DE FLORES CON VENTANA DE NIVEL DE AGUA Y ESPACIOSO RESERVORIO",,51256,Amazon,27-02-2026,8PULGADAS,PLASTICO,1,0
2578,"MACETAS CON AUTORRIEGO PARA INTERIOR CON ORIFICIOS DE DRENAJE Y PLATILLOS, 8, 7, 6.5, 6, 5.5, 5 PULGADAS, VERDE, 6 MACETAS.",,35640,Amazon,27-02-2026,5PULGADAS,DESCONOCIDO,6,1
2579,"MIXC MACETAS DE VIVERO ENGROSADAS TRANSPARENTES CON BASE DE SILICONA PARA FACIL TRASPLANTE, 30 PAQUETES DE 4 PULGADAS, MACETA TRANSPARENTE REUTILIZABLE PARA PLANTULAS DE VEGETALES, ESQUEJES DE RAIZ",,59679,Amazon,27-02-2026,4PULGADAS,DESCONOCIDO,1,0
2580,"JUEGO DE 3 MACETAS DE CERAMICA DE 6.75/5.6/4.2 PULGADAS CON AGUJEROS DE DRENAJE Y PLATILLO, MACETA PARA EXTERIORES E INTERIORES, MACETAS DECORATIVAS MODERNAS PARA PLANTAS DE CASA, JARDIN",,36289,Amazon,27-02-2026,4.2PULGADAS,CERAMICA,3,1
2581,"-MACETAS DE RIEGO AUTOMATICO PARA INTERIORES CON AGUJEROS DE DRENAJE Y PLATILLOS, 8, 7, 6.5, 6, 5.5, 5 PULGADAS, COLOR BLANCO, 6 MACETAS",,35553,Amazon,27-02-2026,5PULGADAS,DESCONOCIDO,6,1
2582,"MACETAS DE RIEGO AUTOMATICO DE 8/10/12 PULGADAS PARA PLANTAS DE INTERIOR/EXTERIOR - MACETA GRANDE DE PLASTICO CON AGUJEROS DE DRENAJE, INDICADOR DE NIVEL DE AGUA Y RESERVORIO PROFUNDO",,50746,Amazon,27-02-2026,12PULGADAS,PLASTICO,1,0
2583,"36 PAQUETES DE MACETAS DE VIVERO REFORZADAS TRANSPARENTES DE 6.7/5/4/3.5 PULGADAS CON ORIFICIO DE DRENAJE, PAQUETE DE VARIEDAD TRANSPARENTE DE MACETAS DE PLASTICO PARA PLANTULAS PARA",,35371,Amazon,27-02-2026,3.5PULGADAS,PLASTICO,1,0
2584,"LE TAUCI MACETAS DE 12 PULGADAS PARA PLANTAS, MACETAS DE CERAMICA CON AGUJEROS DE DRENAJE Y PLATILLOS, MACETA GRANDE ELEGANTE Y DURADERA, PERFECTA PARA DECORACION DEL HOGAR Y LA OFICINA, COLOR BLANCO",,117325,Amazon,27-02-2026,12PULGADAS,CERAMICA,1,0
2585,"LE TAUCI MACETAS DE 4.1 + 5.1 + 6.5 PULGADAS, JUEGO DE 3, MACETAS DE CERAMICA CON ORIFICIO DE DRENAJE Y PLATILLO, MACETA DE INTERIOR CON ALMOHADILLA DE MALLA DE AGUJERO, REGALOS PARA MAMA, ESMALTE",,51317,Amazon,27-02-2026,6.5PULGADAS,CERAMICA,1,0
2586,"MACETAS PARA PLANTAS DE 10/9/8/7.5/7 PULGADAS CON AUTORIEGO, JUEGO DE 5 MACETAS DE PLASTICO CON AGUJEROS DE DRENAJE Y PLATILLOS, MACETAS DE FLORES DE PLASTICO, MACETA DE VIVERO PARA PLANTAS DE",,46685,Amazon,27-02-2026,7PULGADAS,PLASTICO,5,1
2587,"MACETA DE CERAMICA CON ORIFICIO DE DRENAJE Y PLATILLO, REDONDA, ESMALTADA, MODERNA, PARA SUCULENTAS, LENGUA DE SUEGRA (SANSEVIERIA), PLANTAS DE INTERIOR Y EXTERIOR, 6 PULGADAS",,31476,Amazon,27-02-2026,6PULGADAS,CERAMICA,1,0
2588,"MACETAS DE CERAMICA TOSCANA, MACETAS VINTAGE DE 6.11 PULGADAS CON ORIFICIO DE DRENAJE PARA PLANTAS DE INTERIOR, JARRON VERDE DE GRANJA Y MACETAS, DECORACION DEL HOGAR, COCINA, JARDIN",,35285,Amazon,27-02-2026,6.11PULGADAS,CERAMICA,1,0
2589,CLASSIC HOME AND GARDEN ROSIE - MACETA MODERNA CON DRENAJE - CUENCOS DE MACETAS CONTEMPORANEOS - JARRONES REDONDOS POCO PROFUNDOS PARA PLANTAS PEQUENAS - MACETAS VERSATILES PARA INTERIORES Y,,33060,Amazon,27-02-2026,SIN MEDIDAS,DESCONOCIDO,1,0
2590,"ORCELER MACETAS DE TERRACOTA Y ARCILLA DE 6 PULGADAS PARA PLANTAS CON PLATILLO, MACETAS MEDIANAS DE TERRACOTA CON ORIFICIO DE DRENAJE, MACETA CON BANDEJA, MACETA DE TERRACOTA PARA PLANTAS DE INTERIOR",,40003,Amazon,27-02-2026,6PULGADAS,CERAMICA,1,0
2591,"DEECOO JUEGO DE 3 MACETAS DE CERAMICA PARA INTERIORES CON AGUJEROS DE DRENAJE, 5.7/4.7/3.5/PULGADAS, MACETAS DECORATIVAS MODERNAS PARA PLANTAS AL AIRE LIBRE, LIRIOS, CACTUS, SUCULENTAS, SERPIENTES Y",,43768,Amazon,27-02-2026,SIN MEDIDAS,CERAMICA,3,1
2592,"PAQUETE DE 30 MACETAS DE PLASTICO DE 5 GALONES, MACETAS SUAVES DE 12.8 PULGADAS DE GROSOR CON AGUJEROS DE DRENAJE, CONTENEDOR DE FLORES PARA PLANTAS DE SEMILLERO, JARDIN, INTERIOR Y EXTERIOR",,91380,Amazon,27-02-2026,12.8PULGADAS,PLASTICO,30,1
2593,"PAQUETE DE 5 MACETAS CON DRENAJE DE 7/6.5/6/5.5/5 PULGADAS, MACETAS DE RIEGO AUTOMATICO PARA PLANTAS DE INTERIOR, MACETAS PARA PLANTAS DE INTERIOR Y EXTERIOR, MACETA DE PLASTICO, MACETA PARA",,53654,Amazon,27-02-2026,5PULGADAS,PLASTICO,5,1
2594,"VIVOSUN PAQUETE DE 5 BOLSAS DE CULTIVO DE PLANTAS DE 7 GALONES, MACETAS DE TELA NO TEJIDA GRUESA RESISTENTE CON ASAS",,27805,Amazon,27-02-2026,SIN MEDIDAS,DESCONOCIDO,1,0
2595,"LE TAUCI MACETA PARA PLANTAS DE 10 PULGADAS, MACETAS DE CERAMICA PARA PLANTAS CON ORIFICIO DE DRENAJE Y TAPON DE GOMA, MACETAS PARA PLANTAS DE INTERIOR PARA HOGAR JARDIN PATIO OFICINA, MACETA",,88913,Amazon,27-02-2026,10PULGADAS,CERAMICA,1,0
2596,MACETAS DE INTERIOR CON PLATILLOS Y DRENAJE - PAQUETE DE 6 MACETAS DE FLORES - MACETEROS DE PLASTICO PARA PLANTAS DE INTERIOR - TAMANOS DE 7.5/6.6/5.8/5.0/4.3/3.5 PULGADAS PARA TODOS LOS,,27338,Amazon,27-02-2026,3.5PULGADAS,PLASTICO,6,1
2597,"MACETA PARA EXTERIORES CON DISENO DE CELOSIA - MACETA CUADRADA DE 14.75 PULGADAS, 13 PULGADAS DE ALTO, MACETA BLANCA PARA PLANTAS - MACETAS DECORATIVAS PARA DECORACION DE PORCHE DELANTERO - MACETAS AL",,41370,Amazon,27-02-2026,14.75PULGADAS,DESCONOCIDO,1,0
2598,"PAQUETE DE 28 MACETAS PEQUENAS DE 4 PULGADAS, MACETAS DE PLASTICO CON AGUJEROS DE DRENAJE Y PLATILLOS PARA FLORES, PLANTAS, SUCULENTAS, MACETAS DE INICIO DE SEMILLAS, COLOR BLANCO",,28862,Amazon,27-02-2026,4PULGADAS,PLASTICO,28,1
2599,"PAQUETE DE 6 MACETAS DE TERRACOTA Y ARCILLA DE 6 PULGADAS CON PLATILLO PARA PLANTAS, MACETA GRANDE DE TERRACOTA CON ORIFICIO DE DRENAJE, MACETA PARA PLANTAS DE INTERIOR Y EXTERIOR",,43578,Amazon,27-02-2026,6PULGADAS,CERAMICA,6,1
2600,"LINDAS MACETAS DE CERAMICA PARA SUCULENTAS, MACETA CON DRENAJE Y PLATILLO ADJUNTO, JUEGO DE 5 PLANTAS NO INCLUIDAS (REDONDA)",,62320,Amazon,27-02-2026,SIN MEDIDAS,CERAMICA,1,0
2601,"PAQUETE DE 10 MACETAS DE 6 PULGADAS CON DRENAJE Y PLATILLOS, MACETAS DE PLASTICO NEGRO PARA PLANTAS DE INTERIOR Y EXTERIOR, MACETAS APILABLES PARA PLANTAS DE INTERIOR Y HIERBAS, COLOR NEGRO",,30826,Amazon,27-02-2026,6PULGADAS,PLASTICO,10,1
2602,"QUARUT PAQUETE DE 3 MACETAS DE 10 PULGADAS, MACETAS DE BARRIL DE WHISKY CON AGUJEROS DE DRENAJE Y PLATILLO, MACETAS DE PLASTICO PARA DECORACION DE FLORES CON DISENO DE BARRIL DE VINO IMITACION, PARA",,44357,Amazon,27-02-2026,10PULGADAS,PLASTICO,3,1
2603,"COSMOLIVING BY COSMOPOLITAN - MACETA DE METAL PARA INTERIORES Y EXTERIORES, MACETA GRANDE CON SOPORTE EXTRAIBLE, JUEGO DE 2 MACETAS DE 19 PULGADAS, 22 PULGADAS DE ALTO, COLOR DORADO",,134569,Amazon,27-02-2026,19PULGADAS,METAL,2,1
2604,"PAQUETE DE 30 MACETAS TRANSPARENTES PARA PLANTAS DE VIVERO, MACETA DE PLASTICO DE ALTA TRANSPARENCIA DE 3.5/4/5 PULGADAS CON AGUJEROS DE DRENAJE, INCLUYE 20 ETIQUETAS",,20898,Amazon,27-02-2026,5PULGADAS,PLASTICO,30,1
2605,"MACETAS DE 6 PULGADAS, PAQUETE DE 5 MACETAS PARA EXTERIORES E INTERIORES, MACETAS CON AGUJEROS DE DRENAJE Y PLATILLOS DE BANDEJA (MULTICOLOR)",,31458,Amazon,27-02-2026,6PULGADAS,DESCONOCIDO,5,1
2606,THE HC COMPANIES ECLIPSE MACETA REDONDA CON PLATILLO - MACETA PARA PLANTAS DE EXTERIOR E INTERIOR CON ORIFICIOS DE DRENAJE - MACETAS DE PLASTICO LIGERAS Y RESISTENTES A LOS RAYOS UV PARA PLANTAS,,29520,Amazon,27-02-2026,SIN MEDIDAS,PLASTICO,1,0
2607,"MACETAS DE INTERIOR DE 6 PULGADAS CON ORIFICIO DE DRENAJE Y PLATILLO DE BANDEJA, MACETAS PARA PLANTAS Y FLORES DE JARDIN DE INTERIORES Y EXTERIORES, MULTICOLOR, 5 PAQUETES",,26394,Amazon,27-02-2026,6PULGADAS,DESCONOCIDO,1,0
2608,"MACETAS DE RIEGO AUTOMATICO DE 7/6.5/6/5.5/5 PULGADAS, MACETAS DE PLASTICO CON MULTIPLES AGUJEROS DE DRENAJE DE MALLA Y DEPOSITO PROFUNDO PARA PLANTAS Y FLORES DE JARDIN DE INTERIORES Y",,25632,Amazon,27-02-2026,5PULGADAS,PLASTICO,1,0
2609,"OJYUDD - JUEGO DE 60 MACETAS FLEXIBLES DE 1 GALON PARA VIVERO DE PLANTAS, MACETAS DE PLASTICO SUAVE Y ENGROSADAS PARA INICIAR SEMILLAS, MACETAS DE PLASTICO CON AGUJERO PARA PLANTULAS DE FLORES",,34895,Amazon,27-02-2026,SIN MEDIDAS,PLASTICO,60,1
2610,"DOCRIN JUEGO DE 2 MACETAS DE CERAMICA (6.6 + 5.5 PULGADAS), MACETAS DE INTERIOR DE ARCILLA ALTA CON AGUJEROS DE DRENAJE Y PLATILLO, DECORACION MODERNA DE PANAL PARA TODAS LAS PLANTAS DE LA CASA",,42703,Amazon,27-02-2026,5.5PULGADAS,CERAMICA,2,1
2611,"VIVOSUN - PAQUETE DE 5 BOLSAS DE CULTIVO DE 5 GALONES, MACETAS DE TELA NO TEJIDA GRUESA DE 300 G CON ASAS",,27035,Amazon,27-02-2026,SIN MEDIDAS,DESCONOCIDO,1,0
2612,"GARDIFE PAQUETE DE 20 MACETAS DE 4 PULGADAS, MACETAS PARA PLANTAS DE INTERIOR, MACETAS, COLOR",,58857,Amazon,27-02-2026,4PULGADAS,DESCONOCIDO,20,1
2613,"QCQHDU MACETA DE 8 PULGADAS, PAQUETE DE 2 MACETAS PARA PLANTAS DE INTERIOR CON AGUJEROS DE DRENAJE Y PLATILLO, MACETAS PARA EXTERIORES, DECORACION MODERNA PARA EL HOGAR Y EL JARDIN",,33389,Amazon,27-02-2026,8PULGADAS,DESCONOCIDO,2,1
2614,"JERIA PAQUETE DE 100 MACETAS DE PLASTICO DE 4 PULGADAS QUE VIENEN CON 100 ETIQUETAS PARA PLANTAS, CONTENEDOR DE PLANTAS DE FLORES DE PLANTULAS Y MACETAS DE INICIO DE SEMILLAS",,21521,Amazon,27-02-2026,4PULGADAS,PLASTICO,100,1
2615,"MACETAS DE VIVERO DE PLASTICO DE 6 PULGADAS, PAQUETE DE 16 MACETAS PARA PLANTAS PEQUENAS DE INTERIOR Y EXTERIOR, MACETAS CON AGUJEROS DE DRENAJE Y PLATILLOS, MACETAS DECORATIVAS DE INICIO DE",,37154,Amazon,27-02-2026,6PULGADAS,PLASTICO,16,1
2616,"PAQUETE DE 48 MACETAS DE PLASTICO DE 4 PULGADAS, JUEGO DE MACETAS DE INTERIOR DE PLANTULAS GRUESAS, MACETAS DE INICIO DE SEMILLAS CON AGUJEROS DE DRENAJE, PLATILLOS, MINI HERRAMIENTAS DE JARDIN",,44599,Amazon,27-02-2026,4PULGADAS,PLASTICO,48,1
2617,"PAQUETE DE 36 MACETAS DE PLASTICO DE 4 PULGADAS CON PLATILLOS, MACETAS DE FLORES COLORIDAS, MACETAS DE INICIO DE SEMILLAS, MACETAS ENGROSADAS, MACETAS DE VIVERO PARA EL HOGAR, JARDIN, FLORES",,38349,Amazon,27-02-2026,4PULGADAS,PLASTICO,36,1
2618,"PAQUETE DE 4 MACETAS RETRO DE 12 PULGADAS, MACETAS VINTAGE A RAYAS CON ORIFICIO DE DRENAJE Y PLATILLO, MACETAS GRANDES DE PLASTICO PARA PLANTAS DE INTERIOR Y EXTERIOR, MACETAS DECORATIVAS DE",,71850,Amazon,27-02-2026,12PULGADAS,PLASTICO,4,1
2619,"MACETAS DE 10 PULGADAS PARA INTERIORES Y EXTERIORES, PAQUETE DE 4 MACETAS DE PLASTICO PARA PLANTAS DE INTERIOR CON AGUJEROS DE DRENAJE Y BANDEJAS, JUEGOS DE CONTENEDORES DECORATIVOS DE RESINA",,42045,Amazon,27-02-2026,10PULGADAS,PLASTICO,4,1
2620,"PATROCINADO PAQUETE DE 36 MACETAS DE PLASTICO DE 4 PULGADAS CON PLATILLOS, MACETAS DE FLORES COLORIDAS, MACETAS DE INICIO DE SEMILLAS, MACETAS ENGROSADAS, MACETAS DE VIVERO PARA EL HOGAR, JARDIN, FLORES",,38349,Amazon,27-02-2026,4PULGADAS,PLASTICO,36,1
2621,"PATROCINADO PAQUETE DE 48 MACETAS DE PLASTICO DE 4 PULGADAS, JUEGO DE MACETAS DE INTERIOR DE PLANTULAS GRUESAS, MACETAS DE INICIO DE SEMILLAS CON AGUJEROS DE DRENAJE, PLATILLOS, MINI HERRAMIENTAS DE JARDIN",,44599,Amazon,27-02-2026,4PULGADAS,PLASTICO,48,1
2622,"PATROCINADO WOUSIWER PAQUETE DE 16 MACETAS DE PLASTICO DE 6 PULGADAS PARA MACETAS DE INTERIOR, RESISTENTES Y ELEGANTES DE 6 PULGADAS PARA PLANTAS DE INTERIOR CON AGUJEROS DE DRENAJE Y BANDEJA PARA PLANTAS, FLORES",,39033,Amazon,27-02-2026,6PULGADAS,PLASTICO,16,1
2623,"PATROCINADO JUEGO DE 12 MACETAS DE PLASTICO DE 6 PULGADAS, MODERNAS CON ORIFICIOS DE DRENAJE Y PLATILLOS PARA TODAS LAS PLANTAS DE CASA, HIERBAS, FLORES Y VIVERO DE SIEMBRA, COLORIDAS",,62320,Amazon,27-02-2026,6PULGADAS,PLASTICO,12,1
2624,CREATIVE CO-OP - MACETA GRANDE DE CERAMICA BLANCA MATE CON RELIEVE,,148151,Amazon,27-02-2026,SIN MEDIDAS,CERAMICA,1,0
2625,"MACETAS DE 10 PULGADAS PARA INTERIORES Y EXTERIORES, PAQUETE DE 4 MACETAS DE PLASTICO PARA PLANTAS DE INTERIOR CON AGUJEROS DE DRENAJE Y BANDEJAS, JUEGOS DE CONTENEDORES DECORATIVOS DE RESINA",,42045,Amazon,27-02-2026,10PULGADAS,PLASTICO,4,1
2626,"AMAZON BASICS MACETA REDONDA DE CERAMICA ACANALADA, 8 PULGADAS, COLOR BLANCO",,63272,Amazon,27-02-2026,8PULGADAS,CERAMICA,1,0
2627,"PAQUETE DE 36 MACETAS DE PLASTICO DE 4 PULGADAS CON PLATILLOS, MACETAS DE FLORES COLORIDAS, MACETAS DE INICIO DE SEMILLAS, MACETAS ENGROSADAS, MACETAS DE VIVERO PARA EL HOGAR, JARDIN, FLORES",,38349,Amazon,27-02-2026,4PULGADAS,PLASTICO,36,1
2628,"MACETAS DE VIVERO DE PLASTICO DE 6 PULGADAS, PAQUETE DE 16 MACETAS PARA PLANTAS PEQUENAS DE INTERIOR Y EXTERIOR, MACETAS CON AGUJEROS DE DRENAJE Y PLATILLOS, MACETAS DECORATIVAS DE INICIO DE",,37154,Amazon,27-02-2026,6PULGADAS,PLASTICO,16,1
2629,"JUEGO DE 12 MACETAS DE PLASTICO DE 6 PULGADAS, MODERNAS CON ORIFICIOS DE DRENAJE Y PLATILLOS PARA TODAS LAS PLANTAS DE CASA, HIERBAS, FLORES Y VIVERO DE SIEMBRA, COLORIDAS",,62320,Amazon,27-02-2026,6PULGADAS,PLASTICO,12,1
2630,"FAMILY PAQUETE DE 20 MACETAS DE ARCILLA TERRACOTA DE 3.15 PULGADAS, MINI MACETAS TRANSPIRABLES Y PINTABLES PARA INTERIORES PARA NINOS Y ADULTOS",,37761,Amazon,27-02-2026,3.15PULGADAS,CERAMICA,20,1
2631,"PAQUETE DE 48 MACETAS DE PLASTICO DE 4 PULGADAS, JUEGO DE MACETAS DE INTERIOR DE PLANTULAS GRUESAS, MACETAS DE INICIO DE SEMILLAS CON AGUJEROS DE DRENAJE, PLATILLOS, MINI HERRAMIENTAS DE JARDIN",,44599,Amazon,27-02-2026,4PULGADAS,PLASTICO,48,1
2632,"MACETAS DE CERAMICA PARA PLANTAS DE INTERIOR CON PLATILLO, MACETAS DE 6 PULGADAS CON ESMALTE VINTAGE DE GRIETA DE HIELO Y AGUJEROS DE DRENAJE, MACETAS DECORATIVAS PARA JARDIN AL AIRE LIBRE Y",,43932,Amazon,27-02-2026,6PULGADAS,CERAMICA,1,0
2633,"PURE GARDEN CAJA DE MACETA CON DISENO DE CELOSIA - MACETA DECORATIVA AL AIRE LIBRE DE 14.75 PULGADAS CUADRADAS PARA FLORES O PLANTAS - DECORACION PARA EL PORCHE DELANTERO, PATIO Y JARDIN (NEGRO)",,51560,Amazon,27-02-2026,14.75PULGADAS,DESCONOCIDO,1,0
2634,"LIFEMASTER JUEGO DE 5 MACETAS ECOLOGICAS PARA DECORACION DEL HOGAR, MACETAS DE PLASTICO PARA INTERIORES Y EXTERIORES CON AGUJEROS DE DRENAJE, VARIOS TAMANOS (7, 6.6, 6, 5.3, 4.8 PULGADAS), MACETAS",,24533,Amazon,27-02-2026,4.8PULGADAS,PLASTICO,5,1
2635,"PATROCINADO MACETAS DE VIVERO DE PLASTICO DE 6 PULGADAS, PAQUETE DE 16 MACETAS PARA PLANTAS PEQUENAS DE INTERIOR Y EXTERIOR, MACETAS CON AGUJEROS DE DRENAJE Y PLATILLOS, MACETAS DECORATIVAS DE INICIO DE",,37154,Amazon,27-02-2026,6PULGADAS,PLASTICO,16,1
2636,"PATROCINADO MACETAS AMARILLAS CON ORIFICIOS DE DRENAJE Y PLATILLOS, PAQUETE DE 3, MACETAS APILABLES QUE AHORRAN ESPACIO PARA INTERIORES Y EXTERIORES PARA PLANTAS DE INTERIOR Y FLORES, (17.8 CM, 17 CM Y 15.2 CM",,52070,Amazon,27-02-2026,17.8CM,DESCONOCIDO,1,0
2637,"PATROCINADO VANCASSO MACETAS DE CERAMICA, 4+5+6 PULGADAS, JUEGO DE 3, MACETAS CON ORIFICIO DE DRENAJE, MACETAS PARA PLANTAS DE INTERIOR, MACETA MODERNA DECORATIVA DE INTERIOR, DECORACION DEL HOGAR, COLOR BLANCO",,64908,Amazon,27-02-2026,6PULGADAS,CERAMICA,1,0
2638,"PATROCINADO 50 MACETAS DE 5 GALONES, MACETA DE PLASTICO PARA PLANTAR SEMILLAS, MACETAS DE PLANTULAS DE FLORES CON AGUJEROS DE DRENAJE, CONTENEDOR FLEXIBLE PARA INTERIORES Y EXTERIORES, JARDIN, CESPED, PATIO",,114165,Amazon,27-02-2026,SIN MEDIDAS,PLASTICO,50,1
2639,"TON SIN MACETAS DE CERAMICA DE ORO ROSA PARA FLORES, MACETAS PEQUENAS ESMALTADAS PARA SUCULENTAS DE 4""+5""+6"" PULGADAS CON AGUJERO DE DRENAJE, MACETAS MODERNAS DECORATIVAS DE INTERIOR JUEGO DE 3",,41656,Amazon,27-02-2026,SIN MEDIDAS,CERAMICA,1,0
2640,"PAQUETE DE 300 MACETAS DE PLASTICO DE 4 PULGADAS PARA PLANTAS, MACETAS PEQUENAS PARA PLANTULAS, MACETAS PARA SUCULENTAS, MACETAS CON AGUJEROS DE DRENAJE, INCLUYE 300 ETIQUETAS PARA PLANTAS",,38133,Amazon,27-02-2026,4PULGADAS,PLASTICO,300,1
2641,"GEPEGE - MACETAS BLANCAS DE INTERIOR, MACETA DE CERAMICA CON ORIFICIO DE DRENAJE, 6.0, 5.0 Y 4.0 PULGADAS, MACETA PARA ORQUIDEAS Y SUCULENTAS, ESMALTE PERLADO DE ARCOIRIS",,37085,Amazon,27-02-2026,4.0PULGADAS,CERAMICA,1,0
2642,"LE TAUCI MACETAS DE CERAMICA, MACETAS CON PATAS DE 5.1 + 6.4 PULGADAS PARA PLANTAS, MACETAS MODERNAS PARA EL HOGAR Y LA OFICINA, MACETAS DE INTERIOR CON DRENAJE, ESMALTE REACTIVO BLANCO",,41474,Amazon,27-02-2026,6.4PULGADAS,CERAMICA,1,0
2643,"PATROCINADO FAMILY PAQUETE DE 20 MACETAS DE ARCILLA TERRACOTA DE 3.15 PULGADAS, MINI MACETAS TRANSPIRABLES Y PINTABLES PARA INTERIORES PARA NINOS Y ADULTOS",,37761,Amazon,27-02-2026,3.15PULGADAS,CERAMICA,20,1
2644,"PATROCINADO PAQUETE DE 4 MACETAS RETRO DE 12 PULGADAS, MACETAS VINTAGE A RAYAS CON ORIFICIO DE DRENAJE Y PLATILLO, MACETAS GRANDES DE PLASTICO PARA PLANTAS DE INTERIOR Y EXTERIOR, MACETAS DECORATIVAS DE",,71850,Amazon,27-02-2026,12PULGADAS,PLASTICO,4,1
2645,"PATROCINADO MACETAS DE 8 PULGADAS PARA INTERIORES Y EXTERIORES, PAQUETE DE 4 MACETAS DE PLASTICO CON AGUJEROS DE DRENAJE Y PLATILLOS, MACETAS DE RESINA CON BANDEJAS, CONTENEDOR CLASICO DE JARDIN PARA",,58857,Amazon,27-02-2026,8PULGADAS,PLASTICO,4,1
2646,"PATROCINADO ARNIS MACETAS MODERNAS, JUEGO DE 2 MACETAS REDONDAS GRANDES CON SOPORTE, MACETAS DE METAL DE GRAN TAMANO CON AGUJEROS DE DRENAJE PARA SALA DE ESTAR, OFICINA, JARDIN O BALCON, 10.5 Y 12.25 PULGADAS",,120597,Amazon,27-02-2026,12.25PULGADAS,METAL,2,1
2647,"MACETAS DE CERAMICA DE 6 PULGADAS CON AGUJEROS DE DRENAJE, PLATILLOS Y ALMOHADILLAS DE MALLA PARA PLANTAS DE INTERIOR Y EXTERIOR, MACETA REDONDA GRANDE DE ORQUIDEA SUCULENTA, JUEGO DE 2",,53265,Amazon,27-02-2026,6PULGADAS,CERAMICA,1,0
2648,"LE TAUCI MACETAS DE CERAMICA PARA PLANTAS, MACETAS DE INTERIOR DE 10+8+6 PULGADAS, MACETAS MODERNAS PARA PLANTAS DE INTERIOR, OFICINA EN CASA, MACETAS REDONDAS CILINDRICAS CON ORIFICIO DE DRENAJE Y",,107447,Amazon,27-02-2026,6PULGADAS,CERAMICA,1,0
2649,"VANCASSO PAQUETE DE 3 MACETAS DE CERAMICA PARA PLANTAS DE INTERIOR DE 3.7/4.8/6.2 PULGADAS CON PLATILLOS Y AGUJERO DE DRENAJE PARA PLANTAS DE INTERIOR Y FLORES, COLOR BLANCO",,62666,Amazon,27-02-2026,6.2PULGADAS,CERAMICA,3,1
2650,"DALZOM(R) 60 MACETAS DE TURBA DE 3.1 PULGADAS CON 60 ETIQUETAS PARA PLANTAS, MACETAS BIODEGRADABLES PARA PLANTULAS CON AGUJEROS DE DRENAJE, MACETAS DE JARDIN PARA VIVEROS, BANDEJAS DE INICIO DE SEMILLAS",,22204,Amazon,27-02-2026,3.1PULGADAS,DESCONOCIDO,60,1
2651,"JUEGO DE 2 MACETAS COLGANTES DE 10 PULGADAS PARA PLANTAS DE INTERIOR CON AUTORIEGO, INCLUYE MACETAS COLGANTES PARA PLANTAS, MACETA COLGANTE PARA EXTERIORES CON DRENAJE Y 2 TIPOS DE GANCHOS PARA CESTAS",,40920,Amazon,27-02-2026,10PULGADAS,DESCONOCIDO,2,1
2652,"MACETAS DE PLASTICO PARA PLANTAS DE 10/9/8/7.5/7 PULGADAS, JUEGO DE 5, JARDINERAS DE FLORES CON AGUJEROS DE DRENAJE Y PLATILLOS, MACETAS DE PLASTICO PARA PLANTAS DE INTERIOR Y EXTERIOR",,44660,Amazon,27-02-2026,7PULGADAS,PLASTICO,1,0
2653,"GARDZEN - PAQUETE DE 10 BOLSAS DE CULTIVO DE 5 GALONES, MACETAS DE TELA DE AIREACION ENGROSADAS DE 300 G CON ASAS, MACETAS DE TELA RESISTENTES PARA PLANTAS",,36531,Amazon,27-02-2026,SIN MEDIDAS,DESCONOCIDO,1,0
2654,"KANTE - MACETA REDONDA DE HORMIGON DE 11.6 PULGADAS DE DIAMETRO, MACETA GRANDE PARA INTERIORES Y EXTERIORES, CON ORIFICIO DE DRENAJE Y TAPON DE GOMA, PARA HOGAR, JARDIN Y PATIO, ACABADO HORMIGON",,121705,Amazon,27-02-2026,11.6PULGADAS,DESCONOCIDO,1,0
2655,"110 PIEZAS DE MACETAS PEQUENAS DE PLASTICO, MACETAS DE 4 PULGADAS CON DRENAJE, MACETAS DE INICIO PARA PLANTULAS DE PLANTAS, IDEALES PARA HIERBAS, ESQUEJES Y PLANTAS DE INICIO",,22135,Amazon,27-02-2026,4PULGADAS,PLASTICO,1,0
2656,"TON SIN MACETAS GRISES, MACETA CON TEXTURA PARA PLANTAS DE INTERIOR, JUEGO DE 3 MACETAS DE CERAMICA CON PLATILLO, BONITAS MACETAS DE JARDIN PARA SUCULENTAS (PAQUETE DE 3, COLOR GRIS)",,36419,Amazon,27-02-2026,SIN MEDIDAS,CERAMICA,3,1
2657,"BUYMAX MACETAS PARA INTERIORES - MACETA DE CERAMICA DE 5 PULGADAS CON ORIFICIO DE DRENAJE Y BANDEJA DE CERAMICA - JARDINERIA PARA EL HOGAR, ESCRITORIO, OFICINA, VENTANA, DECORACION REGALO, JUEGO DE 4",,48928,Amazon,27-02-2026,5PULGADAS,CERAMICA,1,0
2658,"DEEP DREAM - MACETAS DE 6 PULGADAS - MACETA DE CERAMICA CON ORIFICIO DE DRENAJE Y PLATILLO, MACETA REDONDA PARA SUCULENTAS, LENGUA DE SUEGRA Y CACTUS DE INTERIOR Y EXTERIOR, AZUL",,32584,Amazon,27-02-2026,6PULGADAS,CERAMICA,1,0
2659,"BLOEM MATHERS - MACETERO DE JARDIN MODERNO DE RESINA DE 8"" EN TERRACOTA APAGADO, REDONDO, CON AGUJEROS DE DRENAJE Y BANDEJA CON PLATILLO REMOVIBLE INCLUIDA",,35147,Amazon,27-02-2026,SIN MEDIDAS,DESCONOCIDO,1,0
2660,"YBX MACETAS DE CERAMICA DE 8 PULGADAS + 6 PULGADAS PARA PLANTAS, MACETAS PARA FLORES SUCULENTAS CON AGUJEROS DE DRENAJE, JARDINERAS DE TERRACOTA PARA PLANTAS DE INTERIOR, BLANCO & TERRACOTA (JARDIN)",,46131,Amazon,27-02-2026,8PULGADAS,CERAMICA,1,0
2661,"JERIA PAQUETE DE 200 MACETAS DE PLASTICO DE 4 PULGADAS CON 200 ETIQUETAS, CONTENEDOR DE PLANTAS DE FLORES DE PLANTULA Y MACETAS DE INICIO DE SEMILLAS",,32272,Amazon,27-02-2026,4PULGADAS,PLASTICO,200,1
2662,"MACETAS DE VIVERO GRANDES TRANSPARENTES DE 10/8/6/5 PULGADAS CON AGUJEROS DE DRENAJE, PAQUETE DE 16 MACETAS DE PLASTICO TRANSPARENTE DE GALON PARA PLANTAS, MACETA INICIADORA DE PLANTULAS",,48279,Amazon,27-02-2026,5PULGADAS,PLASTICO,16,1
2663,"VANCASSO MACETAS DE CERAMICA, 3 PIEZAS PARA PLANTAS DE INTERIOR, MACETAS DE 4.25 + 5.25 + 6.25 PULGADAS CON DRENAJE, MACETAS DE INTERIOR PARA SUCULENTAS, POTOS, PLANTAS DE SERPIENTE Y ARBOL DEL DINERO",,51759,Amazon,27-02-2026,6.25PULGADAS,CERAMICA,1,0
2664,"LE TAUCI MACETAS DE CERAMICA, 4.3+5.3+6.8 PULGADAS, JUEGO DE 3, MACETAS CON ORIFICIO DE DRENAJE Y PLATILLO, MACETA DE INTERIOR CON ALMOHADILLA DE MALLA DE AGUJERO, REGALOS PARA MAMA, COLOR BLANCO",,65782,Amazon,27-02-2026,6.8PULGADAS,CERAMICA,1,0
2665,"MACETAS DE CERAMICA DE 6 PULGADAS CON ORIFICIO DE DRENAJE Y PLATILLOS PARA PLANTAS DE INTERIOR, MACETAS DE JARDIN PARA SUCULENTAS, ORQUIDEAS Y FLORES, JUEGO DE 2",,42963,Amazon,27-02-2026,6PULGADAS,CERAMICA,1,0
2666,"JERIA PAQUETE DE 100 MACETAS DE 0.5 GALONES, MACETAS DE PLASTICO PARA PLANTULAS DE FLORES, CONTENEDOR DE PLANTAS DE FLORES, MACETA DE INICIO DE SEMILLAS, VIENEN CON 100 ETIQUETAS PARA PLANTAS (NEGRO)",,36159,Amazon,27-02-2026,SIN MEDIDAS,PLASTICO,100,1
2667,"MACETAS GRANDES DE RIEGO AUTOMATICO DE 8/9/10 PULGADAS, MACETAS DE PLASTICO CON ORIFICIOS DE DRENAJE DE MALLA MULTIPLE E INDICADOR DE NIVEL DE AGUA Y DEPOSITO PROFUNDO PARA PLANTAS Y FLORES DE",,35371,Amazon,27-02-2026,10PULGADAS,PLASTICO,1,0
2668,"PURE GARDEN - MACETA CON DISENO DE CELOSIA, 15.5 PULGADAS, MACETA DECORATIVA CUADRADA PARA FLORES O PLANTAS AL AIRE LIBRE, PORCHE DELANTERO, PATIO Y DECORACION DE JARDIN (BLANCO)",,49205,Amazon,27-02-2026,15.5PULGADAS,DESCONOCIDO,1,0
2669,"VIVOSUN PAQUETE DE 5 BOLSAS DE CULTIVO DE PLANTAS DE 3 GALONES, MACETAS DE TELA NO TEJIDA GRUESA RESISTENTE CON ASAS",,54096,Amazon,27-02-2026,SIN MEDIDAS,DESCONOCIDO,1,0
2670,"KETER SIGNATURE CONIC - MACETA REDONDA GRANDE CON ASPECTO DE MADERA DE 28.5 PULGADAS DE ALTO PARA FLORES DE INTERIOR O EXTERIOR, IDEAL PARA DECORACION DE PATIO, TERRAZA Y PORCHE DELANTERO, PALISANDRO",,144679,Amazon,27-02-2026,28.5PULGADAS,NATURAL,1,0
2671,"LE TAUCI JUEGO DE 3 MACETAS DE CERAMICA ESTRIADA DE 8.3/7/5.7 PULGADAS, CILINDRICAS REACTIVAS DE COLOR VERDE OLIVA OSCURO CON TAPON DE DRENAJE Y MALLA, MACETAS DE CERAMICA BRILLANTE PARA SUCULENTAS Y",,82603,Amazon,27-02-2026,5.7PULGADAS,CERAMICA,3,1
2672,"COLECCION DE MACETAS PSW TA30TC - MACETA DE 12 PULGADAS DE PLASTICO/PIEDRA/COMPUESTO DE MADERA PARA BULBOS - SIN ORIFICIO DE DRENAJE (PERFORABLE), MACETA POCO PROFUNDA PARA INTERIOR/EXTERIOR PARA",,35943,Amazon,27-02-2026,12PULGADAS,PLASTICO,1,0
2673,"PAQUETE DE 45 MACETAS TRANSPARENTES DE 7/6/5/4/3 PULGADAS PARA PLANTAS, MACETAS DE PLASTICO TRANSPARENTE CON AGUJEROS DE DRENAJE, PAQUETE VARIADO TRANSPARENTE MACETA DE JARDIN FLEXIBLE PARA",,36999,Amazon,27-02-2026,3PULGADAS,PLASTICO,45,1
2674,"CLASSIC HOME AND GARDEN MACETAS DE RESINA HONEYSUCKLE - MACETAS LIGERAS PARA PLANTAS DE INTERIOR Y EXTERIOR - MACETAS DE PLASTICO RESISTENTES A LOS RAYOS UV - MACETAS PARA FLORES Y HIERBAS (15"" FOSIL)",,82013,Amazon,27-02-2026,SIN MEDIDAS,PLASTICO,1,0
2675,"MACETA DE PLASTICO DE 10 PULGADAS PARA PLANTAS DE INTERIOR, PAQUETE DE 4 MACETAS GRANDES PARA EXTERIORES CON AGUJEROS DE DRENAJE Y PLATILLOS, MACETAS DECORATIVAS DE RESINA PARA JARDIN",,41950,Amazon,27-02-2026,10PULGADAS,PLASTICO,4,1
2676,ROOTRIMMER - MACETA PARA VIVERO DE 8 PULGADAS PARA CULTIVAR MACETAS RESISTENTES A UN PRECIO A GRANEL 20P,,45698,Amazon,27-02-2026,8PULGADAS,DESCONOCIDO,1,0
2677,"MACETA DE CERAMICA PARA PLANTAS, MACETA DE 8 PULGADAS PARA PLANTAS DE INTERIOR, MACETA DE CERAMICA AL AIRE LIBRE, MACETA GRANDE CON ORIFICIO DE DRENAJE Y PLATILLO PARA DECORACION DEL JARDIN",,49083,Amazon,27-02-2026,8PULGADAS,CERAMICA,1,0
2678,"PLANTA DE PLASTICO DE 8 PULGADAS, PAQUETE DE 4 CON AGUJEROS DE DRENAJE Y PLATILLOS, MACETAS DECORATIVAS DE ONDAS DE AGUA PARA PLANTAS DE INTERIOR Y EXTERIOR, PATIO, JARDIN, DECORACION DEL",,37008,Amazon,27-02-2026,8PULGADAS,PLASTICO,1,0
2679,"GROTHEORY PAQUETE DE 100 MACETAS DE VIVERO DE 1 GALON, MACETAS DE PLASTICO DE 6.7 PULGADAS PARA PLANTAS, MACETAS DE FLORES DE PLASTICO, MACETA DE PLANTAS, MACETAS PARA PLANTULAS PARA ENVASADO, SEMILLA",,56562,Amazon,27-02-2026,6.7PULGADAS,PLASTICO,100,1
2680,"THE HC COMPANIES MACETAS REDONDAS TUCSON DE 20 PULGADAS CON ASPECTO DE CERAMICA, RESINA LIGERA RESISTENTE A LOS RAYOS UV PARA INTERIORES Y EXTERIORES, 1 PAQUETE DE MACETAS PARA DECORACION DE JARDIN Y",,142212,Amazon,27-02-2026,20PULGADAS,CERAMICA,1,0
2681,"MACETAS DE CERAMICA PARA INTERIORES, MACETAS REDONDAS DE 10 PULGADAS, 8 PULGADAS Y 6 PULGADAS PARA PLANTAS DE INTERIOR Y EXTERIOR, MODERNAS MACETAS GRANDES CON AGUJEROS DE DRENAJE Y PLATILLOS",,100384,Amazon,27-02-2026,10PULGADAS,CERAMICA,1,0
2682,"MACETAS, MACETAS DE CERAMICA VINTAGE PARA PLANTAS DE INTERIOR, MACETAS DE 6.29 PULGADAS CON DRENAJE, FLORERO Y MACETAS DE LAVANDA DE CAMPO FRANCES, DECORACION ANTIGUA DE HABITACION DEL",,53126,Amazon,27-02-2026,6.29PULGADAS,CERAMICA,1,0
2683,"MACETAS DE 6 PULGADAS CON PLATILLOS, PAQUETE DE 6 MACETAS DE INTERIOR, MACETAS CON AGUJEROS DE DRENAJE PARA ORQUIDEAS, VIOLETAS, SUCULENTAS, HIERBAS Y OTRAS PLANTAS, COLOR BLANCO (NEGRO Y VERDE",,24481,Amazon,27-02-2026,6PULGADAS,DESCONOCIDO,6,1
2684,"MACETA SONRIENTE CON DEDOS MEDIOS HACIA ARRIBA, MACETAS PARA SUCULENTAS, DIVERTIDA MACETA DE RESINA PARA INTERIORES Y EXTERIORES",,21226,Amazon,27-02-2026,SIN MEDIDAS,DESCONOCIDO,1,0
2685,"LE TAUCI MACETA GRANDE DE 14 PULGADAS CON PLATILLO | MACETA GRANDE DE CERAMICA PARA EXTERIORES E INTERIORES | AGUJERO DE DRENAJE, ALMOHADILLA DE MALLA Y TAPON | POROSO SIN ESMALTAR | MODERNO",,207232,Amazon,27-02-2026,14PULGADAS,CERAMICA,1,0
2686,"PAQUETE DE 48 MACETAS DE PLASTICO DE 4 PULGADAS, JUEGO DE MACETAS DE INTERIOR DE PLANTULAS GRUESAS, MACETAS DE INICIO DE SEMILLAS CON AGUJEROS DE DRENAJE, PLATILLOS, MINI HERRAMIENTAS DE JARDIN",,44599,Amazon,27-02-2026,4PULGADAS,PLASTICO,48,1
2687,"MACETAS DE 8 PULGADAS PARA INTERIORES Y EXTERIORES, PAQUETE DE 4 MACETAS DE PLASTICO CON AGUJEROS DE DRENAJE Y PLATILLOS, MACETAS DE RESINA CON BANDEJAS, CONTENEDOR CLASICO DE JARDIN PARA",,58857,Amazon,27-02-2026,8PULGADAS,PLASTICO,4,1
2688,"PAQUETE DE 6 MACETAS DE 8 PULGADAS, MACETAS CON PATRON RETRO CON AGUJEROS DE DRENAJE Y PLATILLO, MACETAS DE JARDIN DE PLASTICO RESISTENTES PARA PLANTAS DE INTERIOR Y EXTERIOR",,63185,Amazon,27-02-2026,8PULGADAS,PLASTICO,6,1
2689,"MACETAS DE CARA CON FORMA DE CABEZA, MACETAS PARA PLANTAS DE INTERIOR - MACETAS DOBLES LINDAS PARA FLORES Y SUCULENTAS CON AGUJEROS DE DRENAJE - IDEAS DE REGALO IDEALES (DAMA BLANCA)",,30211,Amazon,27-02-2026,SIN MEDIDAS,DESCONOCIDO,1,0
2690,"PATROCINADO PAQUETE DE 48 MACETAS DE PLASTICO DE 4 PULGADAS, JUEGO DE MACETAS DE INTERIOR DE PLANTULAS GRUESAS, MACETAS DE INICIO DE SEMILLAS CON AGUJEROS DE DRENAJE, PLATILLOS, MINI HERRAMIENTAS DE JARDIN PARA EL HOGAR, OFICINA, JARDIN, COLOR BLANCO",,42807,Amazon,27-02-2026,4PULGADAS,PLASTICO,48,1
2691,"PATROCINADO JUEGO DE 16 MACETAS DE PLASTICO DE 4 PULGADAS CON BANDEJA, MACETAS RESISTENTES PARA INTERIOR Y EXTERIOR CON 48 ORIFICIOS DE DRENAJE PARA HIERBAS, SUCULENTAS, PLANTULAS, FLORES, DURADERAS Y",,57126,Amazon,27-02-2026,4PULGADAS,PLASTICO,16,1
2692,"PATROCINADO PAQUETE DE 50 BOLSAS DE CULTIVO DE TELA CON ASAS, MACETAS DE CULTIVO DE AIREACION, BOLSAS PARA PLANTAS DE JARDIN, PLANTAS Y VERDURAS, COLOR NEGRO (7 GALONES)",,84334,Amazon,27-02-2026,SIN MEDIDAS,DESCONOCIDO,1,0
2693,"PATROCINADO MACETAS DE 10 PULGADAS PARA INTERIORES Y EXTERIORES, PAQUETE DE 4 MACETAS DE PLASTICO PARA PLANTAS DE INTERIOR CON AGUJEROS DE DRENAJE Y BANDEJAS, JUEGOS DE CONTENEDORES DECORATIVOS DE RESINA",,42045,Amazon,27-02-2026,10PULGADAS,PLASTICO,4,1
2694,"MACETAS DE 7/6.5/6/5.5/5/4.5/4 PULGADAS PARA PLANTAS DE INTERIOR Y EXTERIOR, PAQUETE DE 7 MACETAS GRUESAS CON AGUJEROS DE DRENAJE Y PLATILLOS, MACETAS DE PLASTICO MODERNAS CON TEXTURA DE",,57991,Amazon,27-02-2026,4PULGADAS,PLASTICO,7,1
2695,"100 PAQUETES DE MACETAS DE 4 PULGADAS, 4, 5 Y 6 PULGADAS, MACETAS DE PLASTICO PARA PLANTAS CON AGUJEROS DE DRENAJE, MACETAS DE JARDIN DE INICIO DE SEMILLAS DE FLORES, CONTENEDOR PARA PLANTAS",,21668,Amazon,27-02-2026,4PULGADAS,PLASTICO,1,0
2696,"TERGY PAQUETE DE 50 MACETAS PARA PLANTAS DE 4 PULGADAS A GRANEL MACETAS PEQUENAS DE PLASTICO CON AGUJEROS DE DRENAJE MACETA PARA FLORES PARA SUCULENTAS, CACTUS, HIERBAS, VIOLETA AFRICANA",,39180,Amazon,27-02-2026,4PULGADAS,PLASTICO,50,1
2697,"SUNGMOR - MACETA DE CEMENTO DE 6.3 PULGADAS PARA PLANTAS, MACETA PARA SUCULENTAS CON DISENO EN RELIEVE, FLOREROS DE HORMIGON VINTAGE CON ORIFICIO DE DRENAJE, MACETA DECORATIVA PARA ORQUIDEAS Y PLANTAS",,77036,Amazon,27-02-2026,6.3PULGADAS,CEMENTICIO,1,0
2698,"ARNIS MACETAS MODERNAS, JUEGO DE 2 MACETAS REDONDAS GRANDES CON SOPORTE, MACETAS DE METAL DE GRAN TAMANO CON AGUJEROS DE DRENAJE PARA SALA DE ESTAR, OFICINA, JARDIN O BALCON, 10.5 Y 12.25 PULGADAS",,120597,Amazon,27-02-2026,12.25PULGADAS,METAL,2,1
2699,"SOPORTE PARA PLANTAS DE INTERIOR CON LUCES DE CULTIVO, ESTANTE GRANDE DE 55 PULGADAS DE ALTO CON 7 NIVELES PARA PLANTAS DE INTERIOR, ESTANTE EN FORMA DE JARRON, SOPORTE PARA MACETAS",,102227,Amazon,27-02-2026,55PULGADAS,DESCONOCIDO,1,0
2700,"VECELO JUEGO DE 5 SOPORTES DE METAL PARA PLANTAS, SOPORTE PARA MACETAS DE ALTA RESISTENCIA, SOPORTE REDONDO PARA PLANTAS, COLOR NEGRO",,64389,Amazon,27-02-2026,SIN MEDIDAS,METAL,5,1
2701,"D'VINE DEV MACETA NEGRA DE 8 PULGADAS CON SOPORTE, MODERNA MACETA CILINDRICA DE PLASTICO CON SOPORTE DE METAL RESISTENTE PARA PLANTAS DE INTERIOR, 55-D-B-1",,76170,Amazon,27-02-2026,8PULGADAS,PLASTICO,1,0
2702,"D'VINE DEV JUEGO DE 3 MACETAS DE PLASTICO DE COLOR NEGRO PARA PLANTAS CON AGUJERO DE DRENAJE Y PLATILLOS SIN COSTURAS, TAMANO MEDIANO DE 6, 6.5 Y 8 PULGADAS, 74-V-B-3",,35596,Amazon,27-02-2026,8PULGADAS,PLASTICO,3,1
2703,"MACETAS CUADRADAS ROOTRIMMER PARA VIVERO DE 4 PULGADAS 60 PIEZAS, MACETAS DE PLANTULAS DE PLASTICO PARA PROPAGACION DE SEMILLAS (NEGRO, 4 PULGADAS, 60 PIEZAS)",,65774,Amazon,27-02-2026,4PULGADAS,PLASTICO,1,0
2704,"JUEGO DE MACETAS GRANDES DE RIEGO AUTOMATICO DE 12 PULGADAS, MACETAS CON AGUJEROS DE DRENAJE Y PLATILLO DE MALLA MULTIPLE, ADECUADAS PARA PLANTAS DE JARDIN DE INTERIORES Y EXTERIORES, COLOR",,46391,Amazon,27-02-2026,12PULGADAS,DESCONOCIDO,1,0
2705,"PATROCINADO PAQUETE DE 36 MACETAS DE PLASTICO DE 4 PULGADAS PARA PLANTAS DE VIVERO, MACETAS GRUESAS PARA PLANTAS DE SEMILLERO CON BANDEJA, MACETAS BLANCAS, RECIPIENTES PARA PLANTAS DE JARDINERIA PARA",,37761,Amazon,27-02-2026,4PULGADAS,PLASTICO,36,1
2706,"PATROCINADO MACETAS PARA PLANTAS CON AGUJEROS DE DRENAJE Y PLATILLOS, PAQUETE DE 15, MACETAS APILABLES PARA INTERIORES Y EXTERIORES QUE AHORRAN ESPACIO PARA PLANTAS DE INTERIOR Y FLORES, (7"", 6.7"", 6"", 5.3"" Y 4.8",,42098,Amazon,27-02-2026,SIN MEDIDAS,DESCONOCIDO,1,0
2707,"PATROCINADO MACETAS DE 8 PULGADAS PARA PLANTAS DE FLOR, JUEGO DE 4 MACETAS PEQUENAS DE PLASTICO CON AGUJERO DE DRENAJE Y BANDEJA, MACETA DE JARDIN MODERNA DECORATIVA CON PLATILLO, CONTENEDOR DE PLANTAS",,59723,Amazon,27-02-2026,8PULGADAS,PLASTICO,4,1
2708,"PATROCINADO PAQUETE DE 4 MACETAS GRANDES DE 16 PULGADAS, MACETA DE PLASTICO PARA INTERIORES Y EXTERIORES CON AGUJEROS DE DRENAJE Y PLATILLO, MACETAS CON PATRON A CUADROS, MACETAS DE JARDIN PARA HIERBAS",,113706,Amazon,27-02-2026,16PULGADAS,PLASTICO,4,1
2709,"SQOWL MACETA DE CERAMICA DE 6 PULGADAS CON ORIFICIO DE DRENAJE Y PLATILLO, MACETA REDONDA PARA SUCULENTAS PARA PLANTAS DE INTERIOR Y EXTERIOR, COLOR AZUL",,32125,Amazon,27-02-2026,6PULGADAS,CERAMICA,1,0
2710,"MACETAS DE RIEGO AUTOMATICO DE 12, 10, 9, 8 PULGADAS CON INDICADOR DE NIVEL DE AGUA, JUEGO DE MACETAS GRANDES DE PLASTICO CON ORIFICIO DE DRENAJE DE MALLA Y DEPOSITO DE PLATILLO EXTRAIBLE, MACETA",,55056,Amazon,27-02-2026,8PULGADAS,PLASTICO,1,0
2711,"VANCASSO MACETAS DE CERAMICA, MACETAS PARA PLANTAS DE INTERIOR, MACETAS DE CERAMICA DE 6.25+8.25+10.25 PULGADAS PARA PLANTAS, MACETAS CON AGUJEROS DE DRENAJE, MACETAS PARA PLANTAS DE INTERIOR DE CASA",,124457,Amazon,27-02-2026,10.25PULGADAS,CERAMICA,1,0
2712,"MACETAS ABSTRACTAS CON CABEZA, MACETA UNICA PARA PLANTAS DE INTERIOR, MACETA DE CARA DIVERTIDA, MACETAS COLORIDAS PARA DECORACION DE JARDIN AL AIRE LIBRE Y DECORACION DE ARTE DEL HOGAR",,45621,Amazon,27-02-2026,SIN MEDIDAS,DESCONOCIDO,1,0
2713,"PATROCINADO MACETAS DE VIVERO DE 3 PULGADAS, 100 PIEZAS CON 5 BANDEJAS DE 20 CELDAS, 5 JUEGOS DE SEMILLAS PARA PLANTULAS, PROPAGACION Y JARDINERIA EN EL HOGAR, JUEGO DE GERMINACION DE BANDEJAS VERDES",,65367,Amazon,27-02-2026,3PULGADAS,DESCONOCIDO,1,0
2714,"PATROCINADO MACETA DE ORQUIDEAS CON PLATILLOS, PAQUETE DE 9 MACETAS DE ORQUIDEAS CON AGUJEROS Y 12 ESTACAS PARA PLANTAS, 3 DE CADA UNA DE 4.3, 5.5, 6.1 PULGADAS DE PLASTICO TRANSPARENTE PARA PLANTAS DE INTERIOR Y",,54529,Amazon,27-02-2026,6.1PULGADAS,PLASTICO,9,1
2715,"PATROCINADO WOUSIWER PAQUETE DE 16 MACETAS DE PLASTICO DE 6 PULGADAS, MACETAS DE INTERIOR PARA FLORES, MACETAS DE 6 PULGADAS RESISTENTES Y ELEGANTES PARA PLANTAS DE INTERIOR CON AGUJEROS DE DRENAJE Y BANDEJA PARA",,43708,Amazon,27-02-2026,6PULGADAS,PLASTICO,16,1
2716,"PATROCINADO GARDIFE PAQUETE DE 20 MACETAS DE 4 PULGADAS, MACETAS PARA PLANTAS DE INTERIOR, MACETAS, COLOR",,58857,Amazon,27-02-2026,4PULGADAS,DESCONOCIDO,20,1
2717,"PAQUETE DE 40 MACETAS DE VIVERO TRANSPARENTES DE 4/5/6/7 PULGADAS CON DRENAJE Y PLATILLO, MACETAS DE PLASTICO TRANSPARENTES PARA PLANTAS, MACETAS FLEXIBLES PARA EL INICIO DE SEMILLAS PARA",,41993,Amazon,27-02-2026,7PULGADAS,PLASTICO,40,1
2718,"WOUSIWER PAQUETE DE 16 MACETAS DE PLASTICO DE 6 PULGADAS, MACETAS DE PLASTICO PARA INTERIORES, RESISTENTES Y ELEGANTES DE 6 PULGADAS PARA PLANTAS DE INTERIOR CON AGUJEROS DE DRENAJE Y BANDEJA PARA",,39864,Amazon,27-02-2026,6PULGADAS,PLASTICO,16,1
2719,"MELPHOE PAQUETE DE 2 MACETAS COLGANTES DE RIEGO AUTOMATICO PARA INTERIORES, MACETAS DE FLORES, CESTA COLGANTE DE 6.5 PULGADAS PARA EXTERIORES, COLGADOR DE PLANTAS CON 3 GANCHOS Y AGUJEROS DE DRENAJE",,33086,Amazon,27-02-2026,6.5PULGADAS,DESCONOCIDO,2,1
2720,"PAQUETE DE 45 MACETAS TRANSPARENTES DE VIVERO DE 7/8/10 PULGADAS CON AGUJEROS DE DRENAJE, MACETAS DE PLASTICO TRANSPARENTE DE GALON GRANDE MAS ALTAS PARA PLANTAS, MACETA PARA PLANTULAS PARA",,77322,Amazon,27-02-2026,10PULGADAS,PLASTICO,45,1
2721,"HOMENOTE MACETAS, PAQUETE DE 15 MACETAS DE 6 PULGADAS CON MULTIPLES AGUJEROS DE DRENAJE Y PLATILLOS, MACETAS DE PLASTICO PARA TODAS LAS FLORES DE JARDIN DEL HOGAR Y SUCULENTAS (VERDE)",,38955,Amazon,27-02-2026,6PULGADAS,PLASTICO,15,1
2722,"100 PIEZAS MACETAS DE PLASTICO DE 3.5 PULGADAS PARA PLANTULAS, MACETAS DE VIVERO, MACETA DE INICIO DE SEMILLAS PARA SUCULENTAS, PLANTULAS, ESQUEJES, TRASPLANTES",,23624,Amazon,27-02-2026,3.5PULGADAS,PLASTICO,1,0
2723,"LAND GUARD PAQUETE DE 4 BOLSAS DE CULTIVO DE TELA DE 5 GALONES, MACETAS DE JARDIN NO TEJIDAS GRUESAS, BOLSAS DE CULTIVO CON ASAS, COLOR NEGRO",,17876,Amazon,27-02-2026,SIN MEDIDAS,DESCONOCIDO,1,0
2724,"DECO 79 MACETA DE METAL PARA INTERIORES Y EXTERIORES, MACETA PEQUENA CON SOPORTE EXTRAIBLE, JUEGO DE 2 MACETAS, 12 PULGADAS DE ALTO, 9 PULGADAS DE ALTO, COLOR DORADO",,70976,Amazon,27-02-2026,12PULGADAS,METAL,2,1
2725,"AMAZON BASICS MACETA CON PLATILLO, 8 PULGADAS, BLANCO, PAQUETE DE 1",,27962,Amazon,27-02-2026,8PULGADAS,DESCONOCIDO,1,0
2726,"AUGSHY MACETA DE VIVERO, 110 MACETAS DE PLASTICO DE 4 PULGADAS, MACETAS DE INICIO DE SEMILLAS, MACETAS DE SIEMBRA PARA INTERIORES Y EXTERIORES",,21927,Amazon,27-02-2026,4PULGADAS,PLASTICO,110,1
2727,"SOUJOY JUEGO DE 3 MACETAS DE CERAMICA PARA FLORES, MACETA DE JARDINERIA CON AGUJEROS DE DRENAJE Y PLATILLO, 7/5/4 PULGADAS DE COLOR PURPURA REDONDA PARA SUCULENTAS, HIERBAS Y CACTUS PARA INTERIOR Y",,39163,Amazon,27-02-2026,4PULGADAS,CERAMICA,3,1
2728,"SOPORTE AJUSTABLE PARA PLANTAS DE INTERIOR, SOPORTE MODERNO DE METAL PARA PLANTAS DE INTERIOR, SOPORTES RESISTENTES PARA PLANTAS AL AIRE LIBRE PARA ESQUINA, SOPORTE ESTABLE PARA PLANTAS, SE",,50200,Amazon,27-02-2026,SIN MEDIDAS,METAL,1,0
2729,"MIXC 18 PAQUETES DE MACETAS DE RIEGO AUTOMATICO DE 6.5/5/4 PULGADAS PARA PLANTAS DE INTERIOR, MACETAS TRANSPARENTES PARA VIVEROS CON DRENAJE, DEPOSITO VISIBLE PROFUNDO, MACETA DE FLORES AL AIRE LIBRE",,45119,Amazon,27-02-2026,4PULGADAS,DESCONOCIDO,1,0
2730,"60 PIEZAS MACETAS DE VIVERO DE 1 GALON,MACETAS DE PLASTICO PARA SEMBRAR CON AGUJEROS DE DRENAJE,MACETAS DE PLASTICO PARA PLANTAS,CORTE,TRASPLANTE,JARDIN CASERO (NEGRO)",,34324,Amazon,27-02-2026,SIN MEDIDAS,PLASTICO,1,0
2731,"KANTE MACETA REDONDA DE HORMIGON DE 14 PULGADAS DE DIAMETRO, MACETA GRANDE PARA INTERIORES Y EXTERIORES, CON ORIFICIO DE DRENAJE Y TAPON DE GOMA PARA EL HOGAR, PATIO, JARDIN, COLOR GRIS CLARO",,124942,Amazon,27-02-2026,14PULGADAS,DESCONOCIDO,1,0
2732,"VECELO JUEGO DE MACETAS DE JARDIN VERTICAL DE 5 NIVELES, MACETAS APILABLES DE RIEGO AUTOMATICO CON RUEDAS PARA FRESAS, HIERBAS, FLORES, VERDURAS, BLANCO",,63583,Amazon,27-02-2026,SIN MEDIDAS,DESCONOCIDO,1,0
2733,"VIVOSUN 100 MACETAS DE PLASTICO DE 4 PULGADAS, MACETA DE INICIO DE SEMILLAS, CONTENEDOR DE PLANTAS DE FLORES PARA PLANTULAS, ESQUEJES, TRASPLANTES",,35284,Amazon,27-02-2026,4PULGADAS,PLASTICO,100,1
2734,"MACETAS DE 8 PULGADAS, JUEGO DE 2, MACETAS CON MULTIPLES AGUJEROS DE DRENAJE DE MALLA, MACETAS PARA PLANTAS Y FLORES DE JARDIN DE INTERIORES Y EXTERIORES (BLANCO)",,34627,Amazon,27-02-2026,8PULGADAS,DESCONOCIDO,1,0
2735,"OJYUDD - JUEGO DE 8 MACETEROS DE 4 PULGADAS CON AUTORRIEGO DE PLASTICO CON MACETA INTERIOR, MACETA DE FLORES BLANCA, MODERNA Y DECORATIVA PARA TODAS LAS PLANTAS, FLORES, HIERBAS, VIOLETAS AFRICANAS",,21841,Amazon,27-02-2026,4PULGADAS,PLASTICO,8,1
2736,"COLECCION DE MACETAS PSW TD25TC DE PLASTICO/PIEDRA/COMPUESTO DE MADERA POCO PROFUNDA - SIN ORIFICIO DE DRENAJE (PERFORABLE), MACETA PARA SUCULENTAS, BONSAIS, JARDINES DE HADAS, HIERBAS, 10 PULGADAS",,30679,Amazon,27-02-2026,10PULGADAS,PLASTICO,1,0
2737,"HAAWOOKY JUEGO DE 12 MACETAS DE RIEGO AUTOMATICO DE PLASTICO, MACETA DE FLORES DE PLASTICO DE 4 PULGADAS CON MACETA INTERIOR, MACETA DE RIEGO AUTOMATICO DE PLASTICO BLANCO PARA HIERBAS, FLORES, TODAS",,27450,Amazon,27-02-2026,4PULGADAS,PLASTICO,12,1
2738,"T4U MACETAS DE RIEGO AUTOMATICO DE 6 PULGADAS PARA PLANTAS DE INTERIOR, PAQUETE DE 6 MACETAS PARA PLANTAS, MACETA DE RIEGO AUTOMATICO PARA PLANTAS DE INTERIOR, MACETAS DE PLASTICO DURADERAS, FLORES",,36721,Amazon,27-02-2026,6PULGADAS,PLASTICO,6,1
2739,"T4U MACETAS DE 18 UNIDADES, MACETA DE 5 PULGADAS CON PLATILLO Y ORIFICIO DE DRENAJE, MACETAS DE PLASTICO DURADERAS, MACETAS PEQUENAS PARA PLANTAS, VIOLETA, SUCULENTAS Y DECORATIVAS PARA PLANTAS DE",,33233,Amazon,27-02-2026,5PULGADAS,PLASTICO,18,1
2740,"MACETAS TON SIN, MACETAS BLANCAS DE 6 PULGADAS PARA PLANTAS, MACETA DE CERAMICA CON AGUJEROS DE DRENAJE, MACETAS DE INTERIOR CON PLATILLO, MACETAS DE JARDIN AL AIRE LIBRE (BLANCO, PAQUETE DE 4)",,61203,Amazon,27-02-2026,6PULGADAS,CERAMICA,1,0
2741,"MACETAS DE 8/7/6 PULGADAS, JUEGO DE 3 MACETAS CILINDRICAS PARA PLANTAS DE INTERIOR Y EXTERIOR, MACETAS DECORATIVAS DE PLASTICO CON AGUJEROS DE DRENAJE Y BANDEJAS PARA PLANTAS DE JARDIN",,58805,Amazon,27-02-2026,6PULGADAS,PLASTICO,3,1
2742,"MACETA DE MADRESELVA PARA PATIO, 15 PULGADAS (TEQUILA SUNRISE)",,95189,Amazon,27-02-2026,15PULGADAS,DESCONOCIDO,1,0
2743,"LE TAUCI MACETA DE CERAMICA, MACETA DE 10 PULGADAS CON ORIFICIO DE DRENAJE Y PLATILLO, MACETA DE INTERIOR DURADERA PARA DECORACION MODERNA DEL HOGAR, ESMALTE REACTIVO, COLOR BEIGE",,68163,Amazon,27-02-2026,10PULGADAS,CERAMICA,1,0
2744,"VANCASSO MACETAS DE CERAMICA DE 4.25 + 5.25 + 6.25 PULGADAS CON ORIFICIO DE DRENAJE, MACETAS PARA PLANTAS DE INTERIOR Y EXTERIOR, JUEGO DE 3, COLOR BLANCO",,60485,Amazon,27-02-2026,6.25PULGADAS,CERAMICA,1,0
2745,"VIVOSUN MACETAS DE RIEGO AUTOMATICO, PAQUETE DE 4 MACETAS RECTANGULARES COMPACTAS DE 10.5 PULGADAS CON 10 ETIQUETAS PARA PLANTAS, CONTENEDOR PARA PLANTAS DE ALBAHACA, FLORES, SUCULENTAS, INTERIOR Y",,45222,Amazon,27-02-2026,10.5PULGADAS,DESCONOCIDO,4,1
2746,"CLASSIC HOME AND GARDEN CORINTHIAN - MACETA DE RESINA PARA INTERIORES Y EXTERIORES, MACETA REDONDA PARA PLANTAS Y FLORES (13 PULGADAS, CENIZA MARFIL, PAQUETE DE 1)",,73521,Amazon,27-02-2026,13PULGADAS,DESCONOCIDO,1,0
2747,"T4U MACETAS PARA PLANTAS DE 4 PULGADAS, PAQUETE DE 8, MACETAS PEQUENAS PARA FLORES CON ORIFICIO DE DRENAJE Y PLATILLO, MACETA DECORATIVA DE VIVERO A GRANEL PARA VIOLETA AFRICANA, PLANTA SERPIENTE",,19399,Amazon,27-02-2026,4PULGADAS,DESCONOCIDO,1,0
2748,"MACETAS DE PLASTICO PARA PLANTAS DE 10 PULGADAS CON AGUJERO DE DRENAJE Y PLATILLO, 3 PAQUETES, MACETAS DE RESINA LIGERAS Y PEQUENAS PARA INTERIORES Y EXTERIORES, JUEGOS DE RECIPIENTES DECORATIVOS DE",,40115,Amazon,27-02-2026,10PULGADAS,PLASTICO,1,0
2749,"MACETAS DE 8 PULGADAS, PAQUETE DE 6 MACETAS DE PLASTICO PARA PLANTAS DE INTERIOR Y EXTERIOR, MACETAS CON AGUJEROS DE DRENAJE Y PLATILLO, MACETA DE JARDIN PARA PLANTAS (MULTICOLOR)",,47188,Amazon,27-02-2026,8PULGADAS,PLASTICO,6,1
2750,"FAITHLAND PAQUETE DE 6 MACETAS DE PLASTICO DE 6 PULGADAS CON PLATILLOS | MATERIAL DE POLIPROPILENO GRUESO, TEXTURA ONDULADA MODERNA, DRENAJE MEJORADO PARA PLANTAS DE JARDIN DE INTERIOR/EXTERIOR |",,32982,Amazon,27-02-2026,6PULGADAS,PLASTICO,6,1
2751,"PAQUETE DE 120 MACETAS DE VIVERO DE 4 PULGADAS PARA PLANTAS, MACETAS DE PLASTICO INICIADORAS DE SEMILLAS CON AGUJEROS DE DRENAJE, PEQUENAS MACETAS DE PLASTICO PARA SUCULENTAS, PLANTULAS, CORTE",,52797,Amazon,27-02-2026,4PULGADAS,PLASTICO,120,1
2752,"CORTEN - MACETA DE ACERO CON ACABADO DE PATINA OXIDO, PERFECTA PARA PATIOS, TERRAZAS Y ENTORNOS COMERCIALES O RESIDENCIALES, MACETA EN CUBO, 20 X 20 X 20 PULGADAS, CAJA PARA EXTERIORES",,173991,Amazon,27-02-2026,20X20X20,METAL,1,0
2753,"THE HC COMPANIES CUENCO CAPRI REDONDO DE PLASTICO DE 8 PULGADAS PARA SUCULENTAS, 8 X 8 X 3 PULGADAS, COLOR HORMIGON SINTETICO CON BANDA DE COBRE",,25590,Amazon,27-02-2026,8PULGADAS,PLASTICO,1,0
2754,"100 MACETAS FLEXIBLES DE 1 GALON PARA PLANTAS, MACETAS DE PLASTICO SUAVE CON AGUJERO, CONTENEDOR DE PLANTAS DE FLORES PARA PLANTULAS, ESQUEJES, MACETAS, TRASPLANTES, COLOR NEGRO",,49932,Amazon,27-02-2026,SIN MEDIDAS,PLASTICO,100,1
2755,"PAQUETE DE 36 MACETAS DE PLASTICO DE 4 PULGADAS CON PLATILLOS, MACETAS DE FLORES COLORIDAS, MACETAS DE INICIO DE SEMILLAS, MACETAS ENGROSADAS, MACETAS DE VIVERO PARA EL HOGAR, JARDIN, FLORES",,38349,Amazon,27-02-2026,4PULGADAS,PLASTICO,36,1
2756,"PLANTA DE PLASTICO DE 8 PULGADAS, PAQUETE DE 4 CON AGUJEROS DE DRENAJE Y PLATILLOS, MACETAS DECORATIVAS DE ONDAS DE AGUA PARA PLANTAS DE INTERIOR Y EXTERIOR, PATIO, JARDIN, DECORACION DEL",,37008,Amazon,27-02-2026,8PULGADAS,PLASTICO,1,0
2757,"MACETA VINTAGE DE CERAMICA CON GRIETAS DE HIELO Y ORIFICIOS DE DRENAJE, MACETAS RUSTICAS DE ESTILO COUNTRY PARA INTERIOR Y EXTERIOR, DECORACION TOSCANA, PARA EL HOGAR, SALA DE ESTAR",,35553,Amazon,27-02-2026,SIN MEDIDAS,CERAMICA,1,0
2758,"MACETAS DE 6 PULGADAS PARA PLANTAS DE INTERIOR Y EXTERIOR, JUEGO DE 6 MACETAS PLASTICAS PEQUENAS CON AGUJERO DE DRENAJE Y BANDEJA, MACETA DE JARDIN MODERNA Y DECORATIVA CON PLATILLO, MACETA",,57126,Amazon,27-02-2026,6PULGADAS,PLASTICO,6,1
2759,"PAQUETE DE 5 MACETAS DE PLASTICO DE 10 PULGADAS CON AGUJEROS DE DRENAJE Y TAPONES, MACETAS LIGERAS PARA PLANTAS DE INTERIOR Y EXTERIOR, FLORES, MONSTERA, PLANTA DE SERPIENTE, JARDIN EN CASA",,42504,Amazon,27-02-2026,10PULGADAS,PLASTICO,5,1
2760,"PATROCINADO PAQUETE DE 48 MACETAS DE PLASTICO DE 5.5 PULGADAS, JUEGO DE MACETAS DE INTERIOR DE PLANTULAS GRUESAS, MACETAS DE INICIO DE SEMILLAS CON AGUJEROS DE DRENAJE, PLATILLOS MINI HERRAMIENTA DE JARDIN PARA EL HOGAR, OFICINA, JARDIN, MULTICOLOR",,70266,Amazon,27-02-2026,5.5PULGADAS,PLASTICO,48,1
2761,"PATROCINADO 36 MACETAS CUADRADAS DE TURBA DE 3 PULGADAS, KITS DE MACETAS BIODEGRADABLES DE SEMILLAS DE HIERBAS, MACETAS DE PLANTULAS, MACETAS DE TURBA GERMINADAS DE JARDIN AL AIRE LIBRE CON 36 ETIQUETAS",,54529,Amazon,27-02-2026,3PULGADAS,DESCONOCIDO,36,1
2762,"PATROCINADO PAQUETE DE 6 MACETAS DE 8 PULGADAS, MACETAS CON PATRON RETRO CON AGUJEROS DE DRENAJE Y PLATILLO, MACETAS DE JARDIN DE PLASTICO RESISTENTES PARA PLANTAS DE INTERIOR Y EXTERIOR",,63185,Amazon,27-02-2026,8PULGADAS,PLASTICO,6,1
2763,"PATROCINADO USOCIK PAQUETE DE 4 MACETAS RETRO DE 10 PULGADAS, MACETAS VINTAGE A RAYAS CON ORIFICIO DE DRENAJE Y PLATILLO, MACETAS GRANDES DE PLASTICO PARA PLANTAS DE INTERIOR Y EXTERIOR, MACETAS DECORATIVAS DE",,41275,Amazon,27-02-2026,10PULGADAS,PLASTICO,4,1
2764,"KANTE - MACETA REDONDA CON BORDE DE 11 PULGADAS DE DIAMETRO, MACETAS GRANDES DE HORMIGON CON AGUJERO DE DRENAJE Y TAPON DE GOMA, DECORACION MODERNA PARA PLANTAS DE INTERIOR Y EXTERIOR, FLORES",,87277,Amazon,27-02-2026,11PULGADAS,DESCONOCIDO,1,0
2765,"ROOT & VESSEL MAJESTIC MID-CENTURY MODERN - MACETA CILINDRICA DE PERFIL BAJO, COLOR NEGRO MATE, 6.5 PULGADAS",,24992,Amazon,27-02-2026,6.5PULGADAS,DESCONOCIDO,1,0
2766,"MACETAS DE 10 PULGADAS PARA PLANTAS, PAQUETE DE 4 MACETAS GRANDES DE PLASTICO PARA INTERIORES Y EXTERIORES, MACETA DE RESINA CON DRENAJE Y PLATILLO, MACETA DE JARDIN DECORATIVA RETRO CON BANDEJAS",,41024,Amazon,27-02-2026,10PULGADAS,PLASTICO,4,1
2767,"MACETAS DE VIVERO DE PLASTICO DE 6 PULGADAS, PAQUETE DE 16 MACETAS PARA PLANTAS PEQUENAS DE INTERIOR Y EXTERIOR, MACETAS CON AGUJEROS DE DRENAJE Y PLATILLOS, MACETAS DECORATIVAS DE INICIO DE",,37154,Amazon,27-02-2026,6PULGADAS,PLASTICO,16,1
2768,"VANCASSO MACETAS DE CERAMICA, 4+5+6 PULGADAS, JUEGO DE 3, MACETAS CON ORIFICIO DE DRENAJE, MACETAS PARA PLANTAS DE INTERIOR, MACETA MODERNA DECORATIVA DE INTERIOR, DECORACION DEL HOGAR, COLOR BLANCO",,64908,Amazon,27-02-2026,6PULGADAS,CERAMICA,1,0
2769,"PAQUETE DE 36 MACETAS DE PLASTICO DE 4 PULGADAS CON PLATILLOS, MACETAS DE FLORES COLORIDAS, MACETAS DE INICIO DE SEMILLAS, MACETAS ENGROSADAS, MACETAS DE VIVERO PARA EL HOGAR, JARDIN, FLORES",,38349,Amazon,27-02-2026,4PULGADAS,PLASTICO,36,1
2770,"MACETAS DE 10 PULGADAS PARA INTERIORES Y EXTERIORES, PAQUETE DE 4 MACETAS DE PLASTICO PARA PLANTAS DE INTERIOR CON AGUJEROS DE DRENAJE Y BANDEJAS, JUEGOS DE CONTENEDORES DECORATIVOS DE RESINA",,42045,Amazon,27-02-2026,10PULGADAS,PLASTICO,4,1
2771,"PAQUETE DE 10 MACETAS DE 6 PULGADAS CON DRENAJE Y PLATILLOS, MACETAS DE PLASTICO PARA PLANTAS DE INTERIOR Y EXTERIOR, MACETAS APILABLES PARA PLANTAS DE INTERIOR Y HIERBAS, TERRACOTA",,31051,Amazon,27-02-2026,6PULGADAS,PLASTICO,10,1
2772,"VIVOSUN PAQUETE DE 4 MACETAS DE AUTORIEGO FLEXFEED, BASE DE MACETA DE TELA CON RIEGO AUTOMATICO CON MEDIDOR DE AGUA Y VENTANA DE MANTENIMIENTO, PARA USO EN INTERIORES/EXTERIORES EN CARPAS DE CULTIVO",,85468,Amazon,27-02-2026,SIN MEDIDAS,DESCONOCIDO,4,1
2773,"MACETAS, MACETAS DE FLORES, MACETAS PARA PLANTAS DE INTERIOR (16.5+14 CM), MACETAS DE FLORES PARA PLANTAS DE INTERIOR CON AGUJERO DE DRENAJE Y PLATILLO, MACETAS DE CERAMICA PARA PLANTAS CON",,41699,Amazon,27-02-2026,14CM,CERAMICA,1,0
2774,"DAHEY - CESTA DE PLANTAS DE YUTE Y CUERDA DE ALGODON EMPALMADA, CESTA TEJIDA MODERNA DE ALMACENAMIENTO PARA MACETERO DE PISO DE 10.5 PULGADAS PARA INTERIORES, CUBRE MACETAS DECORATIVAS, CONTENEDOR DE",,28299,Amazon,27-02-2026,10.5PULGADAS,DESCONOCIDO,1,0
2775,"PATROCINADO MACETAS DE CERAMICA NEGRA MATE, MACETAS DE 8.1 + 6 PULGADAS PARA PLANTAS DE INTERIOR, MACETAS MODERNAS CON DRENAJE, JUEGO DE DOS TAMANOS",,57584,Amazon,27-02-2026,6PULGADAS,CERAMICA,1,0
2776,"PATROCINADO 100 MACETAS DE 2 GALONES, MACETA DE PLASTICO PARA PLANTAR SEMILLAS, MACETAS DE PLANTULAS DE FLORES CON AGUJEROS DE DRENAJE, CONTENEDOR FLEXIBLE PARA INTERIORES Y EXTERIORES, JARDIN, CESPED, PATIO",,81053,Amazon,27-02-2026,SIN MEDIDAS,PLASTICO,100,1
2777,"PATROCINADO MACETAS AMARILLAS CON AGUJEROS DE DRENAJE Y PLATILLOS, PAQUETE DE 20 MACETAS APILABLES PARA INTERIORES Y EXTERIORES, PARA PLANTAS DE INTERIOR Y FLORES, (7, 6.7, 6, 5.3 Y 4.8 PULGADAS), DURADERAS Y",,52849,Amazon,27-02-2026,4.8PULGADAS,DESCONOCIDO,20,1
2778,"PATROCINADO MACETAS PARA PLANTAS, PAQUETE DE 12 MACETAS MODERNAS DE PLASTICO DE 6 PULGADAS CON AGUJEROS DE DRENAJE Y PLATILLOS PARA PLANTAS Y FLORES DE INTERIOR Y EXTERIOR, COLOR BLANCO",,34419,Amazon,27-02-2026,6PULGADAS,PLASTICO,12,1
2779,"MACETAS DE CERAMICA CON ORIFICIOS DE DRENAJE Y PLATILLOS, MACETAS REDONDAS AZULES PARA PLANTAS DE INTERIOR, DIAMETRO 3.3/4.3/5.5 PULGADAS, JUEGO DE 3 MACETAS PEQUENAS PARA FLORES",,28671,Amazon,27-02-2026,5.5PULGADAS,CERAMICA,3,1
2780,"MYGIFT - JUEGO DE 2 MACETAS MODERNAS RECTANGULARES DE CERAMICA BLANCA SIN ESMALTAR DE 10 PULGADAS PARA PLANTAS DE INTERIOR CON ORIFICIO DE DRENAJE, MACETA PARA SUCULENTAS CON VENTANA Y PLATILLO",,73738,Amazon,27-02-2026,10PULGADAS,CERAMICA,2,1
2781,"MACETAS DE 7/6.5/6/5/4 PULGADAS PARA PLANTAS PEQUENAS DE INTERIOR Y EXTERIOR, PAQUETE DE 5 MACETAS CILINDRICAS CON AGUJEROS DE DRENAJE Y PLATILLOS, MACETAS DE PLASTICO PARA PLANTAS SUCULENTAS",,36549,Amazon,27-02-2026,4PULGADAS,PLASTICO,5,1
2782,"MACETAS GRANDES DE FLORES DE 12/10/9 PULGADAS, JUEGO DE 3 MACETAS GRANDES PARA PLANTAS DE EXTERIOR E INTERIOR CON ONDAS DE AGUA, MACETAS ANCHAS DE PLASTICO CON AGUJEROS DE DRENAJE Y PLATILLOS",,51334,Amazon,27-02-2026,9PULGADAS,PLASTICO,3,1
2783,"PATROCINADO JUNE FOX MACETAS DE PLASTICO PARA PLANTULAS, PAQUETE DE 60 MACETAS CUADRADAS DE 4 PULGADAS, MACETAS PEQUENAS CON AGUJEROS DE DRENAJE PARA PLANTULAS, SUCULENTAS, ESQUEJES (VERDE)",,40678,Amazon,27-02-2026,4PULGADAS,PLASTICO,60,1
2784,"PATROCINADO PAQUETE DE 4 MACETAS GRANDES DE 12 PULGADAS, MACETA DE PLASTICO PARA INTERIORES Y EXTERIORES CON AGUJEROS DE DRENAJE Y PLATILLO, MACETAS CON PATRON A CUADROS, MACETAS DE JARDIN PARA HIERBAS DE",,61973,Amazon,27-02-2026,12PULGADAS,PLASTICO,4,1
2785,"PATROCINADO MACETAS DE 8 PULGADAS PARA INTERIORES Y EXTERIORES, PAQUETE DE 4 MACETAS DE BARRIL DE WHISKY CON AGUJEROS DE DRENAJE Y PLATILLO, MACETAS DE PLASTICO CON DISENO DE BARRIL DE VINO DE IMITACION, MACETAS",,34289,Amazon,27-02-2026,8PULGADAS,PLASTICO,4,1
2786,"PATROCINADO MACETAS GRANDES DE RIEGO AUTOMATICO DE 12 PULGADAS, MACETAS DE PLASTICO CON DEPOSITO PROFUNDO EXTRAIBLE DE 60 ONZAS Y AGUJEROS DE DRENAJE DE MALLA MULTIPLE PARA PLANTAS Y FLORES DE JARDIN DE",,47759,Amazon,27-02-2026,12PULGADAS,PLASTICO,1,0
2787,"KANTE JUEGO DE 2 MACETAS REDONDAS CON TEXTURA EN ESPIRAL DE 15 PULGADAS DE ALTO, MACETAS DECORATIVAS PARA EXTERIORES, INTERIORES, HOGAR, JARDIN, PATIO (NEGRO)",,0,Amazon,27-02-2026,15PULGADAS,DESCONOCIDO,2,1
2788,"KANTE MACETA DE CONCRETO DE 11.8 PULGADAS DE ALTO, MACETA GRANDE PARA INTERIORES Y EXTERIORES CON DRENAJE, ACABADO DE CONCRETO DESGASTADO SUAVE CON INTERIOR PINTADO, IDEAL PARA PORCHE, HOGAR, JARDIN",,97041,Amazon,27-02-2026,11.8PULGADAS,DESCONOCIDO,1,0
2789,"PURE GARDEN - MACETAS PARA EXTERIORES, PAQUETE DE 2 MACETAS DE URNA DE 16 X 18 PULGADAS, MACETAS DE PLASTICO PARA DECORACION DE INTERIORES, EXTERIORES O PORCHE DELANTERO, MACETAS DE FLORES (BLANCO)",,117974,Amazon,27-02-2026,16X18,PLASTICO,2,1
2790,"QUARUT MACETA GRANDE DE 12 PULGADAS PARA PLANTAS DE INTERIOR Y EXTERIOR, PAQUETE DE 4 MACETAS DE PLASTICO CON ORIFICIO DE DRENAJE Y BANDEJA, MACETA DECORATIVA MODERNA PARA JARDIN CON PLATILLO",,60415,Amazon,27-02-2026,12PULGADAS,PLASTICO,4,1
2791,"MYGIFT MACETA DE CERAMICA BRILLANTE NEGRA DE 7 PULGADAS CON AGUJERO DE DRENAJE Y PLATILLO ADJUNTO, MACETA DECORATIVA MODERNA CON ESTAMPADO DE RAYOS DE SOL PARA JARDIN EN EL HOGAR INTERIOR",,42651,Amazon,27-02-2026,7PULGADAS,CERAMICA,1,0
2792,MACETA GARDENGOODZ,,68163,Amazon,27-02-2026,SIN MEDIDAS,DESCONOCIDO,1,0
2793,"KETER JUEGO DE 3 MACETAS CILINDRICAS DE RESINA DE RATAN PARA PLANTAS DE INTERIOR Y EXTERIOR, MACETA DECORATIVA IDEAL PARA PORCHES Y DECORACION DE PATIO, COLOR NEGRO",,175982,Amazon,27-02-2026,SIN MEDIDAS,NATURAL,3,1
2794,"MACETAS VINTAGE PARA PLANTAS DE INTERIOR, MACETAS REDONDAS DE CERAMICA CON AGUJEROS DE DRENAJE Y PLATILLOS, JUEGO DE 3 MACETAS RETRO DE 6.7/5.2/3.9 PULGADAS (GLORIA DE LA MANANA)",,64917,Amazon,27-02-2026,3.9PULGADAS,CERAMICA,3,1
2795,"MACETAS DE CERAMICA CON AGUJEROS DE DRENAJE Y PLATILLOS, MACETAS REDONDAS PARA PLANTAS DE INTERIOR, 3.9/5.2/6.7 PULGADAS, JUEGO DE 3 MACETAS PEQUENAS PARA FLORES",,41457,Amazon,27-02-2026,6.7PULGADAS,CERAMICA,3,1
2796,"MACETAS DE 3 GALONES DE PLASTICO PARA VIVERO, MACETAS REDONDAS DE 10 PULGADAS CON AGUJEROS DE DRENAJE, PAQUETE DE 10 MACETAS PARA PLANTAR PARA PLANTAS DE INTERIOR Y EXTERIOR, REGALOS DE",,66717,Amazon,27-02-2026,10PULGADAS,PLASTICO,10,1
2797,"PAQUETE DE 50 MACETAS DE VIVERO DE 6 PULGADAS, MACETAS DE PLASTICO PARA PLANTAR Y CULTIVAR, MACETAS GRUESAS CON AGUJEROS DE DRENAJE PARA PLANTAS DE EXTERIOR/INTERIOR, SUCULENTAS Y HIERBAS",,42245,Amazon,27-02-2026,6PULGADAS,PLASTICO,50,1
2798,"MACETAS DE CERAMICA SELAMICA, MACETAS DE 4.6 PULGADAS PARA PLANTAS DE INTERIOR, MACETAS SUCULENTAS CON ORIFICIO DE DRENAJE Y PLATILLO, MACETAS PARA SUCULENTAS Y CACTUS, DECORACION PARA EL HOGAR, JUEGO",,46373,Amazon,27-02-2026,4.6PULGADAS,CERAMICA,1,0
2799,"MACETAS DE 10 PULGADAS PARA INTERIORES Y EXTERIORES, PAQUETE DE 4 MACETAS DE BARRIL DE WHISKY CON AGUJEROS DE DRENAJE Y PLATILLO, MACETAS DE PLASTICO CON DISENO DE BARRIL DE VINO DE IMITACION, MACETAS DECORATIVAS DE JARDIN PARA PLANTAS",,41578,Amazon,27-02-2026,10PULGADAS,PLASTICO,4,1
2800,"FAITHLAND MACETA CILINDRICA GRANDE Y MODERNA DE 12 PULGADAS, MACETA DE PLASTICO DE PARED GRUESA CON AGUJEROS DE DRENAJE Y PLATILLO DESMONTABLE, COLOR BLANCO MATE, IDEAL PARA PLANTAS DE INTERIOR Y",,83052,Amazon,27-02-2026,12PULGADAS,PLASTICO,1,0
2801,"JUEGO DE 5 MACETAS DE 6 PULGADAS CON AGUJEROS DE DRENAJE Y PLATILLOS PARA PLANTAS DE INTERIOR, MACETAS DE PLASTICO CON ONDAS DE AGUA PARA PEQUENAS PLANTAS DE JARDIN, MACETAS DE VIVERO PARA",,57126,Amazon,27-02-2026,6PULGADAS,PLASTICO,5,1
2802,FASMOV JUEGO DE 10 MACETAS DURADERAS DE 1 GALON CON 10 PALETAS A JUEGO,,35622,Amazon,27-02-2026,SIN MEDIDAS,DESCONOCIDO,10,1
2803,"MACETAS DE CERAMICA THIRTYPOT - MACETA DE 4 PULGADAS CON AGUJERO DE DRENAJE, MACETAS PEQUENAS PARA PLANTAS DE INTERIOR Y EXTERIOR, MACETA REDONDA UNICA, MACETA DECORATIVA MODERNA, DECORACION DE",,57126,Amazon,27-02-2026,4PULGADAS,CERAMICA,1,0
2804,"T4U MACETA DE RIEGO AUTOMATICO DE 4 PULGADAS, PAQUETE DE 4 MACETAS DE RIEGO AUTOMATICO, MACETA DE RIEGO AUTOMATICO CON DEPOSITO, MACETAS TRANSPARENTES DE RIEGO AUTOMATICO PARA PLANTAS DE INTERIOR,",,56260,Amazon,27-02-2026,4PULGADAS,DESCONOCIDO,4,1
2805,"AVLA JUEGO DE 3 MACETAS DE CERAMICA, MACETEROS CON GOTEO ESMALTADOS PARA JARDINERIA, MACETA DECORATIVA CON ORIFICIO DE DRENAJE Y PLATILLO, CONTENEDOR RUSTICO REDONDO PARA PLANTAS DE CASA COMO",,39051,Amazon,27-02-2026,SIN MEDIDAS,CERAMICA,3,1
2806,"MACETAS PEQUENAS DE PLASTICO DE 4 PULGADAS, PAQUETE DE 16 MACETAS PARA PLANTAS DE INTERIOR Y EXTERIOR, MACETAS CON AGUJEROS DE DRENAJE Y PLATILLOS, MACETAS DECORATIVAS DE SEMILLERO PARA",,56260,Amazon,27-02-2026,4PULGADAS,PLASTICO,16,1
2807,"WOUSIWER MACETAS DE 10/9/8 PULGADAS, JUEGO DE 3 MACETAS MODERNAS DECORATIVAS DE PLASTICO CON AGUJEROS DE DRENAJE Y PLATILLOS PARA PLANTAS DE INTERIOR Y FLORES, NEGRO",,44054,Amazon,27-02-2026,8PULGADAS,PLASTICO,3,1
2808,"MACETAS DE 8 PULGADAS, PAQUETE DE 4 MACETAS DE PLASTICO PARA INTERIORES Y EXTERIORES CON AGUJEROS DE DRENAJE Y PLATILLOS, MACETAS CON TEXTURA DE GOFRE PARA PLANTAS DE INTERIOR, MACETAS DE",,38652,Amazon,27-02-2026,8PULGADAS,PLASTICO,4,1
2809,"SOPORTE AJUSTABLE PARA PLANTAS DE INTERIOR, SOPORTES DE BAMBU MODERNOS DE MEDIADOS DE SIGLO, SOPORTE ESTABLE PARA PLANTAS, APTO PARA MACETAS DE 8, 9, 10, 11, 12 PULGADAS (MACETA Y PLANTA NO",,29165,Amazon,27-02-2026,12PULGADAS,NATURAL,1,0
2810,"CREATIVE CO-OP MACETA DE CARACOL DE GRES, ESMALTE REACTIVO, (CADA UNA VARIARA), JUEGO DE 2 PIEZAS",,58112,Amazon,27-02-2026,SIN MEDIDAS,DESCONOCIDO,1,0
2811,"MACETA DE CERAMICA DE 8 PULGADAS, MACETA DE CERAMICA CON DRENAJE Y PLATILLO, MACETAS DE CERAMICA PARA PLANTAS, MACETAS DE INTERIOR, MACETAS DE CERAMICA (GRIS OSCURO + BLANCO)",,50174,Amazon,27-02-2026,8PULGADAS,CERAMICA,1,0
2812,MACETAS DE BARRIL DE WHISKY CLASSIC HOME & GARDEN - MACETA DE FLORES CON ACABADO DE MADERA - MACETAS DECORATIVAS DE JARDIN - MACETAS DE RESINA PARA INTERIOR Y EXTERIOR - MACETAS RESISTENTES AL CLIMA,,71288,Amazon,27-02-2026,SIN MEDIDAS,NATURAL,1,0
2813,"AC INFINITY - MACETAS DE TELA RESISTENTE DE 3 GALONES PARA CULTIVO DE AIREACION, 5 UNIDADES CON TELA NO TEJIDA GRUESA DE 17.64 OZ (500 G) Y ANILLOS MULTIUSOS PARA ENTRENAMIENTO DE BAJO ESTRES DE",,41639,Amazon,27-02-2026,SIN MEDIDAS,DESCONOCIDO,5,1
2814,"JUNE FOX PAQUETE DE 100 MACETAS CUADRADAS VERDES Y ROJAS CON AGUJEROS DE DRENAJE DE 3.3 PULGADAS, MACETAS DE PLASTICO FLEXIBLE PARA PLANTAS, SUCULENTAS, FLORES, CON ETIQUETAS PARA PLANTAS",,45760,Amazon,27-02-2026,3.3PULGADAS,PLASTICO,100,1
2815,"THE HC COMPANIES ECLIPSE - MACETAS CUADRADAS DE 12 PULGADAS CON AGUJEROS DE DRENAJE Y PLATILLO ADJUNTO, MACETAS DE PLASTICO LIGERAS RESISTENTES A LOS RAYOS UV PARA EXTERIORES, PAQUETE DE 2 MACETAS",,63436,Amazon,27-02-2026,12PULGADAS,PLASTICO,2,1
2816,"MACETAS COLGANTES PARA PLANTAS DE INTERIOR, PAQUETE DE 2 MACETAS DE AUTORIEGO DE 10 PULGADAS CON COLGADOR DE PLANTAS DE MACRAME, PORTACESTAS COLGANTES PARA DECORACION DE JARDIN EXTERIOR",,62320,Amazon,27-02-2026,10PULGADAS,DESCONOCIDO,2,1
2817,"THE HC COMPANIES, CARIBBEAN - MACETA DE PLASTICO Y LIGERA DE 30 PULGADAS PARA INTERIORES Y EXTERIORES, MACETA PARA HIERBAS Y FLORES, GRANITO",,0,Amazon,27-02-2026,30PULGADAS,PLASTICO,1,0
2818,"GARDIFE MACETAS DE 10/9/8/7.5/7 PULGADAS, JUEGO DE 5 MACETAS DE PLASTICO CON AGUJEROS DE DRENAJE Y PLATILLOS, MACETAS DE PLASTICO, MACETA DE PLANTACION DE VIVERO PARA PLANTAS DE INTERIOR Y EXTERIOR",,47577,Amazon,27-02-2026,7PULGADAS,PLASTICO,5,1
2819,"BAMWORLD SOPORTE ALTO PARA PLANTAS DE INTERIOR Y EXTERIOR, SOPORTES DE ESQUINA DE METAL PARA MACETAS DE FLORES PARA MULTIPLES PLANTAS, ESTANTE PARA PLANTAS DE 4 NIVELES DE SERVICIO PESADO PARA PATIO",,46235,Amazon,27-02-2026,SIN MEDIDAS,METAL,1,0
2820,"KETER - MACETA COLGANTE, COLOR MARRON (221486), GRAPHITE",,93111,Amazon,27-02-2026,SIN MEDIDAS,DESCONOCIDO,1,0
2821,"MACETAS DE AUTORIEGO VERDES PAQUETE DE 10, MACETAS PARA PLANTAS DE INTERIOR Y EXTERIOR CON CUERDA DE MECHA Y ORIFICIOS DE DRENAJE, BORDE DE RIEGO FACIL, MACETA DE PLASTICO LIVIANA DE AUTORIEGO PARA",,57628,Amazon,27-02-2026,SIN MEDIDAS,PLASTICO,1,0
2822,"MACETA CON CARA/MACETA DE FLORES PARA PLANTAS DE INTERIOR Y EXTERIOR, RESINA, MACETA PARA SUCULENTAS CON AGUJERO DE DRENAJE, LINDA MACETA DE DAMA CON CARA",,30160,Amazon,27-02-2026,SIN MEDIDAS,DESCONOCIDO,1,0
2823,"JUEGO DE 2 MACETAS DE CERAMICA PARA PLANTAS DE INTERIOR, MACETAS VINTAGE DE FLORES DE 4.7+5.7 PULGADAS SIN AGUJERO DE DRENAJE, JUEGO DE MACETAS MARRONES RUSTICAS, MACETAS DECORATIVAS PARA PLANTAS DE",,64475,Amazon,27-02-2026,5.7PULGADAS,CERAMICA,2,1
2824,"BUYMAX - JUEGO DE 4 MACETEROS DE CERAMICA DE 5 PULGADAS CON ORIFICIOS DE DRENAJE Y BANDEJA DE CERAMICA, REGALO PARA JARDINERIA, DECORACION DE ESCRITORIO, OFICINA, ALFEIZAR Y EL HOGAR, NO INCLUYE PLANTAS",,48841,Amazon,27-02-2026,5PULGADAS,CERAMICA,4,1
2825,"PLANTA DE PLASTICO DE 8 PULGADAS, PAQUETE DE 4 CON AGUJEROS DE DRENAJE Y PLATILLOS, MACETAS DECORATIVAS DE ONDAS DE AGUA PARA PLANTAS DE INTERIOR Y EXTERIOR, PATIO, JARDIN, DECORACION DEL",,37787,Amazon,27-02-2026,8PULGADAS,PLASTICO,1,0
2826,"D'VINE DEV MACETA BLANCA DE 8 PULGADAS CON SOPORTE, MODERNA MACETA CILINDRICA DE PLASTICO CON SOPORTE DE METAL RESISTENTE PARA PLANTAS DE INTERIOR, 55-D-A-1",,76170,Amazon,27-02-2026,8PULGADAS,PLASTICO,1,0
2827,"MACETAS DE CABEZA PARA PLANTAS DE INTERIOR, MACETA DE CARA CON AGUJERO DE DRENAJE, MACETA DE CARA UNICA PARA PLANTAS SUCULENTAS CON OJOS CERRADOS - NINA PENSANDO RUSTICA",,57991,Amazon,27-02-2026,SIN MEDIDAS,DESCONOCIDO,1,0
2828,"PAQUETE DE 4 MACETAS DE 10 PULGADAS, MACETAS CON PATRON RETRO CON AGUJEROS DE DRENAJE Y PLATILLO, MACETAS DE JARDIN DE PLASTICO RESISTENTES PARA PLANTAS DE INTERIOR Y EXTERIOR",,43128,Amazon,27-02-2026,10PULGADAS,PLASTICO,4,1
2829,"MACETAS DE 10/9/8/7.5/7 PULGADAS, JUEGO DE 5, MACETAS CON MULTIPLES AGUJEROS DE DRENAJE DE MALLA, MACETAS GRANDES PARA PLANTAS Y FLORES DE JARDIN DE INTERIOR Y EXTERIOR (NEGRO)",,44833,Amazon,27-02-2026,7PULGADAS,DESCONOCIDO,1,0
